================================================================================
RLlib SAC w/ Ground-Truth State (no camera/lidar detection)
================================================================================
2026-04-24 14:11:10,938	INFO worker.py:2013 -- Started a local Ray instance.
/home/supawich/Desktop/carla_sac_ros2_training/venv/lib/python3.12/site-packages/ray/_private/worker.py:2052: FutureWarning: Tip: In future versions of Ray, Ray will no longer override accelerator visible devices env var if num_gpus=0 or num_gpus=None (default). To enable this behavior and turn off this error message, set RAY_ACCEL_ENV_VAR_OVERRIDE_ON_ZERO=0
  warnings.warn(
/home/supawich/Desktop/carla_sac_ros2_training/venv/lib/python3.12/site-packages/mlflow/tracking/_tracking_service/utils.py:184: FutureWarning: The filesystem tracking backend (e.g., './mlruns') is deprecated as of February 2026. Consider transitioning to a database backend (e.g., 'sqlite:///mlflow.db') to take advantage of the latest MLflow features. See https://mlflow.org/docs/latest/self-hosting/migrate-from-file-store for migration guidance.
  return FileStore(store_uri, store_uri)
✅ MLflow Tracker initialized
   Experiment: carla_rllib_gt_state
   Tracking URI: ./mlruns
🚀 MLflow run started: sac_gt
2026-04-24 14:11:11,520	WARNING train_rllib_gt.py:210 -- DeprecationWarning: `build` has been deprecated. Use `AlgorithmConfig.build_algo` instead. This will raise an error in the future!
/home/supawich/Desktop/carla_sac_ros2_training/venv/lib/python3.12/site-packages/ray/rllib/algorithms/algorithm.py:527: RayDeprecationWarning: This API is deprecated and may be removed in future Ray releases. You could suppress this warning by setting env variable PYTHONWARNINGS="ignore::DeprecationWarning"
`UnifiedLogger` will be removed in Ray 2.7.
  return UnifiedLogger(config, logdir, loggers=None)
/home/supawich/Desktop/carla_sac_ros2_training/venv/lib/python3.12/site-packages/ray/tune/logger/unified.py:53: RayDeprecationWarning: This API is deprecated and may be removed in future Ray releases. You could suppress this warning by setting env variable PYTHONWARNINGS="ignore::DeprecationWarning"
The `JsonLogger interface is deprecated in favor of the `ray.tune.json.JsonLoggerCallback` interface and will be removed in Ray 2.7.
  self._loggers.append(cls(self.config, self.logdir, self.trial))
/home/supawich/Desktop/carla_sac_ros2_training/venv/lib/python3.12/site-packages/ray/tune/logger/unified.py:53: RayDeprecationWarning: This API is deprecated and may be removed in future Ray releases. You could suppress this warning by setting env variable PYTHONWARNINGS="ignore::DeprecationWarning"
The `CSVLogger interface is deprecated in favor of the `ray.tune.csv.CSVLoggerCallback` interface and will be removed in Ray 2.7.
  self._loggers.append(cls(self.config, self.logdir, self.trial))
/home/supawich/Desktop/carla_sac_ros2_training/venv/lib/python3.12/site-packages/ray/tune/logger/unified.py:53: RayDeprecationWarning: This API is deprecated and may be removed in future Ray releases. You could suppress this warning by setting env variable PYTHONWARNINGS="ignore::DeprecationWarning"
The `TBXLogger interface is deprecated in favor of the `ray.tune.tensorboardx.TBXLoggerCallback` interface and will be removed in Ray 2.7.
  self._loggers.append(cls(self.config, self.logdir, self.trial))
[2026-04-24 14:11:11,583 E 54804 54804] core_worker.cc:2232: Actor with class name: 'RolloutWorker' and ID: 'd083c744eec9a5a0235ea61501000000' has constructor arguments in the object store and max_restarts > 0. If the arguments in the object store go out of scope or are lost, the actor restart will fail. See https://github.com/ray-project/ray/issues/53727 for more details.
[36m(RolloutWorker pid=55171)[0m /home/supawich/Desktop/carla_sac_ros2_training/venv/lib/python3.12/site-packages/gymnasium/spaces/box.py:231: UserWarning: [33mWARN: Box low's precision lowered by casting to float32, current low.dtype=float64[0m
[36m(RolloutWorker pid=55171)[0m   gym.logger.warn(
[36m(RolloutWorker pid=55171)[0m /home/supawich/Desktop/carla_sac_ros2_training/venv/lib/python3.12/site-packages/gymnasium/spaces/box.py:297: UserWarning: [33mWARN: Box high's precision lowered by casting to float32, current high.dtype=float64[0m
[36m(RolloutWorker pid=55171)[0m   gym.logger.warn(
[36m(RolloutWorker pid=55171)[0m Connected to CARLA server at localhost:2000
[36m(RolloutWorker pid=55171)[0m Loaded map: Town10HD_Opt
[36m(RolloutWorker pid=55171)[0m [EpisodeRecorder] init enable=True (requested=True, imageio_loaded=True) output_dir=artifacts/episodes every_n=5 fps=20
[36m(RolloutWorker pid=55171)[0m [CurriculumEnvWrapper] stage -1 -> spawns=[0]
[36m(RolloutWorker pid=55171)[0m [CarlaEnv] Spawned ego id=47 at sp_idx=0 (-64.6,24.5) (attempt 1)
[36m(RolloutWorker pid=55171)[0m [EpisodeRecorder] recording episode 0 -> artifacts/episodes/ep_00000.mp4
/home/supawich/Desktop/carla_sac_ros2_training/venv/lib/python3.12/site-packages/gymnasium/spaces/box.py:231: UserWarning: [33mWARN: Box low's precision lowered by casting to float32, current low.dtype=float64[0m
  gym.logger.warn(
/home/supawich/Desktop/carla_sac_ros2_training/venv/lib/python3.12/site-packages/gymnasium/spaces/box.py:297: UserWarning: [33mWARN: Box high's precision lowered by casting to float32, current high.dtype=float64[0m
  gym.logger.warn(
Connected to CARLA server at localhost:2000
Loaded map: Town10HD_Opt
[EpisodeRecorder] init enable=True (requested=True, imageio_loaded=True) output_dir=artifacts/episodes every_n=5 fps=20
[CurriculumEnvWrapper] stage -1 -> spawns=[0]
[CarlaEnv] Spawned ego id=73 at sp_idx=0 (-64.6,24.5) (attempt 1)
[EpisodeRecorder] recording episode 0 -> artifacts/episodes/ep_00000.mp4
2026-04-24 14:11:28,017	INFO trainable.py:161 -- Trainable.setup took 16.489 seconds. If your trainable is slow to initialize, consider setting reuse_actors=True to reduce actor creation overheads.
2026-04-24 14:11:28,018	WARNING util.py:62 -- Install gputil for GPU system monitoring.
[Curriculum] start at stage 0 (stage0_single_spawn) spawns=[0]
[36m(RolloutWorker pid=55171)[0m ERROR: failed to destroy actor 47 : unable to destroy actor: not found 
[36m(RolloutWorker pid=55171)[0m [EpisodeRecorder] finalize: path missing or not created (artifacts/episodes/ep_00000.mp4)
[36m(RolloutWorker pid=55171)[0m [CurriculumEnvWrapper] stage 0 -> spawns=[0]
[36m(RolloutWorker pid=55171)[0m [CarlaEnv] Spawned ego id=76 at sp_idx=11 (-110.2,-9.8) (attempt 2)
[36m(RolloutWorker pid=55171)[0m IMAGEIO FFMPEG_WRITER WARNING: input image is not divisible by macro_block_size=16, resizing from (1000, 360) to (1008, 368) to ensure video compatibility with most codecs and players. To prevent resizing, make your input image divisible by the macro_block_size or set the macro_block_size to 1 (risking incompatibility).
[36m(RolloutWorker pid=55171)[0m [EpisodeRecorder] recording episode 0 -> artifacts/episodes/ep_00000.mp4
[36m(RolloutWorker pid=55171)[0m [EpisodeRecorder] STEP_ENTER#1 self.enable=True recording=True writer=yes episode_idx=0 obs_type=dict keys=['vector', 'bev']
[36m(RolloutWorker pid=55171)[0m [EpisodeRecorder] STEP_ENTER#2 self.enable=True recording=True writer=yes episode_idx=0 obs_type=dict keys=['vector', 'bev']
[36m(RolloutWorker pid=55171)[0m [EpisodeRecorder] STEP_ENTER#3 self.enable=True recording=True writer=yes episode_idx=0 obs_type=dict keys=['vector', 'bev']
iter=  1 R=+nan len=nan eps=0 steps=100
iter=  2 R=+nan len=nan eps=0 steps=200
iter=  3 R=+nan len=nan eps=0 steps=300
iter=  4 R=+nan len=nan eps=0 steps=400
iter=  5 R=+nan len=nan eps=0 steps=500
iter=  6 R=+nan len=nan eps=0 steps=600
iter=  7 R=+nan len=nan eps=0 steps=700
iter=  8 R=+nan len=nan eps=0 steps=800
iter=  9 R=+nan len=nan eps=0 steps=900
[36m(RolloutWorker pid=55171)[0m [EpisodeRecorder] episode end (terminated=False truncated=True) frames_written=1000
[36m(RolloutWorker pid=55171)[0m /home/supawich/Desktop/carla_sac_ros2_training/venv/lib/python3.12/site-packages/mlflow/tracking/_tracking_service/utils.py:184: FutureWarning: The filesystem tracking backend (e.g., './mlruns') is deprecated as of February 2026. Consider transitioning to a database backend (e.g., 'sqlite:///mlflow.db') to take advantage of the latest MLflow features. See https://mlflow.org/docs/latest/self-hosting/migrate-from-file-store for migration guidance.
[36m(RolloutWorker pid=55171)[0m   return FileStore(store_uri, store_uri)
[36m(RolloutWorker pid=55171)[0m [EpisodeRecorder] finalized artifacts/episodes/ep_00000.mp4 (11502121 bytes, 1000 frames)
[36m(RolloutWorker pid=55171)[0m [CarlaEnv] Spawned ego id=79 at sp_idx=49 (15.1,16.7) (attempt 2)
iter= 10 R=-1718.3 len=1000 eps=1 steps=1000
  checkpoint saved: TrainingResult(checkpoint=Checkpoint(filesystem=local, path=./checkpoints/gt), metrics={'custom_metrics': {}, 'episode_media': {}, 'info': {'learner': {}, 'num_env_steps_sampled': 1000, 'num_env_steps_trained': 0, 'num_agent_steps_sampled': 1000, 'num_agent_steps_trained': 0}, 'env_runners': {'episode_reward_max': np.float64(-1718.3458937847283), 'episode_reward_min': np.float64(-1718.3458937847283), 'episode_reward_mean': np.float64(-1718.3458937847283), 'episode_len_mean': np.float64(1000.0), 'episode_media': {}, 'episodes_timesteps_total': 1000, 'policy_reward_min': {'default_policy': np.float64(-1718.3458937847283)}, 'policy_reward_max': {'default_policy': np.float64(-1718.3458937847283)}, 'policy_reward_mean': {'default_policy': np.float64(-1718.3458937847283)}, 'custom_metrics': {}, 'hist_stats': {'episode_reward': [np.float64(-1718.3458937847283)], 'episode_lengths': [1000], 'policy_default_policy_reward': [np.float64(-1718.3458937847283)]}, 'sampler_perf': {'mean_raw_obs_processing_ms': np.float64(0.9047091900409161), 'mean_inference_ms': np.float64(3.6588891760095374), 'mean_action_processing_ms': np.float64(0.13534172431572333), 'mean_env_wait_ms': np.float64(20.068964877209584), 'mean_env_render_ms': np.float64(0.0)}, 'num_faulty_episodes': 0, 'connector_metrics': {'ObsPreprocessorConnector_ms': np.float64(0.05848407745361328), 'StateBufferConnector_ms': np.float64(0.0057220458984375), 'ViewRequirementAgentConnector_ms': np.float64(0.15969276428222656)}, 'num_episodes': 1, 'episode_return_max': np.float64(-1718.3458937847283), 'episode_return_min': np.float64(-1718.3458937847283), 'episode_return_mean': np.float64(-1718.3458937847283), 'episodes_this_iter': 1}, 'num_healthy_workers': 1, 'actor_manager_num_outstanding_async_reqs': 0, 'num_remote_worker_restarts': 0, 'num_agent_steps_sampled': 1000, 'num_agent_steps_trained': 0, 'num_env_steps_sampled': 1000, 'num_env_steps_trained': 0, 'num_env_steps_sampled_this_iter': 100, 'num_env_steps_trained_this_iter': 0, 'num_env_steps_sampled_throughput_per_sec': 33.7955129676651, 'num_env_steps_trained_throughput_per_sec': 0.0, 'timesteps_total': 1000, 'num_env_steps_sampled_lifetime': 1000, 'num_agent_steps_sampled_lifetime': 1000, 'num_steps_trained_this_iter': 0, 'agent_timesteps_total': 1000, 'timers': {'training_iteration_time_ms': 2827.645, 'restore_workers_time_ms': 0.007, 'training_step_time_ms': 51.547, 'sample_time_ms': 51.274}, 'counters': {'num_env_steps_sampled': 1000, 'num_env_steps_trained': 0, 'num_agent_steps_sampled': 1000, 'num_agent_steps_trained': 0}, 'done': False, 'training_iteration': 10, 'trial_id': 'default', 'date': '2026-04-24_14-11-56', 'timestamp': 1777014716, 'time_this_iter_s': 2.960575580596924, 'time_total_s': 28.291529893875122, 'pid': 54804, 'hostname': 'supawich-B760M-Pro-RS-D4', 'node_ip': '192.168.110.31', 'config': {'exploration_config': {'type': 'StochasticSampling'}, 'extra_python_environs_for_driver': {}, 'extra_python_environs_for_worker': {}, 'placement_strategy': 'PACK', 'num_gpus': 1, '_fake_gpus': False, 'num_cpus_for_main_process': 1, 'eager_tracing': True, 'eager_max_retraces': 20, 'tf_session_args': {'intra_op_parallelism_threads': 2, 'inter_op_parallelism_threads': 2, 'gpu_options': {'allow_growth': True}, 'log_device_placement': False, 'device_count': {'CPU': 1}, 'allow_soft_placement': True}, 'local_tf_session_args': {'intra_op_parallelism_threads': 8, 'inter_op_parallelism_threads': 8}, 'torch_compile_learner': False, 'torch_compile_learner_what_to_compile': <TorchCompileWhatToCompile.FORWARD_TRAIN: 'forward_train'>, 'torch_compile_learner_dynamo_backend': 'inductor', 'torch_compile_learner_dynamo_mode': None, 'torch_compile_worker': False, 'torch_compile_worker_dynamo_backend': 'onnxrt', 'torch_compile_worker_dynamo_mode': None, 'torch_ddp_kwargs': {}, 'torch_skip_nan_gradients': False, 'env': 'carla_gt_env', 'env_config': {'host': 'localhost', 'port': 2000}, 'observation_space': None, 'action_space': None, 'clip_rewards': None, 'normalize_actions': True, 'clip_actions': False, '_is_atari': None, 'disable_env_checking': False, 'render_env': False, 'action_mask_key': 'action_mask', 'env_runner_cls': None, 'num_env_runners': 1, 'create_local_env_runner': True, 'num_envs_per_env_runner': 1, 'gym_env_vectorize_mode': 'sync', 'num_cpus_per_env_runner': 1, 'num_gpus_per_env_runner': 0, 'custom_resources_per_env_runner': {}, 'validate_env_runners_after_construction': True, 'episodes_to_numpy': True, 'max_requests_in_flight_per_env_runner': 1, 'sample_timeout_s': 60.0, '_env_to_module_connector': None, 'add_default_connectors_to_env_to_module_pipeline': True, '_module_to_env_connector': None, 'add_default_connectors_to_module_to_env_pipeline': True, 'merge_env_runner_states': 'training_only', 'broadcast_env_runner_states': True, 'episode_lookback_horizon': 1, 'rollout_fragment_length': 'auto', 'batch_mode': 'truncate_episodes', 'compress_observations': False, 'remote_worker_envs': False, 'remote_env_batch_wait_ms': 0, 'enable_tf1_exec_eagerly': False, 'sample_collector': <class 'ray.rllib.evaluation.collectors.simple_list_collector.SimpleListCollector'>, 'preprocessor_pref': 'deepmind', 'observation_filter': 'NoFilter', 'update_worker_filter_stats': True, 'use_worker_filter_stats': True, 'sampler_perf_stats_ema_coef': None, '_is_online': True, 'num_learners': 0, 'num_gpus_per_learner': 0, 'num_cpus_per_learner': 'auto', 'num_aggregator_actors_per_learner': 0, 'max_requests_in_flight_per_aggregator_actor': 3, 'local_gpu_idx': 0, 'max_requests_in_flight_per_learner': 3, 'gamma': 0.99, 'lr': None, 'grad_clip': None, 'grad_clip_by': 'global_norm', '_train_batch_size_per_learner': 256, 'train_batch_size': 256, 'num_epochs': 1, 'minibatch_size': None, 'shuffle_batch_per_epoch': False, 'model': {'fcnet_hiddens': [256, 256], 'fcnet_activation': 'tanh', 'fcnet_weights_initializer': None, 'fcnet_weights_initializer_config': None, 'fcnet_bias_initializer': None, 'fcnet_bias_initializer_config': None, 'conv_filters': None, 'conv_activation': 'relu', 'conv_kernel_initializer': None, 'conv_kernel_initializer_config': None, 'conv_bias_initializer': None, 'conv_bias_initializer_config': None, 'conv_transpose_kernel_initializer': None, 'conv_transpose_kernel_initializer_config': None, 'conv_transpose_bias_initializer': None, 'conv_transpose_bias_initializer_config': None, 'post_fcnet_hiddens': [], 'post_fcnet_activation': 'relu', 'post_fcnet_weights_initializer': None, 'post_fcnet_weights_initializer_config': None, 'post_fcnet_bias_initializer': None, 'post_fcnet_bias_initializer_config': None, 'free_log_std': False, 'log_std_clip_param': 20.0, 'no_final_linear': False, 'vf_share_layers': True, 'use_lstm': False, 'max_seq_len': 20, 'lstm_cell_size': 256, 'lstm_use_prev_action': False, 'lstm_use_prev_reward': False, 'lstm_weights_initializer': None, 'lstm_weights_initializer_config': None, 'lstm_bias_initializer': None, 'lstm_bias_initializer_config': None, '_time_major': False, 'use_attention': False, 'attention_num_transformer_units': 1, 'attention_dim': 64, 'attention_num_heads': 1, 'attention_head_dim': 32, 'attention_memory_inference': 50, 'attention_memory_training': 50, 'attention_position_wise_mlp_dim': 32, 'attention_init_gru_gate_bias': 2.0, 'attention_use_n_prev_actions': 0, 'attention_use_n_prev_rewards': 0, 'framestack': True, 'dim': 84, 'grayscale': False, 'zero_mean': True, 'custom_model': None, 'custom_model_config': {}, 'custom_action_dist': None, 'custom_preprocessor': None, 'encoder_latent_dim': None, 'always_check_shapes': False, 'lstm_use_prev_action_reward': -1, '_use_default_native_models': -1, '_disable_preprocessor_api': False, '_disable_action_flattening': False}, '_learner_connector': None, 'add_default_connectors_to_learner_pipeline': True, 'learner_config_dict': {}, 'optimizer': {}, '_learner_class': None, 'callbacks_on_algorithm_init': None, 'callbacks_on_env_runners_recreated': None, 'callbacks_on_offline_eval_runners_recreated': None, 'callbacks_on_checkpoint_loaded': None, 'callbacks_on_environment_created': None, 'callbacks_on_episode_created': None, 'callbacks_on_episode_start': None, 'callbacks_on_episode_step': None, 'callbacks_on_episode_end': None, 'callbacks_on_evaluate_start': None, 'callbacks_on_evaluate_end': None, 'callbacks_on_evaluate_offline_start': None, 'callbacks_on_evaluate_offline_end': None, 'callbacks_on_sample_end': None, 'callbacks_on_train_result': None, 'explore': True, 'enable_rl_module_and_learner': False, 'enable_env_runner_and_connector_v2': False, '_prior_exploration_config': None, 'count_steps_by': 'env_steps', 'policy_map_capacity': 100, 'policy_mapping_fn': <function AlgorithmConfig.DEFAULT_POLICY_MAPPING_FN at 0x7c3f0e248cc0>, 'policies_to_train': None, 'policy_states_are_swappable': False, 'observation_fn': None, 'offline_data_class': None, 'input_read_method': 'read_parquet', 'input_read_method_kwargs': {}, 'input_read_schema': {}, 'input_read_episodes': False, 'input_read_sample_batches': False, 'input_read_batch_size': None, 'input_filesystem': None, 'input_filesystem_kwargs': {}, 'input_compress_columns': ['obs', 'new_obs'], 'input_spaces_jsonable': True, 'materialize_data': False, 'materialize_mapped_data': True, 'map_batches_kwargs': {}, 'iter_batches_kwargs': {}, 'ignore_final_observation': False, 'prelearner_class': None, 'prelearner_buffer_class': None, 'prelearner_buffer_kwargs': {}, 'prelearner_module_synch_period': 10, 'prelearner_use_recorded_module_states': False, 'dataset_num_iters_per_learner': None, 'input_config': {}, 'actions_in_input_normalized': False, 'postprocess_inputs': False, 'shuffle_buffer_size': 0, 'output': None, 'output_config': {}, 'output_compress_columns': ['obs', 'new_obs'], 'output_max_file_size': 67108864, 'output_max_rows_per_file': None, 'output_write_remaining_data': False, 'output_write_method': 'write_parquet', 'output_write_method_kwargs': {}, 'output_filesystem': None, 'output_filesystem_kwargs': {}, 'output_write_episodes': True, 'offline_sampling': False, 'evaluation_interval': None, 'evaluation_duration': 10, 'evaluation_duration_unit': 'episodes', 'evaluation_sample_timeout_s': 120.0, 'evaluation_auto_duration_min_env_steps_per_sample': 100, 'evaluation_auto_duration_max_env_steps_per_sample': 2000, 'evaluation_parallel_to_training': False, 'evaluation_force_reset_envs_before_iteration': True, 'evaluation_config': None, 'off_policy_estimation_methods': {}, 'ope_split_batch_by_episode': True, 'evaluation_num_env_runners': 0, 'in_evaluation': False, 'sync_filters_on_rollout_workers_timeout_s': 10.0, 'offline_evaluation_interval': None, 'num_offline_eval_runners': 0, 'offline_evaluation_type': 'eval_loss', 'offline_eval_runner_class': None, 'offline_loss_for_module_fn': None, 'offline_evaluation_duration': 1, 'offline_evaluation_parallel_to_training': False, 'offline_evaluation_timeout_s': 120.0, 'num_cpus_per_offline_eval_runner': 1, 'num_gpus_per_offline_eval_runner': 0, 'custom_resources_per_offline_eval_runner': {}, 'restart_failed_offline_eval_runners': True, 'ignore_offline_eval_runner_failures': False, 'max_num_offline_eval_runner_restarts': 1000, 'offline_eval_runner_restore_timeout_s': 1800.0, 'max_requests_in_flight_per_offline_eval_runner': 1, 'validate_offline_eval_runners_after_construction': True, 'offline_eval_runner_health_probe_timeout_s': 30.0, 'offline_eval_rl_module_inference_only': False, 'broadcast_offline_eval_runner_states': False, 'offline_eval_batch_size_per_runner': 256, 'dataset_num_iters_per_eval_runner': 1, 'keep_per_episode_custom_metrics': False, 'metrics_episode_collection_timeout_s': 60.0, 'metrics_num_episodes_for_smoothing': 100, 'min_time_s_per_iteration': 1, 'min_train_timesteps_per_iteration': 0, 'min_sample_timesteps_per_iteration': 100, 'log_gradients': False, 'stats_cls_lookup': {'mean': <class 'ray.rllib.utils.metrics.stats.mean.MeanStats'>, 'ema': <class 'ray.rllib.utils.metrics.stats.ema.EmaStats'>, 'min': <class 'ray.rllib.utils.metrics.stats.min.MinStats'>, 'max': <class 'ray.rllib.utils.metrics.stats.max.MaxStats'>, 'sum': <class 'ray.rllib.utils.metrics.stats.sum.SumStats'>, 'lifetime_sum': <class 'ray.rllib.utils.metrics.stats.lifetime_sum.LifetimeSumStats'>, 'percentiles': <class 'ray.rllib.utils.metrics.stats.percentiles.PercentilesStats'>, 'item': <class 'ray.rllib.utils.metrics.stats.item.ItemStats'>, 'item_series': <class 'ray.rllib.utils.metrics.stats.item_series.ItemSeriesStats'>}, 'export_native_model_files': False, 'checkpoint_trainable_policies_only': False, 'logger_creator': None, 'logger_config': None, 'log_level': 'WARN', 'log_sys_usage': True, 'fake_sampler': False, 'seed': 42, 'restart_failed_env_runners': True, 'ignore_env_runner_failures': True, 'max_num_env_runner_restarts': 1000, 'delay_between_env_runner_restarts_s': 60.0, 'restart_failed_sub_environments': False, 'num_consecutive_env_runner_failures_tolerance': 100, 'env_runner_health_probe_timeout_s': 30.0, 'env_runner_restore_timeout_s': 1800.0, '_model_config': {}, '_rl_module_spec': None, 'algorithm_config_overrides_per_module': {}, '_per_module_overrides': {}, '_validate_config': True, '_use_msgpack_checkpoints': False, '_torch_grad_scaler_class': None, '_torch_lr_scheduler_classes': None, '_tf_policy_handles_more_than_one_loss': False, '_disable_preprocessor_api': False, '_disable_action_flattening': False, '_disable_initialize_loss_from_dummy_batch': False, '_dont_auto_sync_env_runner_states': False, 'env_task_fn': -1, 'enable_connectors': -1, 'simple_optimizer': False, 'policy_map_cache': -1, 'worker_cls': -1, 'synchronize_filters': -1, 'enable_async_evaluation': -1, 'custom_async_evaluation_function': -1, '_enable_rl_module_api': -1, 'auto_wrap_old_gym_envs': -1, 'always_attach_evaluation_results': -1, 'replay_sequence_length': None, '_disable_execution_plan_api': -1, 'twin_q': True, 'q_model_config': {'fcnet_hiddens': [256, 256], 'fcnet_activation': 'relu', 'post_fcnet_hiddens': [], 'post_fcnet_activation': None, 'custom_model': None, 'custom_model_config': {}}, 'policy_model_config': {'fcnet_hiddens': [256, 256], 'fcnet_activation': 'relu', 'post_fcnet_hiddens': [], 'post_fcnet_activation': None, 'custom_model': None, 'custom_model_config': {}}, 'tau': 0.005, 'initial_alpha': 1.0, 'target_entropy': 'auto', 'n_step': 1, 'replay_buffer_config': {'type': 'MultiAgentReplayBuffer', 'capacity': 25000}, 'store_buffer_in_checkpoints': False, 'training_intensity': None, 'optimization': {'actor_learning_rate': 0.0003, 'critic_learning_rate': 0.0003, 'entropy_learning_rate': 0.0003}, 'actor_lr': 0.0003, 'critic_lr': 0.0003, 'alpha_lr': 0.0003, 'target_network_update_freq': 0, 'num_steps_sampled_before_learning_starts': 1500, '_deterministic_loss': False, '_use_beta_distribution': False, 'use_state_preprocessor': -1, 'worker_side_prioritization': -1, 'class': <class 'ray.rllib.algorithms.sac.sac.SACConfig'>, 'input': 'sampler', 'policies': {'default_policy': (None, None, None, None)}, 'callbacks': <class 'ray.rllib.callbacks.callbacks.RLlibCallback'>, 'create_env_on_driver': False, 'custom_eval_function': None, 'framework': 'torch'}, 'time_since_restore': 28.291529893875122, 'iterations_since_restore': 10, 'perf': {'cpu_util_percent': np.float64(33.275), 'ram_util_percent': np.float64(64.8)}})
iter= 11 R=-1718.3 len=1000 eps=0 steps=1100
iter= 12 R=-1718.3 len=1000 eps=0 steps=1200
iter= 13 R=-1718.3 len=1000 eps=0 steps=1300
iter= 14 R=-1718.3 len=1000 eps=0 steps=1400
iter= 15 R=-1718.3 len=1000 eps=0 steps=1500
2026-04-24 14:12:08,275	WARNING train_ops.py:114 -- DeprecationWarning: `ray.rllib.execution.train_ops.multi_gpu_train_one_step` has been deprecated. This will raise an error in the future!
iter= 16 R=-1718.3 len=1000 eps=0 steps=1600
iter= 17 R=-1718.3 len=1000 eps=0 steps=1700
iter= 18 R=-1718.3 len=1000 eps=0 steps=1800
iter= 19 R=-1718.3 len=1000 eps=0 steps=1900
[36m(RolloutWorker pid=55171)[0m [EpisodeRecorder] episode end (terminated=False truncated=True) frames_written=0
[36m(RolloutWorker pid=55171)[0m [CarlaEnv] Spawned ego id=81 at sp_idx=104 (-41.8,-6.6) (attempt 2)
iter= 20 R=-1750.5 len=1000 eps=1 steps=2000
  checkpoint saved: TrainingResult(checkpoint=Checkpoint(filesystem=local, path=./checkpoints/gt), metrics={'custom_metrics': {}, 'episode_media': {}, 'info': {'learner': {'default_policy': {'custom_metrics': {}, 'learner_stats': {'actor_loss': np.float64(-1.7428367137908936), 'critic_loss': np.float64(0.01894194260239601), 'alpha_loss': np.float64(-0.7553931474685669), 'alpha_value': np.float32(0.86054385), 'log_alpha_value': np.float32(-0.15019071), 'target_entropy': np.float32(-3.0), 'policy_t': np.float64(-0.006079028360545635), 'mean_q': np.float64(-0.004462769255042076), 'max_q': np.float64(1.0699130296707153), 'min_q': np.float64(-0.13060881197452545)}, 'model': {}, 'num_grad_updates_lifetime': np.float64(500.0), 'diff_num_grad_updates_vs_sampler_policy': np.float64(499.0), 'td_error': array([0.02737006, 0.09529395, 0.01716569, 0.09677905, 0.01477851,
       0.01812105, 0.10292757, 0.24860007, 0.05041602, 1.0397377 ,
       0.3066181 , 0.12717035, 0.12067606, 0.19956873, 0.12378559,
       0.15810592, 0.03781491, 0.07409785, 0.13325605, 0.06925712,
       0.12721142, 0.05103849, 0.0232091 , 0.0513918 , 0.05997204,
       0.00937358, 0.01801829, 0.2819918 , 0.24257691, 0.2593506 ,
       0.19003399, 0.1329794 , 0.09385864, 0.0259317 , 0.05677916,
       0.16666605, 0.16109666, 0.26220003, 0.34309936, 0.08021112,
       0.06197906, 0.0205412 , 0.17106907, 0.34019646, 0.18365875,
       0.1654598 , 0.19917825, 0.11301213, 0.24175812, 0.21584108,
       0.2443267 , 0.10651807, 0.14229456, 0.2406995 , 0.16576196,
       0.15273483, 0.32111835, 0.3214187 , 0.034576  , 0.09408431,
       0.03437471, 0.03154822, 0.23651771, 0.06216709, 0.11009359,
       0.00516132, 0.09163979, 0.19316694, 0.09418327, 0.09483202,
       0.0523755 , 0.02238913, 0.12393168, 0.08407468, 0.04158201,
       0.18319005, 0.16101709, 0.17215414, 0.0141474 , 0.43755424,
       0.00232433, 0.14911781, 0.07106461, 0.16502327, 0.35691977,
       0.27036148, 0.09575313, 0.03630906, 0.13439867, 0.0249011 ,
       0.06640656, 0.03576664, 0.2678182 , 0.01679744, 0.04538682,
       0.00724695, 0.05512868, 0.21549621, 0.22889677, 0.30764335,
       0.04012931, 0.11466567, 0.37690187, 0.04050515, 0.0517191 ,
       0.06426035, 0.06548322, 0.14832133, 0.18506275, 0.01522443,
       0.31222567, 0.04098158, 0.10139845, 0.38212544, 0.13432229,
       0.25022084, 0.00245912, 0.1832905 , 0.02684324, 0.00672172,
       0.00496962, 0.019683  , 0.10967508, 0.11597174, 0.03820001,
       0.16369013, 0.23367006, 0.16013955, 0.28788507, 0.15240228,
       0.05111603, 0.15738508, 0.11570545, 0.18255293, 0.0097375 ,
       0.27322626, 0.07185775, 0.2100699 , 0.05383325, 0.14901558,
       0.06472626, 0.18840553, 0.07401249, 0.0164545 , 0.06110326,
       0.17789608, 0.03890257, 0.12971416, 0.15194125, 0.01556906,
       0.01717297, 0.17850922, 0.08320206, 0.07125428, 0.16772686,
       0.25355157, 0.13603157, 0.03055709, 0.18583736, 0.05149834,
       0.06298174, 0.10890392, 0.11429642, 0.06926081, 0.2322126 ,
       0.6604247 , 0.11060559, 0.09796157, 0.03004307, 0.18634942,
       0.17377385, 0.18310598, 0.02310814, 0.15072453, 0.1518563 ,
       0.60577095, 0.23179257, 0.63440466, 0.0401593 , 0.08661261,
       0.10393827, 0.0881447 , 0.08023127, 0.05954958, 0.14021371,
       0.0521298 , 0.07095729, 0.18838556, 0.05879812, 0.11013044,
       0.29272908, 0.38411245, 0.29596224, 0.14282696, 0.64901745,
       0.20068163, 0.16396731, 0.03938983, 0.2646638 , 0.2050116 ,
       0.00509465, 0.04947571, 0.17522307, 0.17962939, 0.19518885,
       0.06039384, 0.06414202, 0.06486325, 0.13745807, 0.06818913,
       0.32386243, 0.07996131, 0.15080838, 0.08242508, 0.01010277,
       0.11620034, 0.13868695, 0.08684161, 0.07089961, 0.09876242,
       0.09573829, 0.24759053, 0.05054604, 0.00244837, 0.5895039 ,
       0.4221286 , 0.17657244, 0.15509817, 0.10578493, 0.10335306,
       0.07453243, 0.07261093, 0.04717527, 0.41753352, 0.12832162,
       0.14172763, 0.04595064, 0.14068781, 0.1138303 , 0.00463494,
       0.29677585, 0.00776083, 0.20143974, 0.15528366, 0.11988797,
       0.16236798, 0.24182409, 0.40463853, 0.10025568, 0.03440798,
       0.14105326, 0.2675637 , 0.24925481, 0.337911  , 0.04461614,
       0.08584417], dtype=float32), 'mean_td_error': np.float64(0.1442241668701172)}}, 'num_env_steps_sampled': 2000, 'num_env_steps_trained': 128000, 'num_agent_steps_sampled': 2000, 'num_agent_steps_trained': 128000, 'last_target_update_ts': 2000, 'num_target_updates': 500}, 'env_runners': {'episode_reward_max': np.float64(-1718.3458937847283), 'episode_reward_min': np.float64(-1782.7266933977005), 'episode_reward_mean': np.float64(-1750.5362935912144), 'episode_len_mean': np.float64(1000.0), 'episode_media': {}, 'episodes_timesteps_total': 2000, 'policy_reward_min': {'default_policy': np.float64(-1782.7266933977005)}, 'policy_reward_max': {'default_policy': np.float64(-1718.3458937847283)}, 'policy_reward_mean': {'default_policy': np.float64(-1750.5362935912144)}, 'custom_metrics': {}, 'hist_stats': {'episode_reward': [np.float64(-1718.3458937847283), np.float64(-1782.7266933977005)], 'episode_lengths': [1000, 1000], 'policy_default_policy_reward': [np.float64(-1718.3458937847283), np.float64(-1782.7266933977005)]}, 'sampler_perf': {'mean_raw_obs_processing_ms': np.float64(0.8734094908704151), 'mean_inference_ms': np.float64(3.4950429773934486), 'mean_action_processing_ms': np.float64(0.13004883569245668), 'mean_env_wait_ms': np.float64(17.44295665827825), 'mean_env_render_ms': np.float64(0.0)}, 'num_faulty_episodes': 0, 'connector_metrics': {'ObsPreprocessorConnector_ms': np.float64(0.051665306091308594), 'StateBufferConnector_ms': np.float64(0.004661083221435547), 'ViewRequirementAgentConnector_ms': np.float64(0.13889074325561523)}, 'num_episodes': 1, 'episode_return_max': np.float64(-1718.3458937847283), 'episode_return_min': np.float64(-1782.7266933977005), 'episode_return_mean': np.float64(-1750.5362935912144), 'episodes_this_iter': 1}, 'num_healthy_workers': 1, 'actor_manager_num_outstanding_async_reqs': 0, 'num_remote_worker_restarts': 0, 'num_agent_steps_sampled': 2000, 'num_agent_steps_trained': 128000, 'num_env_steps_sampled': 2000, 'num_env_steps_trained': 128000, 'num_env_steps_sampled_this_iter': 100, 'num_env_steps_trained_this_iter': 25600, 'num_env_steps_sampled_throughput_per_sec': 7.021954607408523, 'num_env_steps_trained_throughput_per_sec': 1797.6203794965818, 'timesteps_total': 2000, 'num_env_steps_sampled_lifetime': 2000, 'num_agent_steps_sampled_lifetime': 2000, 'num_steps_trained_this_iter': 25600, 'agent_timesteps_total': 2000, 'timers': {'training_iteration_time_ms': 7958.912, 'restore_workers_time_ms': 0.007, 'training_step_time_ms': 152.477, 'sample_time_ms': 38.198, 'load_time_ms': 5.722, 'load_throughput': 44742.785, 'learn_time_ms': 29.537, 'learn_throughput': 8667.002, 'synch_weights_time_ms': 9.759}, 'counters': {'num_env_steps_sampled': 2000, 'num_env_steps_trained': 128000, 'num_agent_steps_sampled': 2000, 'num_agent_steps_trained': 128000, 'last_target_update_ts': 2000, 'num_target_updates': 500}, 'done': False, 'training_iteration': 20, 'trial_id': 'default', 'date': '2026-04-24_14-13-16', 'timestamp': 1777014796, 'time_this_iter_s': 14.262094259262085, 'time_total_s': 107.97812414169312, 'pid': 54804, 'hostname': 'supawich-B760M-Pro-RS-D4', 'node_ip': '192.168.110.31', 'config': {'exploration_config': {'type': 'StochasticSampling'}, 'extra_python_environs_for_driver': {}, 'extra_python_environs_for_worker': {}, 'placement_strategy': 'PACK', 'num_gpus': 1, '_fake_gpus': False, 'num_cpus_for_main_process': 1, 'eager_tracing': True, 'eager_max_retraces': 20, 'tf_session_args': {'intra_op_parallelism_threads': 2, 'inter_op_parallelism_threads': 2, 'gpu_options': {'allow_growth': True}, 'log_device_placement': False, 'device_count': {'CPU': 1}, 'allow_soft_placement': True}, 'local_tf_session_args': {'intra_op_parallelism_threads': 8, 'inter_op_parallelism_threads': 8}, 'torch_compile_learner': False, 'torch_compile_learner_what_to_compile': <TorchCompileWhatToCompile.FORWARD_TRAIN: 'forward_train'>, 'torch_compile_learner_dynamo_backend': 'inductor', 'torch_compile_learner_dynamo_mode': None, 'torch_compile_worker': False, 'torch_compile_worker_dynamo_backend': 'onnxrt', 'torch_compile_worker_dynamo_mode': None, 'torch_ddp_kwargs': {}, 'torch_skip_nan_gradients': False, 'env': 'carla_gt_env', 'env_config': {'host': 'localhost', 'port': 2000}, 'observation_space': None, 'action_space': None, 'clip_rewards': None, 'normalize_actions': True, 'clip_actions': False, '_is_atari': None, 'disable_env_checking': False, 'render_env': False, 'action_mask_key': 'action_mask', 'env_runner_cls': None, 'num_env_runners': 1, 'create_local_env_runner': True, 'num_envs_per_env_runner': 1, 'gym_env_vectorize_mode': 'sync', 'num_cpus_per_env_runner': 1, 'num_gpus_per_env_runner': 0, 'custom_resources_per_env_runner': {}, 'validate_env_runners_after_construction': True, 'episodes_to_numpy': True, 'max_requests_in_flight_per_env_runner': 1, 'sample_timeout_s': 60.0, '_env_to_module_connector': None, 'add_default_connectors_to_env_to_module_pipeline': True, '_module_to_env_connector': None, 'add_default_connectors_to_module_to_env_pipeline': True, 'merge_env_runner_states': 'training_only', 'broadcast_env_runner_states': True, 'episode_lookback_horizon': 1, 'rollout_fragment_length': 'auto', 'batch_mode': 'truncate_episodes', 'compress_observations': False, 'remote_worker_envs': False, 'remote_env_batch_wait_ms': 0, 'enable_tf1_exec_eagerly': False, 'sample_collector': <class 'ray.rllib.evaluation.collectors.simple_list_collector.SimpleListCollector'>, 'preprocessor_pref': 'deepmind', 'observation_filter': 'NoFilter', 'update_worker_filter_stats': True, 'use_worker_filter_stats': True, 'sampler_perf_stats_ema_coef': None, '_is_online': True, 'num_learners': 0, 'num_gpus_per_learner': 0, 'num_cpus_per_learner': 'auto', 'num_aggregator_actors_per_learner': 0, 'max_requests_in_flight_per_aggregator_actor': 3, 'local_gpu_idx': 0, 'max_requests_in_flight_per_learner': 3, 'gamma': 0.99, 'lr': None, 'grad_clip': None, 'grad_clip_by': 'global_norm', '_train_batch_size_per_learner': 256, 'train_batch_size': 256, 'num_epochs': 1, 'minibatch_size': None, 'shuffle_batch_per_epoch': False, 'model': {'fcnet_hiddens': [256, 256], 'fcnet_activation': 'tanh', 'fcnet_weights_initializer': None, 'fcnet_weights_initializer_config': None, 'fcnet_bias_initializer': None, 'fcnet_bias_initializer_config': None, 'conv_filters': None, 'conv_activation': 'relu', 'conv_kernel_initializer': None, 'conv_kernel_initializer_config': None, 'conv_bias_initializer': None, 'conv_bias_initializer_config': None, 'conv_transpose_kernel_initializer': None, 'conv_transpose_kernel_initializer_config': None, 'conv_transpose_bias_initializer': None, 'conv_transpose_bias_initializer_config': None, 'post_fcnet_hiddens': [], 'post_fcnet_activation': 'relu', 'post_fcnet_weights_initializer': None, 'post_fcnet_weights_initializer_config': None, 'post_fcnet_bias_initializer': None, 'post_fcnet_bias_initializer_config': None, 'free_log_std': False, 'log_std_clip_param': 20.0, 'no_final_linear': False, 'vf_share_layers': True, 'use_lstm': False, 'max_seq_len': 20, 'lstm_cell_size': 256, 'lstm_use_prev_action': False, 'lstm_use_prev_reward': False, 'lstm_weights_initializer': None, 'lstm_weights_initializer_config': None, 'lstm_bias_initializer': None, 'lstm_bias_initializer_config': None, '_time_major': False, 'use_attention': False, 'attention_num_transformer_units': 1, 'attention_dim': 64, 'attention_num_heads': 1, 'attention_head_dim': 32, 'attention_memory_inference': 50, 'attention_memory_training': 50, 'attention_position_wise_mlp_dim': 32, 'attention_init_gru_gate_bias': 2.0, 'attention_use_n_prev_actions': 0, 'attention_use_n_prev_rewards': 0, 'framestack': True, 'dim': 84, 'grayscale': False, 'zero_mean': True, 'custom_model': None, 'custom_model_config': {}, 'custom_action_dist': None, 'custom_preprocessor': None, 'encoder_latent_dim': None, 'always_check_shapes': False, 'lstm_use_prev_action_reward': -1, '_use_default_native_models': -1, '_disable_preprocessor_api': False, '_disable_action_flattening': False}, '_learner_connector': None, 'add_default_connectors_to_learner_pipeline': True, 'learner_config_dict': {}, 'optimizer': {}, '_learner_class': None, 'callbacks_on_algorithm_init': None, 'callbacks_on_env_runners_recreated': None, 'callbacks_on_offline_eval_runners_recreated': None, 'callbacks_on_checkpoint_loaded': None, 'callbacks_on_environment_created': None, 'callbacks_on_episode_created': None, 'callbacks_on_episode_start': None, 'callbacks_on_episode_step': None, 'callbacks_on_episode_end': None, 'callbacks_on_evaluate_start': None, 'callbacks_on_evaluate_end': None, 'callbacks_on_evaluate_offline_start': None, 'callbacks_on_evaluate_offline_end': None, 'callbacks_on_sample_end': None, 'callbacks_on_train_result': None, 'explore': True, 'enable_rl_module_and_learner': False, 'enable_env_runner_and_connector_v2': False, '_prior_exploration_config': None, 'count_steps_by': 'env_steps', 'policy_map_capacity': 100, 'policy_mapping_fn': <function AlgorithmConfig.DEFAULT_POLICY_MAPPING_FN at 0x7c3f0e248cc0>, 'policies_to_train': None, 'policy_states_are_swappable': False, 'observation_fn': None, 'offline_data_class': None, 'input_read_method': 'read_parquet', 'input_read_method_kwargs': {}, 'input_read_schema': {}, 'input_read_episodes': False, 'input_read_sample_batches': False, 'input_read_batch_size': None, 'input_filesystem': None, 'input_filesystem_kwargs': {}, 'input_compress_columns': ['obs', 'new_obs'], 'input_spaces_jsonable': True, 'materialize_data': False, 'materialize_mapped_data': True, 'map_batches_kwargs': {}, 'iter_batches_kwargs': {}, 'ignore_final_observation': False, 'prelearner_class': None, 'prelearner_buffer_class': None, 'prelearner_buffer_kwargs': {}, 'prelearner_module_synch_period': 10, 'prelearner_use_recorded_module_states': False, 'dataset_num_iters_per_learner': None, 'input_config': {}, 'actions_in_input_normalized': False, 'postprocess_inputs': False, 'shuffle_buffer_size': 0, 'output': None, 'output_config': {}, 'output_compress_columns': ['obs', 'new_obs'], 'output_max_file_size': 67108864, 'output_max_rows_per_file': None, 'output_write_remaining_data': False, 'output_write_method': 'write_parquet', 'output_write_method_kwargs': {}, 'output_filesystem': None, 'output_filesystem_kwargs': {}, 'output_write_episodes': True, 'offline_sampling': False, 'evaluation_interval': None, 'evaluation_duration': 10, 'evaluation_duration_unit': 'episodes', 'evaluation_sample_timeout_s': 120.0, 'evaluation_auto_duration_min_env_steps_per_sample': 100, 'evaluation_auto_duration_max_env_steps_per_sample': 2000, 'evaluation_parallel_to_training': False, 'evaluation_force_reset_envs_before_iteration': True, 'evaluation_config': None, 'off_policy_estimation_methods': {}, 'ope_split_batch_by_episode': True, 'evaluation_num_env_runners': 0, 'in_evaluation': False, 'sync_filters_on_rollout_workers_timeout_s': 10.0, 'offline_evaluation_interval': None, 'num_offline_eval_runners': 0, 'offline_evaluation_type': 'eval_loss', 'offline_eval_runner_class': None, 'offline_loss_for_module_fn': None, 'offline_evaluation_duration': 1, 'offline_evaluation_parallel_to_training': False, 'offline_evaluation_timeout_s': 120.0, 'num_cpus_per_offline_eval_runner': 1, 'num_gpus_per_offline_eval_runner': 0, 'custom_resources_per_offline_eval_runner': {}, 'restart_failed_offline_eval_runners': True, 'ignore_offline_eval_runner_failures': False, 'max_num_offline_eval_runner_restarts': 1000, 'offline_eval_runner_restore_timeout_s': 1800.0, 'max_requests_in_flight_per_offline_eval_runner': 1, 'validate_offline_eval_runners_after_construction': True, 'offline_eval_runner_health_probe_timeout_s': 30.0, 'offline_eval_rl_module_inference_only': False, 'broadcast_offline_eval_runner_states': False, 'offline_eval_batch_size_per_runner': 256, 'dataset_num_iters_per_eval_runner': 1, 'keep_per_episode_custom_metrics': False, 'metrics_episode_collection_timeout_s': 60.0, 'metrics_num_episodes_for_smoothing': 100, 'min_time_s_per_iteration': 1, 'min_train_timesteps_per_iteration': 0, 'min_sample_timesteps_per_iteration': 100, 'log_gradients': False, 'stats_cls_lookup': {'mean': <class 'ray.rllib.utils.metrics.stats.mean.MeanStats'>, 'ema': <class 'ray.rllib.utils.metrics.stats.ema.EmaStats'>, 'min': <class 'ray.rllib.utils.metrics.stats.min.MinStats'>, 'max': <class 'ray.rllib.utils.metrics.stats.max.MaxStats'>, 'sum': <class 'ray.rllib.utils.metrics.stats.sum.SumStats'>, 'lifetime_sum': <class 'ray.rllib.utils.metrics.stats.lifetime_sum.LifetimeSumStats'>, 'percentiles': <class 'ray.rllib.utils.metrics.stats.percentiles.PercentilesStats'>, 'item': <class 'ray.rllib.utils.metrics.stats.item.ItemStats'>, 'item_series': <class 'ray.rllib.utils.metrics.stats.item_series.ItemSeriesStats'>}, 'export_native_model_files': False, 'checkpoint_trainable_policies_only': False, 'logger_creator': None, 'logger_config': None, 'log_level': 'WARN', 'log_sys_usage': True, 'fake_sampler': False, 'seed': 42, 'restart_failed_env_runners': True, 'ignore_env_runner_failures': True, 'max_num_env_runner_restarts': 1000, 'delay_between_env_runner_restarts_s': 60.0, 'restart_failed_sub_environments': False, 'num_consecutive_env_runner_failures_tolerance': 100, 'env_runner_health_probe_timeout_s': 30.0, 'env_runner_restore_timeout_s': 1800.0, '_model_config': {}, '_rl_module_spec': None, 'algorithm_config_overrides_per_module': {}, '_per_module_overrides': {}, '_validate_config': True, '_use_msgpack_checkpoints': False, '_torch_grad_scaler_class': None, '_torch_lr_scheduler_classes': None, '_tf_policy_handles_more_than_one_loss': False, '_disable_preprocessor_api': False, '_disable_action_flattening': False, '_disable_initialize_loss_from_dummy_batch': False, '_dont_auto_sync_env_runner_states': False, 'env_task_fn': -1, 'enable_connectors': -1, 'simple_optimizer': False, 'policy_map_cache': -1, 'worker_cls': -1, 'synchronize_filters': -1, 'enable_async_evaluation': -1, 'custom_async_evaluation_function': -1, '_enable_rl_module_api': -1, 'auto_wrap_old_gym_envs': -1, 'always_attach_evaluation_results': -1, 'replay_sequence_length': None, '_disable_execution_plan_api': -1, 'twin_q': True, 'q_model_config': {'fcnet_hiddens': [256, 256], 'fcnet_activation': 'relu', 'post_fcnet_hiddens': [], 'post_fcnet_activation': None, 'custom_model': None, 'custom_model_config': {}}, 'policy_model_config': {'fcnet_hiddens': [256, 256], 'fcnet_activation': 'relu', 'post_fcnet_hiddens': [], 'post_fcnet_activation': None, 'custom_model': None, 'custom_model_config': {}}, 'tau': 0.005, 'initial_alpha': 1.0, 'target_entropy': 'auto', 'n_step': 1, 'replay_buffer_config': {'type': 'MultiAgentReplayBuffer', 'capacity': 25000}, 'store_buffer_in_checkpoints': False, 'training_intensity': None, 'optimization': {'actor_learning_rate': 0.0003, 'critic_learning_rate': 0.0003, 'entropy_learning_rate': 0.0003}, 'actor_lr': 0.0003, 'critic_lr': 0.0003, 'alpha_lr': 0.0003, 'target_network_update_freq': 0, 'num_steps_sampled_before_learning_starts': 1500, '_deterministic_loss': False, '_use_beta_distribution': False, 'use_state_preprocessor': -1, 'worker_side_prioritization': -1, 'class': <class 'ray.rllib.algorithms.sac.sac.SACConfig'>, 'input': 'sampler', 'policies': {'default_policy': (None, None, None, None)}, 'callbacks': <class 'ray.rllib.callbacks.callbacks.RLlibCallback'>, 'create_env_on_driver': False, 'custom_eval_function': None, 'framework': 'torch'}, 'time_since_restore': 107.97812414169312, 'iterations_since_restore': 20, 'perf': {'cpu_util_percent': np.float64(31.115000000000002), 'ram_util_percent': np.float64(61.959999999999994)}})
iter= 21 R=-1750.5 len=1000 eps=0 steps=2100
iter= 22 R=-1750.5 len=1000 eps=0 steps=2200
iter= 23 R=-1750.5 len=1000 eps=0 steps=2300
iter= 24 R=-1750.5 len=1000 eps=0 steps=2400
iter= 25 R=-1750.5 len=1000 eps=0 steps=2500
iter= 26 R=-1750.5 len=1000 eps=0 steps=2600
iter= 27 R=-1750.5 len=1000 eps=0 steps=2700
iter= 28 R=-1750.5 len=1000 eps=0 steps=2800
iter= 29 R=-1750.5 len=1000 eps=0 steps=2900
[36m(RolloutWorker pid=55171)[0m [EpisodeRecorder] episode end (terminated=False truncated=True) frames_written=0
[36m(RolloutWorker pid=55171)[0m [CarlaEnv] Spawned ego id=83 at sp_idx=115 (-41.8,-16.6) (attempt 2)
iter= 30 R=-1868.5 len=1000 eps=1 steps=3000
  checkpoint saved: TrainingResult(checkpoint=Checkpoint(filesystem=local, path=./checkpoints/gt), metrics={'custom_metrics': {}, 'episode_media': {}, 'info': {'learner': {'default_policy': {'custom_metrics': {}, 'learner_stats': {'actor_loss': np.float64(0.5530048608779907), 'critic_loss': np.float64(0.01798582449555397), 'alpha_loss': np.float64(-2.273749828338623), 'alpha_value': np.float32(0.63747364), 'log_alpha_value': np.float32(-0.45024237), 'target_entropy': np.float32(-3.0), 'policy_t': np.float64(0.011014595627784729), 'mean_q': np.float64(-1.8523269891738892), 'max_q': np.float64(1.588289499282837), 'min_q': np.float64(-3.431272029876709)}, 'model': {}, 'num_grad_updates_lifetime': np.float64(1500.0), 'diff_num_grad_updates_vs_sampler_policy': np.float64(1499.0), 'td_error': array([0.19015932, 0.3266816 , 0.11006546, 0.11771727, 0.1552831 ,
       0.00903785, 0.08652866, 0.31615448, 0.1789661 , 0.0076769 ,
       0.06867832, 0.07094592, 0.12375158, 0.15321779, 0.23291457,
       0.01165313, 0.09855127, 0.0263834 , 0.0066238 , 0.28290504,
       0.13654125, 0.93840384, 0.12758088, 0.04837084, 0.06209213,
       0.16910928, 0.33286035, 0.03439629, 0.08853483, 0.1622293 ,
       0.2415188 , 0.22327757, 0.22415   , 0.0416795 , 0.07879347,
       0.03242737, 0.02627754, 0.20241988, 0.04170167, 0.04218429,
       0.05703622, 0.2032336 , 0.06092983, 0.10329449, 0.18829536,
       0.26026684, 0.07297784, 0.06944036, 0.11603349, 0.05429739,
       0.2263847 , 0.21894103, 0.02358341, 0.2354632 , 0.18849611,
       0.14397848, 0.10861695, 0.21307302, 0.18281436, 0.16450733,
       0.01413405, 0.03907025, 0.07667786, 0.12527955, 0.06229013,
       0.19809157, 0.17024773, 0.11913091, 0.16537285, 0.17745703,
       0.21636003, 0.5944356 , 0.16464996, 0.13585871, 0.0257858 ,
       0.22950709, 0.24009608, 0.08253002, 0.06440055, 0.10391349,
       0.37357008, 0.34120154, 0.08926845, 0.11539638, 0.22292966,
       0.1292752 , 0.16646037, 0.06774896, 0.04324758, 0.24335021,
       0.06635392, 0.16788161, 0.2515875 , 0.05727202, 0.08834779,
       0.33550298, 0.12139267, 0.13875377, 0.03613508, 0.1821425 ,
       0.0549092 , 0.15159601, 0.0235765 , 0.03536129, 0.09839469,
       0.154926  , 0.05109674, 0.1579631 , 0.14801288, 0.30084848,
       0.08621007, 0.14438426, 0.23639828, 0.04572922, 0.3133492 ,
       0.0514189 , 0.0018208 , 0.11571658, 0.01395434, 0.15960473,
       0.13631654, 0.07284242, 0.05551457, 0.22674167, 0.02572012,
       0.35099918, 0.19118857, 0.13015997, 0.01580966, 0.18443668,
       0.13492578, 0.04553747, 0.13660681, 0.10468405, 0.10756505,
       0.14303875, 0.11423057, 0.2617154 , 0.02313995, 0.23537654,
       0.00799775, 0.19495225, 0.09132403, 0.0660212 , 0.29258162,
       0.05715346, 0.04429132, 0.10101402, 0.20135719, 0.09480959,
       0.14790416, 0.03344023, 0.11189002, 0.12224108, 0.04031134,
       0.0595963 , 0.09060812, 0.04427856, 0.24743229, 0.12052238,
       0.12961161, 0.54269004, 0.06535131, 0.07938504, 0.12611872,
       0.00813043, 0.26696593, 0.26209176, 0.08981758, 0.3306263 ,
       0.01725292, 0.16632581, 0.05319786, 0.0090124 , 0.11003184,
       0.06575257, 0.05005491, 0.2287544 , 0.279764  , 0.06846911,
       0.05959868, 0.18550187, 0.23425737, 0.20624894, 0.01044595,
       0.12711418, 0.649956  , 0.2675035 , 0.05967271, 0.16380787,
       0.2125513 , 0.11598814, 0.5706084 , 0.19214374, 0.04301107,
       0.12444419, 0.05717242, 0.117926  , 0.19448471, 0.05558896,
       0.01052666, 0.05523539, 0.3635229 , 0.2123953 , 0.05915916,
       0.13786465, 0.14007014, 0.12923163, 0.12189114, 0.02143049,
       0.45852798, 0.08891374, 0.08716571, 0.12801087, 0.10273391,
       0.21853226, 0.14782083, 0.05776507, 0.11198241, 0.2540741 ,
       0.16629541, 0.22843006, 0.14848548, 0.38311255, 0.26581085,
       0.22963458, 0.07570803, 0.11997682, 0.04053205, 0.09023863,
       0.06999439, 0.18119964, 0.03173703, 0.13838208, 0.04788482,
       0.04428005, 0.02942216, 0.11465025, 0.00731516, 0.16695505,
       0.06529564, 0.04446882, 0.7465754 , 0.15515822, 0.00861549,
       0.03075564, 0.0839566 , 0.19611913, 0.03398848, 0.24242163,
       0.09910017, 0.2179203 , 0.20122725, 0.13922083, 0.35234421,
       0.00540894], dtype=float32), 'mean_td_error': np.float64(0.14406903088092804)}}, 'num_env_steps_sampled': 3000, 'num_env_steps_trained': 384000, 'num_agent_steps_sampled': 3000, 'num_agent_steps_trained': 384000, 'last_target_update_ts': 3000, 'num_target_updates': 1500}, 'env_runners': {'episode_reward_max': np.float64(-1718.3458937847283), 'episode_reward_min': np.float64(-2104.4038987762196), 'episode_reward_mean': np.float64(-1868.4921619862162), 'episode_len_mean': np.float64(1000.0), 'episode_media': {}, 'episodes_timesteps_total': 3000, 'policy_reward_min': {'default_policy': np.float64(-2104.4038987762196)}, 'policy_reward_max': {'default_policy': np.float64(-1718.3458937847283)}, 'policy_reward_mean': {'default_policy': np.float64(-1868.4921619862162)}, 'custom_metrics': {}, 'hist_stats': {'episode_reward': [np.float64(-1718.3458937847283), np.float64(-1782.7266933977005), np.float64(-2104.4038987762196)], 'episode_lengths': [1000, 1000, 1000], 'policy_default_policy_reward': [np.float64(-1718.3458937847283), np.float64(-1782.7266933977005), np.float64(-2104.4038987762196)]}, 'sampler_perf': {'mean_raw_obs_processing_ms': np.float64(0.8391816581106409), 'mean_inference_ms': np.float64(3.3545757838120718), 'mean_action_processing_ms': np.float64(0.125516776842203), 'mean_env_wait_ms': np.float64(15.26875985903132), 'mean_env_render_ms': np.float64(0.0)}, 'num_faulty_episodes': 0, 'connector_metrics': {'ObsPreprocessorConnector_ms': np.float64(0.04954338073730469), 'StateBufferConnector_ms': np.float64(0.004347165425618489), 'ViewRequirementAgentConnector_ms': np.float64(0.13118584950764975)}, 'num_episodes': 1, 'episode_return_max': np.float64(-1718.3458937847283), 'episode_return_min': np.float64(-2104.4038987762196), 'episode_return_mean': np.float64(-1868.4921619862162), 'episodes_this_iter': 1}, 'num_healthy_workers': 1, 'actor_manager_num_outstanding_async_reqs': 0, 'num_remote_worker_restarts': 0, 'num_agent_steps_sampled': 3000, 'num_agent_steps_trained': 384000, 'num_env_steps_sampled': 3000, 'num_env_steps_trained': 384000, 'num_env_steps_sampled_this_iter': 100, 'num_env_steps_trained_this_iter': 25600, 'num_env_steps_sampled_throughput_per_sec': 7.602044935994026, 'num_env_steps_trained_throughput_per_sec': 1946.1235036144706, 'timesteps_total': 3000, 'num_env_steps_sampled_lifetime': 3000, 'num_agent_steps_sampled_lifetime': 3000, 'num_steps_trained_this_iter': 25600, 'agent_timesteps_total': 3000, 'timers': {'training_iteration_time_ms': 13344.347, 'restore_workers_time_ms': 0.006, 'training_step_time_ms': 136.218, 'sample_time_ms': 31.881, 'load_time_ms': 5.142, 'load_throughput': 49781.716, 'learn_time_ms': 26.924, 'learn_throughput': 9508.224, 'synch_weights_time_ms': 8.897}, 'counters': {'num_env_steps_sampled': 3000, 'num_env_steps_trained': 384000, 'num_agent_steps_sampled': 3000, 'num_agent_steps_trained': 384000, 'last_target_update_ts': 3000, 'num_target_updates': 1500}, 'done': False, 'training_iteration': 30, 'trial_id': 'default', 'date': '2026-04-24_14-15-29', 'timestamp': 1777014929, 'time_this_iter_s': 13.172172546386719, 'time_total_s': 241.5985507965088, 'pid': 54804, 'hostname': 'supawich-B760M-Pro-RS-D4', 'node_ip': '192.168.110.31', 'config': {'exploration_config': {'type': 'StochasticSampling'}, 'extra_python_environs_for_driver': {}, 'extra_python_environs_for_worker': {}, 'placement_strategy': 'PACK', 'num_gpus': 1, '_fake_gpus': False, 'num_cpus_for_main_process': 1, 'eager_tracing': True, 'eager_max_retraces': 20, 'tf_session_args': {'intra_op_parallelism_threads': 2, 'inter_op_parallelism_threads': 2, 'gpu_options': {'allow_growth': True}, 'log_device_placement': False, 'device_count': {'CPU': 1}, 'allow_soft_placement': True}, 'local_tf_session_args': {'intra_op_parallelism_threads': 8, 'inter_op_parallelism_threads': 8}, 'torch_compile_learner': False, 'torch_compile_learner_what_to_compile': <TorchCompileWhatToCompile.FORWARD_TRAIN: 'forward_train'>, 'torch_compile_learner_dynamo_backend': 'inductor', 'torch_compile_learner_dynamo_mode': None, 'torch_compile_worker': False, 'torch_compile_worker_dynamo_backend': 'onnxrt', 'torch_compile_worker_dynamo_mode': None, 'torch_ddp_kwargs': {}, 'torch_skip_nan_gradients': False, 'env': 'carla_gt_env', 'env_config': {'host': 'localhost', 'port': 2000}, 'observation_space': None, 'action_space': None, 'clip_rewards': None, 'normalize_actions': True, 'clip_actions': False, '_is_atari': None, 'disable_env_checking': False, 'render_env': False, 'action_mask_key': 'action_mask', 'env_runner_cls': None, 'num_env_runners': 1, 'create_local_env_runner': True, 'num_envs_per_env_runner': 1, 'gym_env_vectorize_mode': 'sync', 'num_cpus_per_env_runner': 1, 'num_gpus_per_env_runner': 0, 'custom_resources_per_env_runner': {}, 'validate_env_runners_after_construction': True, 'episodes_to_numpy': True, 'max_requests_in_flight_per_env_runner': 1, 'sample_timeout_s': 60.0, '_env_to_module_connector': None, 'add_default_connectors_to_env_to_module_pipeline': True, '_module_to_env_connector': None, 'add_default_connectors_to_module_to_env_pipeline': True, 'merge_env_runner_states': 'training_only', 'broadcast_env_runner_states': True, 'episode_lookback_horizon': 1, 'rollout_fragment_length': 'auto', 'batch_mode': 'truncate_episodes', 'compress_observations': False, 'remote_worker_envs': False, 'remote_env_batch_wait_ms': 0, 'enable_tf1_exec_eagerly': False, 'sample_collector': <class 'ray.rllib.evaluation.collectors.simple_list_collector.SimpleListCollector'>, 'preprocessor_pref': 'deepmind', 'observation_filter': 'NoFilter', 'update_worker_filter_stats': True, 'use_worker_filter_stats': True, 'sampler_perf_stats_ema_coef': None, '_is_online': True, 'num_learners': 0, 'num_gpus_per_learner': 0, 'num_cpus_per_learner': 'auto', 'num_aggregator_actors_per_learner': 0, 'max_requests_in_flight_per_aggregator_actor': 3, 'local_gpu_idx': 0, 'max_requests_in_flight_per_learner': 3, 'gamma': 0.99, 'lr': None, 'grad_clip': None, 'grad_clip_by': 'global_norm', '_train_batch_size_per_learner': 256, 'train_batch_size': 256, 'num_epochs': 1, 'minibatch_size': None, 'shuffle_batch_per_epoch': False, 'model': {'fcnet_hiddens': [256, 256], 'fcnet_activation': 'tanh', 'fcnet_weights_initializer': None, 'fcnet_weights_initializer_config': None, 'fcnet_bias_initializer': None, 'fcnet_bias_initializer_config': None, 'conv_filters': None, 'conv_activation': 'relu', 'conv_kernel_initializer': None, 'conv_kernel_initializer_config': None, 'conv_bias_initializer': None, 'conv_bias_initializer_config': None, 'conv_transpose_kernel_initializer': None, 'conv_transpose_kernel_initializer_config': None, 'conv_transpose_bias_initializer': None, 'conv_transpose_bias_initializer_config': None, 'post_fcnet_hiddens': [], 'post_fcnet_activation': 'relu', 'post_fcnet_weights_initializer': None, 'post_fcnet_weights_initializer_config': None, 'post_fcnet_bias_initializer': None, 'post_fcnet_bias_initializer_config': None, 'free_log_std': False, 'log_std_clip_param': 20.0, 'no_final_linear': False, 'vf_share_layers': True, 'use_lstm': False, 'max_seq_len': 20, 'lstm_cell_size': 256, 'lstm_use_prev_action': False, 'lstm_use_prev_reward': False, 'lstm_weights_initializer': None, 'lstm_weights_initializer_config': None, 'lstm_bias_initializer': None, 'lstm_bias_initializer_config': None, '_time_major': False, 'use_attention': False, 'attention_num_transformer_units': 1, 'attention_dim': 64, 'attention_num_heads': 1, 'attention_head_dim': 32, 'attention_memory_inference': 50, 'attention_memory_training': 50, 'attention_position_wise_mlp_dim': 32, 'attention_init_gru_gate_bias': 2.0, 'attention_use_n_prev_actions': 0, 'attention_use_n_prev_rewards': 0, 'framestack': True, 'dim': 84, 'grayscale': False, 'zero_mean': True, 'custom_model': None, 'custom_model_config': {}, 'custom_action_dist': None, 'custom_preprocessor': None, 'encoder_latent_dim': None, 'always_check_shapes': False, 'lstm_use_prev_action_reward': -1, '_use_default_native_models': -1, '_disable_preprocessor_api': False, '_disable_action_flattening': False}, '_learner_connector': None, 'add_default_connectors_to_learner_pipeline': True, 'learner_config_dict': {}, 'optimizer': {}, '_learner_class': None, 'callbacks_on_algorithm_init': None, 'callbacks_on_env_runners_recreated': None, 'callbacks_on_offline_eval_runners_recreated': None, 'callbacks_on_checkpoint_loaded': None, 'callbacks_on_environment_created': None, 'callbacks_on_episode_created': None, 'callbacks_on_episode_start': None, 'callbacks_on_episode_step': None, 'callbacks_on_episode_end': None, 'callbacks_on_evaluate_start': None, 'callbacks_on_evaluate_end': None, 'callbacks_on_evaluate_offline_start': None, 'callbacks_on_evaluate_offline_end': None, 'callbacks_on_sample_end': None, 'callbacks_on_train_result': None, 'explore': True, 'enable_rl_module_and_learner': False, 'enable_env_runner_and_connector_v2': False, '_prior_exploration_config': None, 'count_steps_by': 'env_steps', 'policy_map_capacity': 100, 'policy_mapping_fn': <function AlgorithmConfig.DEFAULT_POLICY_MAPPING_FN at 0x7c3f0e248cc0>, 'policies_to_train': None, 'policy_states_are_swappable': False, 'observation_fn': None, 'offline_data_class': None, 'input_read_method': 'read_parquet', 'input_read_method_kwargs': {}, 'input_read_schema': {}, 'input_read_episodes': False, 'input_read_sample_batches': False, 'input_read_batch_size': None, 'input_filesystem': None, 'input_filesystem_kwargs': {}, 'input_compress_columns': ['obs', 'new_obs'], 'input_spaces_jsonable': True, 'materialize_data': False, 'materialize_mapped_data': True, 'map_batches_kwargs': {}, 'iter_batches_kwargs': {}, 'ignore_final_observation': False, 'prelearner_class': None, 'prelearner_buffer_class': None, 'prelearner_buffer_kwargs': {}, 'prelearner_module_synch_period': 10, 'prelearner_use_recorded_module_states': False, 'dataset_num_iters_per_learner': None, 'input_config': {}, 'actions_in_input_normalized': False, 'postprocess_inputs': False, 'shuffle_buffer_size': 0, 'output': None, 'output_config': {}, 'output_compress_columns': ['obs', 'new_obs'], 'output_max_file_size': 67108864, 'output_max_rows_per_file': None, 'output_write_remaining_data': False, 'output_write_method': 'write_parquet', 'output_write_method_kwargs': {}, 'output_filesystem': None, 'output_filesystem_kwargs': {}, 'output_write_episodes': True, 'offline_sampling': False, 'evaluation_interval': None, 'evaluation_duration': 10, 'evaluation_duration_unit': 'episodes', 'evaluation_sample_timeout_s': 120.0, 'evaluation_auto_duration_min_env_steps_per_sample': 100, 'evaluation_auto_duration_max_env_steps_per_sample': 2000, 'evaluation_parallel_to_training': False, 'evaluation_force_reset_envs_before_iteration': True, 'evaluation_config': None, 'off_policy_estimation_methods': {}, 'ope_split_batch_by_episode': True, 'evaluation_num_env_runners': 0, 'in_evaluation': False, 'sync_filters_on_rollout_workers_timeout_s': 10.0, 'offline_evaluation_interval': None, 'num_offline_eval_runners': 0, 'offline_evaluation_type': 'eval_loss', 'offline_eval_runner_class': None, 'offline_loss_for_module_fn': None, 'offline_evaluation_duration': 1, 'offline_evaluation_parallel_to_training': False, 'offline_evaluation_timeout_s': 120.0, 'num_cpus_per_offline_eval_runner': 1, 'num_gpus_per_offline_eval_runner': 0, 'custom_resources_per_offline_eval_runner': {}, 'restart_failed_offline_eval_runners': True, 'ignore_offline_eval_runner_failures': False, 'max_num_offline_eval_runner_restarts': 1000, 'offline_eval_runner_restore_timeout_s': 1800.0, 'max_requests_in_flight_per_offline_eval_runner': 1, 'validate_offline_eval_runners_after_construction': True, 'offline_eval_runner_health_probe_timeout_s': 30.0, 'offline_eval_rl_module_inference_only': False, 'broadcast_offline_eval_runner_states': False, 'offline_eval_batch_size_per_runner': 256, 'dataset_num_iters_per_eval_runner': 1, 'keep_per_episode_custom_metrics': False, 'metrics_episode_collection_timeout_s': 60.0, 'metrics_num_episodes_for_smoothing': 100, 'min_time_s_per_iteration': 1, 'min_train_timesteps_per_iteration': 0, 'min_sample_timesteps_per_iteration': 100, 'log_gradients': False, 'stats_cls_lookup': {'mean': <class 'ray.rllib.utils.metrics.stats.mean.MeanStats'>, 'ema': <class 'ray.rllib.utils.metrics.stats.ema.EmaStats'>, 'min': <class 'ray.rllib.utils.metrics.stats.min.MinStats'>, 'max': <class 'ray.rllib.utils.metrics.stats.max.MaxStats'>, 'sum': <class 'ray.rllib.utils.metrics.stats.sum.SumStats'>, 'lifetime_sum': <class 'ray.rllib.utils.metrics.stats.lifetime_sum.LifetimeSumStats'>, 'percentiles': <class 'ray.rllib.utils.metrics.stats.percentiles.PercentilesStats'>, 'item': <class 'ray.rllib.utils.metrics.stats.item.ItemStats'>, 'item_series': <class 'ray.rllib.utils.metrics.stats.item_series.ItemSeriesStats'>}, 'export_native_model_files': False, 'checkpoint_trainable_policies_only': False, 'logger_creator': None, 'logger_config': None, 'log_level': 'WARN', 'log_sys_usage': True, 'fake_sampler': False, 'seed': 42, 'restart_failed_env_runners': True, 'ignore_env_runner_failures': True, 'max_num_env_runner_restarts': 1000, 'delay_between_env_runner_restarts_s': 60.0, 'restart_failed_sub_environments': False, 'num_consecutive_env_runner_failures_tolerance': 100, 'env_runner_health_probe_timeout_s': 30.0, 'env_runner_restore_timeout_s': 1800.0, '_model_config': {}, '_rl_module_spec': None, 'algorithm_config_overrides_per_module': {}, '_per_module_overrides': {}, '_validate_config': True, '_use_msgpack_checkpoints': False, '_torch_grad_scaler_class': None, '_torch_lr_scheduler_classes': None, '_tf_policy_handles_more_than_one_loss': False, '_disable_preprocessor_api': False, '_disable_action_flattening': False, '_disable_initialize_loss_from_dummy_batch': False, '_dont_auto_sync_env_runner_states': False, 'env_task_fn': -1, 'enable_connectors': -1, 'simple_optimizer': False, 'policy_map_cache': -1, 'worker_cls': -1, 'synchronize_filters': -1, 'enable_async_evaluation': -1, 'custom_async_evaluation_function': -1, '_enable_rl_module_api': -1, 'auto_wrap_old_gym_envs': -1, 'always_attach_evaluation_results': -1, 'replay_sequence_length': None, '_disable_execution_plan_api': -1, 'twin_q': True, 'q_model_config': {'fcnet_hiddens': [256, 256], 'fcnet_activation': 'relu', 'post_fcnet_hiddens': [], 'post_fcnet_activation': None, 'custom_model': None, 'custom_model_config': {}}, 'policy_model_config': {'fcnet_hiddens': [256, 256], 'fcnet_activation': 'relu', 'post_fcnet_hiddens': [], 'post_fcnet_activation': None, 'custom_model': None, 'custom_model_config': {}}, 'tau': 0.005, 'initial_alpha': 1.0, 'target_entropy': 'auto', 'n_step': 1, 'replay_buffer_config': {'type': 'MultiAgentReplayBuffer', 'capacity': 25000}, 'store_buffer_in_checkpoints': False, 'training_intensity': None, 'optimization': {'actor_learning_rate': 0.0003, 'critic_learning_rate': 0.0003, 'entropy_learning_rate': 0.0003}, 'actor_lr': 0.0003, 'critic_lr': 0.0003, 'alpha_lr': 0.0003, 'target_network_update_freq': 0, 'num_steps_sampled_before_learning_starts': 1500, '_deterministic_loss': False, '_use_beta_distribution': False, 'use_state_preprocessor': -1, 'worker_side_prioritization': -1, 'class': <class 'ray.rllib.algorithms.sac.sac.SACConfig'>, 'input': 'sampler', 'policies': {'default_policy': (None, None, None, None)}, 'callbacks': <class 'ray.rllib.callbacks.callbacks.RLlibCallback'>, 'create_env_on_driver': False, 'custom_eval_function': None, 'framework': 'torch'}, 'time_since_restore': 241.5985507965088, 'iterations_since_restore': 30, 'perf': {'cpu_util_percent': np.float64(23.921052631578945), 'ram_util_percent': np.float64(60.71052631578947)}})
iter= 31 R=-1868.5 len=1000 eps=0 steps=3100
iter= 32 R=-1868.5 len=1000 eps=0 steps=3200
iter= 33 R=-1868.5 len=1000 eps=0 steps=3300
iter= 34 R=-1868.5 len=1000 eps=0 steps=3400
iter= 35 R=-1868.5 len=1000 eps=0 steps=3500
iter= 36 R=-1868.5 len=1000 eps=0 steps=3600
iter= 37 R=-1868.5 len=1000 eps=0 steps=3700
iter= 38 R=-1868.5 len=1000 eps=0 steps=3800
iter= 39 R=-1868.5 len=1000 eps=0 steps=3900
[36m(RolloutWorker pid=55171)[0m [EpisodeRecorder] episode end (terminated=False truncated=True) frames_written=0
[36m(RolloutWorker pid=55171)[0m [CarlaEnv] Spawned ego id=85 at sp_idx=118 (27.1,66.3) (attempt 2)
iter= 40 R=-1842.9 len=1000 eps=1 steps=4000
  checkpoint saved: TrainingResult(checkpoint=Checkpoint(filesystem=local, path=./checkpoints/gt), metrics={'custom_metrics': {}, 'episode_media': {}, 'info': {'learner': {'default_policy': {'custom_metrics': {}, 'learner_stats': {'actor_loss': np.float64(4.248628616333008), 'critic_loss': np.float64(0.016217641532421112), 'alpha_loss': np.float64(-3.786099433898926), 'alpha_value': np.float32(0.47231704), 'log_alpha_value': np.float32(-0.7501048), 'target_entropy': np.float32(-3.0), 'policy_t': np.float64(-0.010335712693631649), 'mean_q': np.float64(-5.211089134216309), 'max_q': np.float64(1.5906667709350586), 'min_q': np.float64(-9.2802152633667)}, 'model': {}, 'num_grad_updates_lifetime': np.float64(2500.0), 'diff_num_grad_updates_vs_sampler_policy': np.float64(2499.0), 'td_error': array([0.19119194, 0.1285007 , 0.29878724, 0.28715324, 0.13695073,
       0.14947557, 0.02296567, 0.38244548, 0.10491872, 0.18781805,
       0.27265334, 0.08664012, 0.09941912, 0.06904888, 0.18089557,
       0.02280283, 0.26168656, 0.25637257, 0.33326912, 0.0763576 ,
       0.03140855, 0.13658237, 0.07546473, 0.02360082, 0.01440692,
       0.05554461, 0.02178848, 0.13615727, 0.24643564, 0.06951463,
       0.04760408, 0.07909822, 0.17530107, 0.05318475, 0.09049606,
       0.03455496, 0.07975936, 0.13132405, 0.01997221, 0.04139757,
       0.04096007, 0.11289001, 0.21291947, 0.4349712 , 0.09966445,
       0.37381458, 0.01774359, 0.09322023, 0.02933407, 0.19390655,
       0.05042574, 0.08818078, 0.23040771, 0.04248226, 0.06943893,
       0.25017834, 0.13576865, 0.08293867, 0.13363671, 0.24720907,
       0.05298138, 0.03854513, 0.08894062, 0.06240582, 0.10106277,
       0.34898108, 0.70829725, 0.22324681, 0.00428605, 0.06866097,
       0.06316161, 0.12814474, 0.05222321, 0.06511521, 0.03709555,
       0.07102585, 0.674181  , 0.14055157, 0.06417346, 0.09652853,
       0.11017966, 0.13288617, 0.05535269, 0.06996346, 0.10807395,
       0.20549774, 0.08583736, 0.48933482, 0.04948092, 0.1307236 ,
       0.04964018, 0.06471181, 0.03031731, 0.15130258, 0.08862352,
       0.02787769, 0.08769727, 0.2334795 , 0.23166394, 0.07381248,
       0.2797501 , 0.15425706, 0.22766638, 0.0297966 , 0.02194357,
       0.01739717, 0.06941414, 0.21472192, 0.05434847, 0.23635387,
       0.2900188 , 0.09010434, 0.18062134, 0.0978775 , 0.06320763,
       0.0147109 , 0.23470616, 0.04296756, 0.06164551, 0.16923785,
       0.18884945, 0.3306501 , 0.04516196, 0.04556727, 0.03884387,
       0.16730654, 0.10927868, 0.08559966, 0.02238131, 0.11752033,
       0.03023207, 0.06128263, 0.16781235, 0.01361966, 0.09424722,
       0.27184033, 0.17278147, 0.0383327 , 0.3810997 , 0.27193618,
       0.37565255, 0.01592147, 0.05267692, 0.21805644, 0.1945591 ,
       0.03610983, 0.10729671, 0.18073511, 0.0377605 , 0.09685421,
       0.23735023, 0.11119461, 0.02549195, 0.11169028, 0.25106788,
       0.0449152 , 0.054883  , 0.19584733, 0.19277954, 0.0250845 ,
       0.02706575, 0.07098436, 0.13293457, 0.19118142, 0.09463692,
       0.01343906, 0.09610629, 0.12843919, 0.12063825, 0.38474107,
       0.01205993, 0.09338701, 0.12799644, 0.15999675, 0.02118111,
       0.03878534, 0.08732319, 0.08907843, 0.08120072, 0.11614084,
       0.02812481, 0.1252799 , 0.27078843, 0.12018633, 0.02203774,
       0.11422729, 0.3896911 , 0.02551889, 0.00859427, 0.07645917,
       0.01331878, 0.10279906, 0.02537918, 0.19928408, 0.01044536,
       0.0987289 , 0.21317554, 0.01023889, 0.00833845, 0.0160377 ,
       0.13030767, 0.45520782, 0.10336185, 0.03210735, 0.09998536,
       0.02590179, 0.02084851, 0.19204402, 0.07146585, 0.2148447 ,
       0.4108541 , 0.01055145, 0.20065904, 0.32714033, 0.08446717,
       0.13421893, 0.05168366, 0.11370587, 0.06464195, 0.462672  ,
       0.00792623, 0.02650619, 0.04955864, 0.07519388, 0.1950903 ,
       0.7765013 , 0.11785817, 0.01629591, 0.12116838, 0.339885  ,
       0.02114034, 0.14124799, 0.24143362, 0.10535574, 0.10898948,
       0.01939654, 0.21066523, 0.08693099, 0.01627147, 0.2753818 ,
       0.02974057, 0.16069221, 0.14387798, 0.3292222 , 0.261842  ,
       0.07945061, 0.16422749, 0.2515489 , 0.20963407, 0.18586826,
       0.2367754 , 0.02537918, 0.04837799, 0.11671853, 0.14483285,
       0.03034067], dtype=float32), 'mean_td_error': np.float64(0.1325550377368927)}}, 'num_env_steps_sampled': 4000, 'num_env_steps_trained': 640000, 'num_agent_steps_sampled': 4000, 'num_agent_steps_trained': 640000, 'last_target_update_ts': 4000, 'num_target_updates': 2500}, 'env_runners': {'episode_reward_max': np.float64(-1718.3458937847283), 'episode_reward_min': np.float64(-2104.4038987762196), 'episode_reward_mean': np.float64(-1842.9123915951918), 'episode_len_mean': np.float64(1000.0), 'episode_media': {}, 'episodes_timesteps_total': 4000, 'policy_reward_min': {'default_policy': np.float64(-2104.4038987762196)}, 'policy_reward_max': {'default_policy': np.float64(-1718.3458937847283)}, 'policy_reward_mean': {'default_policy': np.float64(-1842.9123915951918)}, 'custom_metrics': {}, 'hist_stats': {'episode_reward': [np.float64(-1718.3458937847283), np.float64(-1782.7266933977005), np.float64(-2104.4038987762196), np.float64(-1766.1730804221183)], 'episode_lengths': [1000, 1000, 1000, 1000], 'policy_default_policy_reward': [np.float64(-1718.3458937847283), np.float64(-1782.7266933977005), np.float64(-2104.4038987762196), np.float64(-1766.1730804221183)]}, 'sampler_perf': {'mean_raw_obs_processing_ms': np.float64(0.8121691381332002), 'mean_inference_ms': np.float64(3.2471147079349536), 'mean_action_processing_ms': np.float64(0.12197582694706875), 'mean_env_wait_ms': np.float64(13.687160829146087), 'mean_env_render_ms': np.float64(0.0)}, 'num_faulty_episodes': 0, 'connector_metrics': {'ObsPreprocessorConnector_ms': np.float64(0.048041343688964844), 'StateBufferConnector_ms': np.float64(0.004136562347412109), 'ViewRequirementAgentConnector_ms': np.float64(0.12763142585754395)}, 'num_episodes': 1, 'episode_return_max': np.float64(-1718.3458937847283), 'episode_return_min': np.float64(-2104.4038987762196), 'episode_return_mean': np.float64(-1842.9123915951918), 'episodes_this_iter': 1}, 'num_healthy_workers': 1, 'actor_manager_num_outstanding_async_reqs': 0, 'num_remote_worker_restarts': 0, 'num_agent_steps_sampled': 4000, 'num_agent_steps_trained': 640000, 'num_env_steps_sampled': 4000, 'num_env_steps_trained': 640000, 'num_env_steps_sampled_this_iter': 100, 'num_env_steps_trained_this_iter': 25600, 'num_env_steps_sampled_throughput_per_sec': 7.459151876940668, 'num_env_steps_trained_throughput_per_sec': 1909.542880496811, 'timesteps_total': 4000, 'num_env_steps_sampled_lifetime': 4000, 'num_agent_steps_sampled_lifetime': 4000, 'num_steps_trained_this_iter': 25600, 'agent_timesteps_total': 4000, 'timers': {'training_iteration_time_ms': 13273.061, 'restore_workers_time_ms': 0.007, 'training_step_time_ms': 157.934, 'sample_time_ms': 33.39, 'load_time_ms': 5.662, 'load_throughput': 45213.609, 'learn_time_ms': 29.228, 'learn_throughput': 8758.619, 'synch_weights_time_ms': 18.706}, 'counters': {'num_env_steps_sampled': 4000, 'num_env_steps_trained': 640000, 'num_agent_steps_sampled': 4000, 'num_agent_steps_trained': 640000, 'last_target_update_ts': 4000, 'num_target_updates': 2500}, 'done': False, 'training_iteration': 40, 'trial_id': 'default', 'date': '2026-04-24_14-17-43', 'timestamp': 1777015063, 'time_this_iter_s': 13.423991203308105, 'time_total_s': 374.5330538749695, 'pid': 54804, 'hostname': 'supawich-B760M-Pro-RS-D4', 'node_ip': '192.168.110.31', 'config': {'exploration_config': {'type': 'StochasticSampling'}, 'extra_python_environs_for_driver': {}, 'extra_python_environs_for_worker': {}, 'placement_strategy': 'PACK', 'num_gpus': 1, '_fake_gpus': False, 'num_cpus_for_main_process': 1, 'eager_tracing': True, 'eager_max_retraces': 20, 'tf_session_args': {'intra_op_parallelism_threads': 2, 'inter_op_parallelism_threads': 2, 'gpu_options': {'allow_growth': True}, 'log_device_placement': False, 'device_count': {'CPU': 1}, 'allow_soft_placement': True}, 'local_tf_session_args': {'intra_op_parallelism_threads': 8, 'inter_op_parallelism_threads': 8}, 'torch_compile_learner': False, 'torch_compile_learner_what_to_compile': <TorchCompileWhatToCompile.FORWARD_TRAIN: 'forward_train'>, 'torch_compile_learner_dynamo_backend': 'inductor', 'torch_compile_learner_dynamo_mode': None, 'torch_compile_worker': False, 'torch_compile_worker_dynamo_backend': 'onnxrt', 'torch_compile_worker_dynamo_mode': None, 'torch_ddp_kwargs': {}, 'torch_skip_nan_gradients': False, 'env': 'carla_gt_env', 'env_config': {'host': 'localhost', 'port': 2000}, 'observation_space': None, 'action_space': None, 'clip_rewards': None, 'normalize_actions': True, 'clip_actions': False, '_is_atari': None, 'disable_env_checking': False, 'render_env': False, 'action_mask_key': 'action_mask', 'env_runner_cls': None, 'num_env_runners': 1, 'create_local_env_runner': True, 'num_envs_per_env_runner': 1, 'gym_env_vectorize_mode': 'sync', 'num_cpus_per_env_runner': 1, 'num_gpus_per_env_runner': 0, 'custom_resources_per_env_runner': {}, 'validate_env_runners_after_construction': True, 'episodes_to_numpy': True, 'max_requests_in_flight_per_env_runner': 1, 'sample_timeout_s': 60.0, '_env_to_module_connector': None, 'add_default_connectors_to_env_to_module_pipeline': True, '_module_to_env_connector': None, 'add_default_connectors_to_module_to_env_pipeline': True, 'merge_env_runner_states': 'training_only', 'broadcast_env_runner_states': True, 'episode_lookback_horizon': 1, 'rollout_fragment_length': 'auto', 'batch_mode': 'truncate_episodes', 'compress_observations': False, 'remote_worker_envs': False, 'remote_env_batch_wait_ms': 0, 'enable_tf1_exec_eagerly': False, 'sample_collector': <class 'ray.rllib.evaluation.collectors.simple_list_collector.SimpleListCollector'>, 'preprocessor_pref': 'deepmind', 'observation_filter': 'NoFilter', 'update_worker_filter_stats': True, 'use_worker_filter_stats': True, 'sampler_perf_stats_ema_coef': None, '_is_online': True, 'num_learners': 0, 'num_gpus_per_learner': 0, 'num_cpus_per_learner': 'auto', 'num_aggregator_actors_per_learner': 0, 'max_requests_in_flight_per_aggregator_actor': 3, 'local_gpu_idx': 0, 'max_requests_in_flight_per_learner': 3, 'gamma': 0.99, 'lr': None, 'grad_clip': None, 'grad_clip_by': 'global_norm', '_train_batch_size_per_learner': 256, 'train_batch_size': 256, 'num_epochs': 1, 'minibatch_size': None, 'shuffle_batch_per_epoch': False, 'model': {'fcnet_hiddens': [256, 256], 'fcnet_activation': 'tanh', 'fcnet_weights_initializer': None, 'fcnet_weights_initializer_config': None, 'fcnet_bias_initializer': None, 'fcnet_bias_initializer_config': None, 'conv_filters': None, 'conv_activation': 'relu', 'conv_kernel_initializer': None, 'conv_kernel_initializer_config': None, 'conv_bias_initializer': None, 'conv_bias_initializer_config': None, 'conv_transpose_kernel_initializer': None, 'conv_transpose_kernel_initializer_config': None, 'conv_transpose_bias_initializer': None, 'conv_transpose_bias_initializer_config': None, 'post_fcnet_hiddens': [], 'post_fcnet_activation': 'relu', 'post_fcnet_weights_initializer': None, 'post_fcnet_weights_initializer_config': None, 'post_fcnet_bias_initializer': None, 'post_fcnet_bias_initializer_config': None, 'free_log_std': False, 'log_std_clip_param': 20.0, 'no_final_linear': False, 'vf_share_layers': True, 'use_lstm': False, 'max_seq_len': 20, 'lstm_cell_size': 256, 'lstm_use_prev_action': False, 'lstm_use_prev_reward': False, 'lstm_weights_initializer': None, 'lstm_weights_initializer_config': None, 'lstm_bias_initializer': None, 'lstm_bias_initializer_config': None, '_time_major': False, 'use_attention': False, 'attention_num_transformer_units': 1, 'attention_dim': 64, 'attention_num_heads': 1, 'attention_head_dim': 32, 'attention_memory_inference': 50, 'attention_memory_training': 50, 'attention_position_wise_mlp_dim': 32, 'attention_init_gru_gate_bias': 2.0, 'attention_use_n_prev_actions': 0, 'attention_use_n_prev_rewards': 0, 'framestack': True, 'dim': 84, 'grayscale': False, 'zero_mean': True, 'custom_model': None, 'custom_model_config': {}, 'custom_action_dist': None, 'custom_preprocessor': None, 'encoder_latent_dim': None, 'always_check_shapes': False, 'lstm_use_prev_action_reward': -1, '_use_default_native_models': -1, '_disable_preprocessor_api': False, '_disable_action_flattening': False}, '_learner_connector': None, 'add_default_connectors_to_learner_pipeline': True, 'learner_config_dict': {}, 'optimizer': {}, '_learner_class': None, 'callbacks_on_algorithm_init': None, 'callbacks_on_env_runners_recreated': None, 'callbacks_on_offline_eval_runners_recreated': None, 'callbacks_on_checkpoint_loaded': None, 'callbacks_on_environment_created': None, 'callbacks_on_episode_created': None, 'callbacks_on_episode_start': None, 'callbacks_on_episode_step': None, 'callbacks_on_episode_end': None, 'callbacks_on_evaluate_start': None, 'callbacks_on_evaluate_end': None, 'callbacks_on_evaluate_offline_start': None, 'callbacks_on_evaluate_offline_end': None, 'callbacks_on_sample_end': None, 'callbacks_on_train_result': None, 'explore': True, 'enable_rl_module_and_learner': False, 'enable_env_runner_and_connector_v2': False, '_prior_exploration_config': None, 'count_steps_by': 'env_steps', 'policy_map_capacity': 100, 'policy_mapping_fn': <function AlgorithmConfig.DEFAULT_POLICY_MAPPING_FN at 0x7c3f0e248cc0>, 'policies_to_train': None, 'policy_states_are_swappable': False, 'observation_fn': None, 'offline_data_class': None, 'input_read_method': 'read_parquet', 'input_read_method_kwargs': {}, 'input_read_schema': {}, 'input_read_episodes': False, 'input_read_sample_batches': False, 'input_read_batch_size': None, 'input_filesystem': None, 'input_filesystem_kwargs': {}, 'input_compress_columns': ['obs', 'new_obs'], 'input_spaces_jsonable': True, 'materialize_data': False, 'materialize_mapped_data': True, 'map_batches_kwargs': {}, 'iter_batches_kwargs': {}, 'ignore_final_observation': False, 'prelearner_class': None, 'prelearner_buffer_class': None, 'prelearner_buffer_kwargs': {}, 'prelearner_module_synch_period': 10, 'prelearner_use_recorded_module_states': False, 'dataset_num_iters_per_learner': None, 'input_config': {}, 'actions_in_input_normalized': False, 'postprocess_inputs': False, 'shuffle_buffer_size': 0, 'output': None, 'output_config': {}, 'output_compress_columns': ['obs', 'new_obs'], 'output_max_file_size': 67108864, 'output_max_rows_per_file': None, 'output_write_remaining_data': False, 'output_write_method': 'write_parquet', 'output_write_method_kwargs': {}, 'output_filesystem': None, 'output_filesystem_kwargs': {}, 'output_write_episodes': True, 'offline_sampling': False, 'evaluation_interval': None, 'evaluation_duration': 10, 'evaluation_duration_unit': 'episodes', 'evaluation_sample_timeout_s': 120.0, 'evaluation_auto_duration_min_env_steps_per_sample': 100, 'evaluation_auto_duration_max_env_steps_per_sample': 2000, 'evaluation_parallel_to_training': False, 'evaluation_force_reset_envs_before_iteration': True, 'evaluation_config': None, 'off_policy_estimation_methods': {}, 'ope_split_batch_by_episode': True, 'evaluation_num_env_runners': 0, 'in_evaluation': False, 'sync_filters_on_rollout_workers_timeout_s': 10.0, 'offline_evaluation_interval': None, 'num_offline_eval_runners': 0, 'offline_evaluation_type': 'eval_loss', 'offline_eval_runner_class': None, 'offline_loss_for_module_fn': None, 'offline_evaluation_duration': 1, 'offline_evaluation_parallel_to_training': False, 'offline_evaluation_timeout_s': 120.0, 'num_cpus_per_offline_eval_runner': 1, 'num_gpus_per_offline_eval_runner': 0, 'custom_resources_per_offline_eval_runner': {}, 'restart_failed_offline_eval_runners': True, 'ignore_offline_eval_runner_failures': False, 'max_num_offline_eval_runner_restarts': 1000, 'offline_eval_runner_restore_timeout_s': 1800.0, 'max_requests_in_flight_per_offline_eval_runner': 1, 'validate_offline_eval_runners_after_construction': True, 'offline_eval_runner_health_probe_timeout_s': 30.0, 'offline_eval_rl_module_inference_only': False, 'broadcast_offline_eval_runner_states': False, 'offline_eval_batch_size_per_runner': 256, 'dataset_num_iters_per_eval_runner': 1, 'keep_per_episode_custom_metrics': False, 'metrics_episode_collection_timeout_s': 60.0, 'metrics_num_episodes_for_smoothing': 100, 'min_time_s_per_iteration': 1, 'min_train_timesteps_per_iteration': 0, 'min_sample_timesteps_per_iteration': 100, 'log_gradients': False, 'stats_cls_lookup': {'mean': <class 'ray.rllib.utils.metrics.stats.mean.MeanStats'>, 'ema': <class 'ray.rllib.utils.metrics.stats.ema.EmaStats'>, 'min': <class 'ray.rllib.utils.metrics.stats.min.MinStats'>, 'max': <class 'ray.rllib.utils.metrics.stats.max.MaxStats'>, 'sum': <class 'ray.rllib.utils.metrics.stats.sum.SumStats'>, 'lifetime_sum': <class 'ray.rllib.utils.metrics.stats.lifetime_sum.LifetimeSumStats'>, 'percentiles': <class 'ray.rllib.utils.metrics.stats.percentiles.PercentilesStats'>, 'item': <class 'ray.rllib.utils.metrics.stats.item.ItemStats'>, 'item_series': <class 'ray.rllib.utils.metrics.stats.item_series.ItemSeriesStats'>}, 'export_native_model_files': False, 'checkpoint_trainable_policies_only': False, 'logger_creator': None, 'logger_config': None, 'log_level': 'WARN', 'log_sys_usage': True, 'fake_sampler': False, 'seed': 42, 'restart_failed_env_runners': True, 'ignore_env_runner_failures': True, 'max_num_env_runner_restarts': 1000, 'delay_between_env_runner_restarts_s': 60.0, 'restart_failed_sub_environments': False, 'num_consecutive_env_runner_failures_tolerance': 100, 'env_runner_health_probe_timeout_s': 30.0, 'env_runner_restore_timeout_s': 1800.0, '_model_config': {}, '_rl_module_spec': None, 'algorithm_config_overrides_per_module': {}, '_per_module_overrides': {}, '_validate_config': True, '_use_msgpack_checkpoints': False, '_torch_grad_scaler_class': None, '_torch_lr_scheduler_classes': None, '_tf_policy_handles_more_than_one_loss': False, '_disable_preprocessor_api': False, '_disable_action_flattening': False, '_disable_initialize_loss_from_dummy_batch': False, '_dont_auto_sync_env_runner_states': False, 'env_task_fn': -1, 'enable_connectors': -1, 'simple_optimizer': False, 'policy_map_cache': -1, 'worker_cls': -1, 'synchronize_filters': -1, 'enable_async_evaluation': -1, 'custom_async_evaluation_function': -1, '_enable_rl_module_api': -1, 'auto_wrap_old_gym_envs': -1, 'always_attach_evaluation_results': -1, 'replay_sequence_length': None, '_disable_execution_plan_api': -1, 'twin_q': True, 'q_model_config': {'fcnet_hiddens': [256, 256], 'fcnet_activation': 'relu', 'post_fcnet_hiddens': [], 'post_fcnet_activation': None, 'custom_model': None, 'custom_model_config': {}}, 'policy_model_config': {'fcnet_hiddens': [256, 256], 'fcnet_activation': 'relu', 'post_fcnet_hiddens': [], 'post_fcnet_activation': None, 'custom_model': None, 'custom_model_config': {}}, 'tau': 0.005, 'initial_alpha': 1.0, 'target_entropy': 'auto', 'n_step': 1, 'replay_buffer_config': {'type': 'MultiAgentReplayBuffer', 'capacity': 25000}, 'store_buffer_in_checkpoints': False, 'training_intensity': None, 'optimization': {'actor_learning_rate': 0.0003, 'critic_learning_rate': 0.0003, 'entropy_learning_rate': 0.0003}, 'actor_lr': 0.0003, 'critic_lr': 0.0003, 'alpha_lr': 0.0003, 'target_network_update_freq': 0, 'num_steps_sampled_before_learning_starts': 1500, '_deterministic_loss': False, '_use_beta_distribution': False, 'use_state_preprocessor': -1, 'worker_side_prioritization': -1, 'class': <class 'ray.rllib.algorithms.sac.sac.SACConfig'>, 'input': 'sampler', 'policies': {'default_policy': (None, None, None, None)}, 'callbacks': <class 'ray.rllib.callbacks.callbacks.RLlibCallback'>, 'create_env_on_driver': False, 'custom_eval_function': None, 'framework': 'torch'}, 'time_since_restore': 374.5330538749695, 'iterations_since_restore': 40, 'perf': {'cpu_util_percent': np.float64(24.310526315789474), 'ram_util_percent': np.float64(59.46315789473684)}})
iter= 41 R=-1842.9 len=1000 eps=0 steps=4100
iter= 42 R=-1842.9 len=1000 eps=0 steps=4200
iter= 43 R=-1842.9 len=1000 eps=0 steps=4300
iter= 44 R=-1842.9 len=1000 eps=0 steps=4400
iter= 45 R=-1842.9 len=1000 eps=0 steps=4500
iter= 46 R=-1842.9 len=1000 eps=0 steps=4600
iter= 47 R=-1842.9 len=1000 eps=0 steps=4700
iter= 48 R=-1842.9 len=1000 eps=0 steps=4800
iter= 49 R=-1842.9 len=1000 eps=0 steps=4900
[36m(RolloutWorker pid=55171)[0m [EpisodeRecorder] episode end (terminated=False truncated=True) frames_written=0
[36m(RolloutWorker pid=55171)[0m [CarlaEnv] Spawned ego id=87 at sp_idx=53 (-0.8,24.6) (attempt 2)
[36m(RolloutWorker pid=55171)[0m [EpisodeRecorder] recording episode 5 -> artifacts/episodes/ep_00005.mp4
[36m(RolloutWorker pid=55171)[0m IMAGEIO FFMPEG_WRITER WARNING: input image is not divisible by macro_block_size=16, resizing from (1000, 360) to (1008, 368) to ensure video compatibility with most codecs and players. To prevent resizing, make your input image divisible by the macro_block_size or set the macro_block_size to 1 (risking incompatibility).
iter= 50 R=-1819.8 len=1000 eps=1 steps=5000
  checkpoint saved: TrainingResult(checkpoint=Checkpoint(filesystem=local, path=./checkpoints/gt), metrics={'custom_metrics': {}, 'episode_media': {}, 'info': {'learner': {'default_policy': {'custom_metrics': {}, 'learner_stats': {'actor_loss': np.float64(8.932657241821289), 'critic_loss': np.float64(0.0187637060880661), 'alpha_loss': np.float64(-5.272588729858398), 'alpha_value': np.float32(0.34996095), 'log_alpha_value': np.float32(-1.0499337), 'target_entropy': np.float32(-3.0), 'policy_t': np.float64(0.02132047712802887), 'mean_q': np.float64(-9.631193161010742), 'max_q': np.float64(-0.964438259601593), 'min_q': np.float64(-15.739811897277832)}, 'model': {}, 'num_grad_updates_lifetime': np.float64(3500.0), 'diff_num_grad_updates_vs_sampler_policy': np.float64(3499.0), 'td_error': array([0.2768321 , 0.08494282, 0.09969091, 0.18082476, 0.23433208,
       0.06816363, 0.34627485, 0.25434995, 0.10621214, 0.17848635,
       0.06301332, 0.17354965, 0.01596212, 0.34370542, 0.19617271,
       0.3862958 , 0.23097944, 0.01859713, 0.34697056, 0.1349454 ,
       0.2619996 , 0.03244066, 0.14079285, 0.30485892, 0.07064867,
       0.8767121 , 0.05912113, 0.18298674, 0.04656696, 0.24484062,
       0.02626562, 0.05931711, 0.08696985, 0.0355401 , 0.13661933,
       0.16607809, 0.10254145, 0.06321049, 0.08210516, 0.19644499,
       0.11268735, 0.10084772, 0.01612663, 0.07072163, 0.18505907,
       0.19475031, 0.11763811, 0.00751019, 0.0391345 , 0.04756188,
       0.08456707, 0.01643896, 0.2473197 , 0.36000013, 0.024405  ,
       0.11105347, 0.05066395, 0.16641283, 0.00507212, 0.03633618,
       0.1504035 , 0.5054596 , 0.08203554, 0.02729797, 0.04239082,
       0.22771406, 0.19750881, 0.1606586 , 0.25375223, 0.00764894,
       0.13321137, 0.06712842, 0.19226027, 0.01063657, 0.1680255 ,
       0.2887349 , 0.27401614, 0.01176977, 0.0439918 , 0.05106926,
       0.17585611, 0.26008606, 0.12241364, 0.32242632, 0.09707212,
       0.1880827 , 0.21731901, 0.2588582 , 0.11537862, 0.5520673 ,
       0.07901907, 0.08263588, 0.16586494, 0.01499367, 0.35589266,
       0.21662092, 0.21886396, 0.04728293, 0.20042276, 0.11677408,
       0.19505978, 0.10801375, 0.18328357, 0.07788134, 0.00583243,
       0.00977659, 0.24786663, 0.01521015, 0.12571478, 0.03558397,
       0.0481019 , 0.21278143, 0.05249023, 0.18398666, 0.11588836,
       0.27267313, 0.14168596, 0.03807306, 0.2594099 , 0.07526183,
       0.19156528, 0.14883995, 0.0486722 , 0.12599087, 0.22358608,
       0.25882864, 0.2464521 , 0.11353862, 0.1615789 , 0.29000092,
       0.21125841, 0.44696832, 0.06705022, 0.02517939, 0.15299654,
       0.18518448, 0.09308147, 0.13800526, 0.02442789, 0.05785418,
       0.04728603, 0.18590689, 0.20000792, 0.13315845, 0.01969767,
       0.12887764, 0.09439325, 0.03076506, 0.25910807, 0.09448242,
       0.07775402, 0.13704109, 0.37447023, 0.01455355, 0.06594038,
       0.26272392, 0.20080817, 0.19293451, 0.07149124, 0.08835077,
       0.19073582, 0.17518306, 0.04391432, 0.12062597, 0.05917668,
       0.29096842, 0.08979034, 0.20434594, 0.11869717, 0.20747614,
       0.0479784 , 0.3278613 , 0.01803207, 0.12491679, 0.26287174,
       0.18519449, 0.03713465, 0.06346369, 0.26461887, 0.18844056,
       0.0438652 , 0.08317971, 0.10494208, 0.34063625, 0.11159515,
       0.16158819, 0.28225636, 0.36818862, 0.15068007, 0.2567277 ,
       0.32480145, 0.09437966, 0.16525745, 0.09553385, 0.04442692,
       0.1556406 , 0.3278978 , 0.20690441, 0.11751795, 0.02277517,
       0.38198996, 0.21481967, 0.13897991, 0.09560513, 0.0622766 ,
       0.1393156 , 0.17959595, 0.312068  , 0.11773634, 0.14836454,
       0.10263395, 0.15083647, 0.14669418, 0.09988022, 0.37143087,
       0.0905304 , 0.24655628, 0.04958916, 0.15403461, 0.25823736,
       0.13574839, 0.26607418, 0.4347421 , 0.02524209, 0.19194555,
       0.03590822, 0.10561943, 0.15754128, 0.12848616, 0.05083704,
       0.17373037, 0.15932083, 0.19772077, 0.24016047, 0.10251284,
       0.19548893, 0.22567225, 0.08077049, 0.19503641, 0.01702356,
       0.10753393, 0.32217932, 0.45453405, 0.25889397, 0.15090656,
       0.07276821, 0.06986189, 0.04921389, 0.09125662, 0.12995195,
       0.04995537, 0.18391299, 0.15366912, 0.00620794, 0.14762163,
       0.3073454 ], dtype=float32), 'mean_td_error': np.float64(0.15440034866333008)}}, 'num_env_steps_sampled': 5000, 'num_env_steps_trained': 896000, 'num_agent_steps_sampled': 5000, 'num_agent_steps_trained': 896000, 'last_target_update_ts': 5000, 'num_target_updates': 3500}, 'env_runners': {'episode_reward_max': np.float64(-1718.3458937847283), 'episode_reward_min': np.float64(-2104.4038987762196), 'episode_reward_mean': np.float64(-1819.8378099886736), 'episode_len_mean': np.float64(1000.0), 'episode_media': {}, 'episodes_timesteps_total': 5000, 'policy_reward_min': {'default_policy': np.float64(-2104.4038987762196)}, 'policy_reward_max': {'default_policy': np.float64(-1718.3458937847283)}, 'policy_reward_mean': {'default_policy': np.float64(-1819.8378099886736)}, 'custom_metrics': {}, 'hist_stats': {'episode_reward': [np.float64(-1718.3458937847283), np.float64(-1782.7266933977005), np.float64(-2104.4038987762196), np.float64(-1766.1730804221183), np.float64(-1727.5394835626018)], 'episode_lengths': [1000, 1000, 1000, 1000, 1000], 'policy_default_policy_reward': [np.float64(-1718.3458937847283), np.float64(-1782.7266933977005), np.float64(-2104.4038987762196), np.float64(-1766.1730804221183), np.float64(-1727.5394835626018)]}, 'sampler_perf': {'mean_raw_obs_processing_ms': np.float64(0.7930681170287519), 'mean_inference_ms': np.float64(3.164339100867265), 'mean_action_processing_ms': np.float64(0.11924695589278211), 'mean_env_wait_ms': np.float64(12.49796994508371), 'mean_env_render_ms': np.float64(0.0)}, 'num_faulty_episodes': 0, 'connector_metrics': {'ObsPreprocessorConnector_ms': np.float64(0.04689216613769531), 'StateBufferConnector_ms': np.float64(0.004038810729980469), 'ViewRequirementAgentConnector_ms': np.float64(0.12486457824707031)}, 'num_episodes': 1, 'episode_return_max': np.float64(-1718.3458937847283), 'episode_return_min': np.float64(-2104.4038987762196), 'episode_return_mean': np.float64(-1819.8378099886736), 'episodes_this_iter': 1}, 'num_healthy_workers': 1, 'actor_manager_num_outstanding_async_reqs': 0, 'num_remote_worker_restarts': 0, 'num_agent_steps_sampled': 5000, 'num_agent_steps_trained': 896000, 'num_env_steps_sampled': 5000, 'num_env_steps_trained': 896000, 'num_env_steps_sampled_this_iter': 100, 'num_env_steps_trained_this_iter': 25600, 'num_env_steps_sampled_throughput_per_sec': 7.4304361663464435, 'num_env_steps_trained_throughput_per_sec': 1902.1916585846895, 'timesteps_total': 5000, 'num_env_steps_sampled_lifetime': 5000, 'num_agent_steps_sampled_lifetime': 5000, 'num_steps_trained_this_iter': 25600, 'agent_timesteps_total': 5000, 'timers': {'training_iteration_time_ms': 13179.566, 'restore_workers_time_ms': 0.007, 'training_step_time_ms': 149.227, 'sample_time_ms': 43.029, 'load_time_ms': 5.192, 'load_throughput': 49308.497, 'learn_time_ms': 26.406, 'learn_throughput': 9694.687, 'synch_weights_time_ms': 8.573}, 'counters': {'num_env_steps_sampled': 5000, 'num_env_steps_trained': 896000, 'num_agent_steps_sampled': 5000, 'num_agent_steps_trained': 896000, 'last_target_update_ts': 5000, 'num_target_updates': 3500}, 'done': False, 'training_iteration': 50, 'trial_id': 'default', 'date': '2026-04-24_14-19-55', 'timestamp': 1777015195, 'time_this_iter_s': 13.478004455566406, 'time_total_s': 506.4896535873413, 'pid': 54804, 'hostname': 'supawich-B760M-Pro-RS-D4', 'node_ip': '192.168.110.31', 'config': {'exploration_config': {'type': 'StochasticSampling'}, 'extra_python_environs_for_driver': {}, 'extra_python_environs_for_worker': {}, 'placement_strategy': 'PACK', 'num_gpus': 1, '_fake_gpus': False, 'num_cpus_for_main_process': 1, 'eager_tracing': True, 'eager_max_retraces': 20, 'tf_session_args': {'intra_op_parallelism_threads': 2, 'inter_op_parallelism_threads': 2, 'gpu_options': {'allow_growth': True}, 'log_device_placement': False, 'device_count': {'CPU': 1}, 'allow_soft_placement': True}, 'local_tf_session_args': {'intra_op_parallelism_threads': 8, 'inter_op_parallelism_threads': 8}, 'torch_compile_learner': False, 'torch_compile_learner_what_to_compile': <TorchCompileWhatToCompile.FORWARD_TRAIN: 'forward_train'>, 'torch_compile_learner_dynamo_backend': 'inductor', 'torch_compile_learner_dynamo_mode': None, 'torch_compile_worker': False, 'torch_compile_worker_dynamo_backend': 'onnxrt', 'torch_compile_worker_dynamo_mode': None, 'torch_ddp_kwargs': {}, 'torch_skip_nan_gradients': False, 'env': 'carla_gt_env', 'env_config': {'host': 'localhost', 'port': 2000}, 'observation_space': None, 'action_space': None, 'clip_rewards': None, 'normalize_actions': True, 'clip_actions': False, '_is_atari': None, 'disable_env_checking': False, 'render_env': False, 'action_mask_key': 'action_mask', 'env_runner_cls': None, 'num_env_runners': 1, 'create_local_env_runner': True, 'num_envs_per_env_runner': 1, 'gym_env_vectorize_mode': 'sync', 'num_cpus_per_env_runner': 1, 'num_gpus_per_env_runner': 0, 'custom_resources_per_env_runner': {}, 'validate_env_runners_after_construction': True, 'episodes_to_numpy': True, 'max_requests_in_flight_per_env_runner': 1, 'sample_timeout_s': 60.0, '_env_to_module_connector': None, 'add_default_connectors_to_env_to_module_pipeline': True, '_module_to_env_connector': None, 'add_default_connectors_to_module_to_env_pipeline': True, 'merge_env_runner_states': 'training_only', 'broadcast_env_runner_states': True, 'episode_lookback_horizon': 1, 'rollout_fragment_length': 'auto', 'batch_mode': 'truncate_episodes', 'compress_observations': False, 'remote_worker_envs': False, 'remote_env_batch_wait_ms': 0, 'enable_tf1_exec_eagerly': False, 'sample_collector': <class 'ray.rllib.evaluation.collectors.simple_list_collector.SimpleListCollector'>, 'preprocessor_pref': 'deepmind', 'observation_filter': 'NoFilter', 'update_worker_filter_stats': True, 'use_worker_filter_stats': True, 'sampler_perf_stats_ema_coef': None, '_is_online': True, 'num_learners': 0, 'num_gpus_per_learner': 0, 'num_cpus_per_learner': 'auto', 'num_aggregator_actors_per_learner': 0, 'max_requests_in_flight_per_aggregator_actor': 3, 'local_gpu_idx': 0, 'max_requests_in_flight_per_learner': 3, 'gamma': 0.99, 'lr': None, 'grad_clip': None, 'grad_clip_by': 'global_norm', '_train_batch_size_per_learner': 256, 'train_batch_size': 256, 'num_epochs': 1, 'minibatch_size': None, 'shuffle_batch_per_epoch': False, 'model': {'fcnet_hiddens': [256, 256], 'fcnet_activation': 'tanh', 'fcnet_weights_initializer': None, 'fcnet_weights_initializer_config': None, 'fcnet_bias_initializer': None, 'fcnet_bias_initializer_config': None, 'conv_filters': None, 'conv_activation': 'relu', 'conv_kernel_initializer': None, 'conv_kernel_initializer_config': None, 'conv_bias_initializer': None, 'conv_bias_initializer_config': None, 'conv_transpose_kernel_initializer': None, 'conv_transpose_kernel_initializer_config': None, 'conv_transpose_bias_initializer': None, 'conv_transpose_bias_initializer_config': None, 'post_fcnet_hiddens': [], 'post_fcnet_activation': 'relu', 'post_fcnet_weights_initializer': None, 'post_fcnet_weights_initializer_config': None, 'post_fcnet_bias_initializer': None, 'post_fcnet_bias_initializer_config': None, 'free_log_std': False, 'log_std_clip_param': 20.0, 'no_final_linear': False, 'vf_share_layers': True, 'use_lstm': False, 'max_seq_len': 20, 'lstm_cell_size': 256, 'lstm_use_prev_action': False, 'lstm_use_prev_reward': False, 'lstm_weights_initializer': None, 'lstm_weights_initializer_config': None, 'lstm_bias_initializer': None, 'lstm_bias_initializer_config': None, '_time_major': False, 'use_attention': False, 'attention_num_transformer_units': 1, 'attention_dim': 64, 'attention_num_heads': 1, 'attention_head_dim': 32, 'attention_memory_inference': 50, 'attention_memory_training': 50, 'attention_position_wise_mlp_dim': 32, 'attention_init_gru_gate_bias': 2.0, 'attention_use_n_prev_actions': 0, 'attention_use_n_prev_rewards': 0, 'framestack': True, 'dim': 84, 'grayscale': False, 'zero_mean': True, 'custom_model': None, 'custom_model_config': {}, 'custom_action_dist': None, 'custom_preprocessor': None, 'encoder_latent_dim': None, 'always_check_shapes': False, 'lstm_use_prev_action_reward': -1, '_use_default_native_models': -1, '_disable_preprocessor_api': False, '_disable_action_flattening': False}, '_learner_connector': None, 'add_default_connectors_to_learner_pipeline': True, 'learner_config_dict': {}, 'optimizer': {}, '_learner_class': None, 'callbacks_on_algorithm_init': None, 'callbacks_on_env_runners_recreated': None, 'callbacks_on_offline_eval_runners_recreated': None, 'callbacks_on_checkpoint_loaded': None, 'callbacks_on_environment_created': None, 'callbacks_on_episode_created': None, 'callbacks_on_episode_start': None, 'callbacks_on_episode_step': None, 'callbacks_on_episode_end': None, 'callbacks_on_evaluate_start': None, 'callbacks_on_evaluate_end': None, 'callbacks_on_evaluate_offline_start': None, 'callbacks_on_evaluate_offline_end': None, 'callbacks_on_sample_end': None, 'callbacks_on_train_result': None, 'explore': True, 'enable_rl_module_and_learner': False, 'enable_env_runner_and_connector_v2': False, '_prior_exploration_config': None, 'count_steps_by': 'env_steps', 'policy_map_capacity': 100, 'policy_mapping_fn': <function AlgorithmConfig.DEFAULT_POLICY_MAPPING_FN at 0x7c3f0e248cc0>, 'policies_to_train': None, 'policy_states_are_swappable': False, 'observation_fn': None, 'offline_data_class': None, 'input_read_method': 'read_parquet', 'input_read_method_kwargs': {}, 'input_read_schema': {}, 'input_read_episodes': False, 'input_read_sample_batches': False, 'input_read_batch_size': None, 'input_filesystem': None, 'input_filesystem_kwargs': {}, 'input_compress_columns': ['obs', 'new_obs'], 'input_spaces_jsonable': True, 'materialize_data': False, 'materialize_mapped_data': True, 'map_batches_kwargs': {}, 'iter_batches_kwargs': {}, 'ignore_final_observation': False, 'prelearner_class': None, 'prelearner_buffer_class': None, 'prelearner_buffer_kwargs': {}, 'prelearner_module_synch_period': 10, 'prelearner_use_recorded_module_states': False, 'dataset_num_iters_per_learner': None, 'input_config': {}, 'actions_in_input_normalized': False, 'postprocess_inputs': False, 'shuffle_buffer_size': 0, 'output': None, 'output_config': {}, 'output_compress_columns': ['obs', 'new_obs'], 'output_max_file_size': 67108864, 'output_max_rows_per_file': None, 'output_write_remaining_data': False, 'output_write_method': 'write_parquet', 'output_write_method_kwargs': {}, 'output_filesystem': None, 'output_filesystem_kwargs': {}, 'output_write_episodes': True, 'offline_sampling': False, 'evaluation_interval': None, 'evaluation_duration': 10, 'evaluation_duration_unit': 'episodes', 'evaluation_sample_timeout_s': 120.0, 'evaluation_auto_duration_min_env_steps_per_sample': 100, 'evaluation_auto_duration_max_env_steps_per_sample': 2000, 'evaluation_parallel_to_training': False, 'evaluation_force_reset_envs_before_iteration': True, 'evaluation_config': None, 'off_policy_estimation_methods': {}, 'ope_split_batch_by_episode': True, 'evaluation_num_env_runners': 0, 'in_evaluation': False, 'sync_filters_on_rollout_workers_timeout_s': 10.0, 'offline_evaluation_interval': None, 'num_offline_eval_runners': 0, 'offline_evaluation_type': 'eval_loss', 'offline_eval_runner_class': None, 'offline_loss_for_module_fn': None, 'offline_evaluation_duration': 1, 'offline_evaluation_parallel_to_training': False, 'offline_evaluation_timeout_s': 120.0, 'num_cpus_per_offline_eval_runner': 1, 'num_gpus_per_offline_eval_runner': 0, 'custom_resources_per_offline_eval_runner': {}, 'restart_failed_offline_eval_runners': True, 'ignore_offline_eval_runner_failures': False, 'max_num_offline_eval_runner_restarts': 1000, 'offline_eval_runner_restore_timeout_s': 1800.0, 'max_requests_in_flight_per_offline_eval_runner': 1, 'validate_offline_eval_runners_after_construction': True, 'offline_eval_runner_health_probe_timeout_s': 30.0, 'offline_eval_rl_module_inference_only': False, 'broadcast_offline_eval_runner_states': False, 'offline_eval_batch_size_per_runner': 256, 'dataset_num_iters_per_eval_runner': 1, 'keep_per_episode_custom_metrics': False, 'metrics_episode_collection_timeout_s': 60.0, 'metrics_num_episodes_for_smoothing': 100, 'min_time_s_per_iteration': 1, 'min_train_timesteps_per_iteration': 0, 'min_sample_timesteps_per_iteration': 100, 'log_gradients': False, 'stats_cls_lookup': {'mean': <class 'ray.rllib.utils.metrics.stats.mean.MeanStats'>, 'ema': <class 'ray.rllib.utils.metrics.stats.ema.EmaStats'>, 'min': <class 'ray.rllib.utils.metrics.stats.min.MinStats'>, 'max': <class 'ray.rllib.utils.metrics.stats.max.MaxStats'>, 'sum': <class 'ray.rllib.utils.metrics.stats.sum.SumStats'>, 'lifetime_sum': <class 'ray.rllib.utils.metrics.stats.lifetime_sum.LifetimeSumStats'>, 'percentiles': <class 'ray.rllib.utils.metrics.stats.percentiles.PercentilesStats'>, 'item': <class 'ray.rllib.utils.metrics.stats.item.ItemStats'>, 'item_series': <class 'ray.rllib.utils.metrics.stats.item_series.ItemSeriesStats'>}, 'export_native_model_files': False, 'checkpoint_trainable_policies_only': False, 'logger_creator': None, 'logger_config': None, 'log_level': 'WARN', 'log_sys_usage': True, 'fake_sampler': False, 'seed': 42, 'restart_failed_env_runners': True, 'ignore_env_runner_failures': True, 'max_num_env_runner_restarts': 1000, 'delay_between_env_runner_restarts_s': 60.0, 'restart_failed_sub_environments': False, 'num_consecutive_env_runner_failures_tolerance': 100, 'env_runner_health_probe_timeout_s': 30.0, 'env_runner_restore_timeout_s': 1800.0, '_model_config': {}, '_rl_module_spec': None, 'algorithm_config_overrides_per_module': {}, '_per_module_overrides': {}, '_validate_config': True, '_use_msgpack_checkpoints': False, '_torch_grad_scaler_class': None, '_torch_lr_scheduler_classes': None, '_tf_policy_handles_more_than_one_loss': False, '_disable_preprocessor_api': False, '_disable_action_flattening': False, '_disable_initialize_loss_from_dummy_batch': False, '_dont_auto_sync_env_runner_states': False, 'env_task_fn': -1, 'enable_connectors': -1, 'simple_optimizer': False, 'policy_map_cache': -1, 'worker_cls': -1, 'synchronize_filters': -1, 'enable_async_evaluation': -1, 'custom_async_evaluation_function': -1, '_enable_rl_module_api': -1, 'auto_wrap_old_gym_envs': -1, 'always_attach_evaluation_results': -1, 'replay_sequence_length': None, '_disable_execution_plan_api': -1, 'twin_q': True, 'q_model_config': {'fcnet_hiddens': [256, 256], 'fcnet_activation': 'relu', 'post_fcnet_hiddens': [], 'post_fcnet_activation': None, 'custom_model': None, 'custom_model_config': {}}, 'policy_model_config': {'fcnet_hiddens': [256, 256], 'fcnet_activation': 'relu', 'post_fcnet_hiddens': [], 'post_fcnet_activation': None, 'custom_model': None, 'custom_model_config': {}}, 'tau': 0.005, 'initial_alpha': 1.0, 'target_entropy': 'auto', 'n_step': 1, 'replay_buffer_config': {'type': 'MultiAgentReplayBuffer', 'capacity': 25000}, 'store_buffer_in_checkpoints': False, 'training_intensity': None, 'optimization': {'actor_learning_rate': 0.0003, 'critic_learning_rate': 0.0003, 'entropy_learning_rate': 0.0003}, 'actor_lr': 0.0003, 'critic_lr': 0.0003, 'alpha_lr': 0.0003, 'target_network_update_freq': 0, 'num_steps_sampled_before_learning_starts': 1500, '_deterministic_loss': False, '_use_beta_distribution': False, 'use_state_preprocessor': -1, 'worker_side_prioritization': -1, 'class': <class 'ray.rllib.algorithms.sac.sac.SACConfig'>, 'input': 'sampler', 'policies': {'default_policy': (None, None, None, None)}, 'callbacks': <class 'ray.rllib.callbacks.callbacks.RLlibCallback'>, 'create_env_on_driver': False, 'custom_eval_function': None, 'framework': 'torch'}, 'time_since_restore': 506.4896535873413, 'iterations_since_restore': 50, 'perf': {'cpu_util_percent': np.float64(24.52631578947368), 'ram_util_percent': np.float64(57.63157894736842)}})
iter= 51 R=-1819.8 len=1000 eps=0 steps=5100
iter= 52 R=-1819.8 len=1000 eps=0 steps=5200
iter= 53 R=-1819.8 len=1000 eps=0 steps=5300
iter= 54 R=-1819.8 len=1000 eps=0 steps=5400
iter= 55 R=-1819.8 len=1000 eps=0 steps=5500
iter= 56 R=-1819.8 len=1000 eps=0 steps=5600
iter= 57 R=-1819.8 len=1000 eps=0 steps=5700
iter= 58 R=-1819.8 len=1000 eps=0 steps=5800
iter= 59 R=-1819.8 len=1000 eps=0 steps=5900
[36m(RolloutWorker pid=55171)[0m [EpisodeRecorder] episode end (terminated=False truncated=True) frames_written=1000
[36m(RolloutWorker pid=55171)[0m [EpisodeRecorder] finalized artifacts/episodes/ep_00005.mp4 (14999548 bytes, 1000 frames)
[36m(RolloutWorker pid=55171)[0m [CarlaEnv] Spawned ego id=90 at sp_idx=103 (-45.3,-1.7) (attempt 2)
iter= 60 R=-1813.5 len=1000 eps=1 steps=6000
  checkpoint saved: TrainingResult(checkpoint=Checkpoint(filesystem=local, path=./checkpoints/gt), metrics={'custom_metrics': {}, 'episode_media': {}, 'info': {'learner': {'default_policy': {'custom_metrics': {}, 'learner_stats': {'actor_loss': np.float64(15.505718231201172), 'critic_loss': np.float64(0.029402878135442734), 'alpha_loss': np.float64(-6.788041114807129), 'alpha_value': np.float32(0.25937256), 'log_alpha_value': np.float32(-1.3494898), 'target_entropy': np.float32(-3.0), 'policy_t': np.float64(0.015039436519145966), 'mean_q': np.float64(-15.945371627807617), 'max_q': np.float64(-5.317458152770996), 'min_q': np.float64(-23.171863555908203)}, 'model': {}, 'num_grad_updates_lifetime': np.float64(4500.0), 'diff_num_grad_updates_vs_sampler_policy': np.float64(4499.0), 'td_error': array([0.15995312, 0.11236477, 0.12819147, 0.07685423, 0.12617302,
       0.13179111, 0.07612085, 0.11431885, 0.07738972, 0.09620523,
       0.30358076, 0.08076048, 0.29358006, 0.01095009, 0.11231613,
       0.09638453, 0.17859077, 0.3694296 , 0.16879368, 0.10534668,
       0.07933331, 0.0342989 , 0.05597591, 0.05640984, 0.11555004,
       0.6042583 , 0.0879879 , 0.08113289, 0.35753632, 0.34638548,
       0.03865051, 0.4468422 , 0.0644455 , 0.10892344, 0.09097528,
       0.07177925, 0.09369278, 0.19419956, 0.07939625, 0.05200911,
       0.13256884, 0.12379742, 0.05946445, 0.05735493, 0.09048986,
       0.03251505, 0.09395456, 0.0444026 , 0.06191015, 0.07280016,
       0.8934965 , 0.11070728, 0.06732988, 0.15431404, 0.09133625,
       0.0725956 , 0.09025955, 0.4088745 , 0.13345575, 0.22073364,
       0.06637049, 0.02067375, 0.07592869, 0.54497194, 0.26406384,
       0.11809254, 0.06438351, 0.0798111 , 0.05921268, 0.2100954 ,
       0.29872894, 0.07277155, 0.18469048, 0.05751562, 0.08496094,
       0.049119  , 0.19384146, 0.11986351, 0.09709358, 0.07264328,
       0.10049438, 0.06680298, 0.07907438, 0.07394409, 0.11673927,
       0.08973026, 0.20220757, 0.06874895, 0.08213377, 0.04679108,
       0.20712662, 0.1345334 , 0.15322638, 0.15290833, 0.14212608,
       0.23991108, 0.05894375, 0.14450216, 0.09264088, 0.17525291,
       0.21160412, 0.082479  , 0.10036135, 0.15579224, 0.1384902 ,
       0.05044746, 0.0752182 , 0.22836924, 0.07582378, 0.09957981,
       0.21758986, 0.07214022, 0.20645571, 0.06709957, 0.14350843,
       0.1347022 , 0.05138111, 0.09905291, 0.05946732, 0.02084732,
       0.06044626, 0.0550456 , 0.07294798, 0.11815643, 0.08956432,
       0.50450754, 0.02989578, 0.05914688, 0.32190704, 0.10005045,
       0.05366707, 0.07759285, 0.17242289, 0.13483334, 0.10828018,
       0.0810008 , 0.07363033, 0.05280209, 0.08748722, 0.04932308,
       0.05865431, 0.07082748, 0.2594204 , 0.10041523, 0.195611  ,
       0.07111168, 0.10617447, 0.234169  , 0.06104279, 0.06797934,
       0.13329601, 0.05367661, 0.05977345, 0.514812  , 0.19695282,
       0.12519836, 0.21980858, 0.05351019, 0.06722927, 0.14492941,
       0.06793451, 0.20986032, 0.07663393, 0.12343836, 0.05279779,
       0.20755386, 0.03274727, 0.05480671, 0.13318539, 0.05949879,
       0.21072054, 0.05461407, 0.06670904, 0.12318707, 0.23929882,
       0.03818321, 0.02829552, 0.10351801, 0.09990931, 0.03560734,
       0.112854  , 0.05263329, 0.0787673 , 0.05691195, 0.04574585,
       2.0219712 , 0.03864145, 0.06096792, 0.10271263, 0.09550476,
       0.2796178 , 0.08916426, 0.07367516, 0.07438135, 0.05342722,
       0.13885307, 0.08213186, 0.09652233, 0.1106205 , 0.1399169 ,
       0.10379219, 0.30878735, 0.89424324, 0.09604836, 0.1308794 ,
       0.05957985, 0.10200405, 0.11077261, 0.03584719, 0.12502384,
       0.21690083, 0.23323631, 0.09034967, 0.14111996, 0.06315279,
       0.05070686, 0.15306473, 0.02059364, 1.6576128 , 0.04664803,
       0.13443947, 0.08463097, 0.1695466 , 0.17471886, 0.18693542,
       0.13119125, 0.11121416, 0.0648241 , 0.01186848, 0.11250925,
       0.08849716, 0.15824223, 0.11312389, 0.11647892, 0.23508358,
       0.06875896, 0.24758339, 1.02843   , 0.08970642, 0.18080568,
       0.38219023, 0.21925259, 0.29482317, 0.12168121, 0.09682989,
       0.26181507, 0.08525372, 0.09516525, 0.23961926, 0.11286402,
       0.05949974, 0.06192589, 0.1888814 , 0.57674694, 0.05553436,
       0.10123968], dtype=float32), 'mean_td_error': np.float64(0.14987272024154663)}}, 'num_env_steps_sampled': 6000, 'num_env_steps_trained': 1152000, 'num_agent_steps_sampled': 6000, 'num_agent_steps_trained': 1152000, 'last_target_update_ts': 6000, 'num_target_updates': 4500}, 'env_runners': {'episode_reward_max': np.float64(-1718.3458937847283), 'episode_reward_min': np.float64(-2104.4038987762196), 'episode_reward_mean': np.float64(-1813.4682368397025), 'episode_len_mean': np.float64(1000.0), 'episode_media': {}, 'episodes_timesteps_total': 6000, 'policy_reward_min': {'default_policy': np.float64(-2104.4038987762196)}, 'policy_reward_max': {'default_policy': np.float64(-1718.3458937847283)}, 'policy_reward_mean': {'default_policy': np.float64(-1813.4682368397025)}, 'custom_metrics': {}, 'hist_stats': {'episode_reward': [np.float64(-1718.3458937847283), np.float64(-1782.7266933977005), np.float64(-2104.4038987762196), np.float64(-1766.1730804221183), np.float64(-1727.5394835626018), np.float64(-1781.6203710948466)], 'episode_lengths': [1000, 1000, 1000, 1000, 1000, 1000], 'policy_default_policy_reward': [np.float64(-1718.3458937847283), np.float64(-1782.7266933977005), np.float64(-2104.4038987762196), np.float64(-1766.1730804221183), np.float64(-1727.5394835626018), np.float64(-1781.6203710948466)]}, 'sampler_perf': {'mean_raw_obs_processing_ms': np.float64(0.7781063942186853), 'mean_inference_ms': np.float64(3.0991064831690465), 'mean_action_processing_ms': np.float64(0.11708086646999705), 'mean_env_wait_ms': np.float64(11.606644051880002), 'mean_env_render_ms': np.float64(0.0)}, 'num_faulty_episodes': 0, 'connector_metrics': {'ObsPreprocessorConnector_ms': np.float64(0.04649162292480469), 'StateBufferConnector_ms': np.float64(0.004065036773681641), 'ViewRequirementAgentConnector_ms': np.float64(0.12485186258951823)}, 'num_episodes': 1, 'episode_return_max': np.float64(-1718.3458937847283), 'episode_return_min': np.float64(-2104.4038987762196), 'episode_return_mean': np.float64(-1813.4682368397025), 'episodes_this_iter': 1}, 'num_healthy_workers': 1, 'actor_manager_num_outstanding_async_reqs': 0, 'num_remote_worker_restarts': 0, 'num_agent_steps_sampled': 6000, 'num_agent_steps_trained': 1152000, 'num_env_steps_sampled': 6000, 'num_env_steps_trained': 1152000, 'num_env_steps_sampled_this_iter': 100, 'num_env_steps_trained_this_iter': 25600, 'num_env_steps_sampled_throughput_per_sec': 7.245513729978896, 'num_env_steps_trained_throughput_per_sec': 1854.8515148745973, 'timesteps_total': 6000, 'num_env_steps_sampled_lifetime': 6000, 'num_agent_steps_sampled_lifetime': 6000, 'num_steps_trained_this_iter': 25600, 'agent_timesteps_total': 6000, 'timers': {'training_iteration_time_ms': 13379.054, 'restore_workers_time_ms': 0.007, 'training_step_time_ms': 180.85, 'sample_time_ms': 59.804, 'load_time_ms': 5.231, 'load_throughput': 48941.704, 'learn_time_ms': 27.093, 'learn_throughput': 9448.9, 'synch_weights_time_ms': 19.016}, 'counters': {'num_env_steps_sampled': 6000, 'num_env_steps_trained': 1152000, 'num_agent_steps_sampled': 6000, 'num_agent_steps_trained': 1152000, 'last_target_update_ts': 6000, 'num_target_updates': 4500}, 'done': False, 'training_iteration': 60, 'trial_id': 'default', 'date': '2026-04-24_14-22-09', 'timestamp': 1777015329, 'time_this_iter_s': 13.817274570465088, 'time_total_s': 640.4503874778748, 'pid': 54804, 'hostname': 'supawich-B760M-Pro-RS-D4', 'node_ip': '192.168.110.31', 'config': {'exploration_config': {'type': 'StochasticSampling'}, 'extra_python_environs_for_driver': {}, 'extra_python_environs_for_worker': {}, 'placement_strategy': 'PACK', 'num_gpus': 1, '_fake_gpus': False, 'num_cpus_for_main_process': 1, 'eager_tracing': True, 'eager_max_retraces': 20, 'tf_session_args': {'intra_op_parallelism_threads': 2, 'inter_op_parallelism_threads': 2, 'gpu_options': {'allow_growth': True}, 'log_device_placement': False, 'device_count': {'CPU': 1}, 'allow_soft_placement': True}, 'local_tf_session_args': {'intra_op_parallelism_threads': 8, 'inter_op_parallelism_threads': 8}, 'torch_compile_learner': False, 'torch_compile_learner_what_to_compile': <TorchCompileWhatToCompile.FORWARD_TRAIN: 'forward_train'>, 'torch_compile_learner_dynamo_backend': 'inductor', 'torch_compile_learner_dynamo_mode': None, 'torch_compile_worker': False, 'torch_compile_worker_dynamo_backend': 'onnxrt', 'torch_compile_worker_dynamo_mode': None, 'torch_ddp_kwargs': {}, 'torch_skip_nan_gradients': False, 'env': 'carla_gt_env', 'env_config': {'host': 'localhost', 'port': 2000}, 'observation_space': None, 'action_space': None, 'clip_rewards': None, 'normalize_actions': True, 'clip_actions': False, '_is_atari': None, 'disable_env_checking': False, 'render_env': False, 'action_mask_key': 'action_mask', 'env_runner_cls': None, 'num_env_runners': 1, 'create_local_env_runner': True, 'num_envs_per_env_runner': 1, 'gym_env_vectorize_mode': 'sync', 'num_cpus_per_env_runner': 1, 'num_gpus_per_env_runner': 0, 'custom_resources_per_env_runner': {}, 'validate_env_runners_after_construction': True, 'episodes_to_numpy': True, 'max_requests_in_flight_per_env_runner': 1, 'sample_timeout_s': 60.0, '_env_to_module_connector': None, 'add_default_connectors_to_env_to_module_pipeline': True, '_module_to_env_connector': None, 'add_default_connectors_to_module_to_env_pipeline': True, 'merge_env_runner_states': 'training_only', 'broadcast_env_runner_states': True, 'episode_lookback_horizon': 1, 'rollout_fragment_length': 'auto', 'batch_mode': 'truncate_episodes', 'compress_observations': False, 'remote_worker_envs': False, 'remote_env_batch_wait_ms': 0, 'enable_tf1_exec_eagerly': False, 'sample_collector': <class 'ray.rllib.evaluation.collectors.simple_list_collector.SimpleListCollector'>, 'preprocessor_pref': 'deepmind', 'observation_filter': 'NoFilter', 'update_worker_filter_stats': True, 'use_worker_filter_stats': True, 'sampler_perf_stats_ema_coef': None, '_is_online': True, 'num_learners': 0, 'num_gpus_per_learner': 0, 'num_cpus_per_learner': 'auto', 'num_aggregator_actors_per_learner': 0, 'max_requests_in_flight_per_aggregator_actor': 3, 'local_gpu_idx': 0, 'max_requests_in_flight_per_learner': 3, 'gamma': 0.99, 'lr': None, 'grad_clip': None, 'grad_clip_by': 'global_norm', '_train_batch_size_per_learner': 256, 'train_batch_size': 256, 'num_epochs': 1, 'minibatch_size': None, 'shuffle_batch_per_epoch': False, 'model': {'fcnet_hiddens': [256, 256], 'fcnet_activation': 'tanh', 'fcnet_weights_initializer': None, 'fcnet_weights_initializer_config': None, 'fcnet_bias_initializer': None, 'fcnet_bias_initializer_config': None, 'conv_filters': None, 'conv_activation': 'relu', 'conv_kernel_initializer': None, 'conv_kernel_initializer_config': None, 'conv_bias_initializer': None, 'conv_bias_initializer_config': None, 'conv_transpose_kernel_initializer': None, 'conv_transpose_kernel_initializer_config': None, 'conv_transpose_bias_initializer': None, 'conv_transpose_bias_initializer_config': None, 'post_fcnet_hiddens': [], 'post_fcnet_activation': 'relu', 'post_fcnet_weights_initializer': None, 'post_fcnet_weights_initializer_config': None, 'post_fcnet_bias_initializer': None, 'post_fcnet_bias_initializer_config': None, 'free_log_std': False, 'log_std_clip_param': 20.0, 'no_final_linear': False, 'vf_share_layers': True, 'use_lstm': False, 'max_seq_len': 20, 'lstm_cell_size': 256, 'lstm_use_prev_action': False, 'lstm_use_prev_reward': False, 'lstm_weights_initializer': None, 'lstm_weights_initializer_config': None, 'lstm_bias_initializer': None, 'lstm_bias_initializer_config': None, '_time_major': False, 'use_attention': False, 'attention_num_transformer_units': 1, 'attention_dim': 64, 'attention_num_heads': 1, 'attention_head_dim': 32, 'attention_memory_inference': 50, 'attention_memory_training': 50, 'attention_position_wise_mlp_dim': 32, 'attention_init_gru_gate_bias': 2.0, 'attention_use_n_prev_actions': 0, 'attention_use_n_prev_rewards': 0, 'framestack': True, 'dim': 84, 'grayscale': False, 'zero_mean': True, 'custom_model': None, 'custom_model_config': {}, 'custom_action_dist': None, 'custom_preprocessor': None, 'encoder_latent_dim': None, 'always_check_shapes': False, 'lstm_use_prev_action_reward': -1, '_use_default_native_models': -1, '_disable_preprocessor_api': False, '_disable_action_flattening': False}, '_learner_connector': None, 'add_default_connectors_to_learner_pipeline': True, 'learner_config_dict': {}, 'optimizer': {}, '_learner_class': None, 'callbacks_on_algorithm_init': None, 'callbacks_on_env_runners_recreated': None, 'callbacks_on_offline_eval_runners_recreated': None, 'callbacks_on_checkpoint_loaded': None, 'callbacks_on_environment_created': None, 'callbacks_on_episode_created': None, 'callbacks_on_episode_start': None, 'callbacks_on_episode_step': None, 'callbacks_on_episode_end': None, 'callbacks_on_evaluate_start': None, 'callbacks_on_evaluate_end': None, 'callbacks_on_evaluate_offline_start': None, 'callbacks_on_evaluate_offline_end': None, 'callbacks_on_sample_end': None, 'callbacks_on_train_result': None, 'explore': True, 'enable_rl_module_and_learner': False, 'enable_env_runner_and_connector_v2': False, '_prior_exploration_config': None, 'count_steps_by': 'env_steps', 'policy_map_capacity': 100, 'policy_mapping_fn': <function AlgorithmConfig.DEFAULT_POLICY_MAPPING_FN at 0x7c3f0e248cc0>, 'policies_to_train': None, 'policy_states_are_swappable': False, 'observation_fn': None, 'offline_data_class': None, 'input_read_method': 'read_parquet', 'input_read_method_kwargs': {}, 'input_read_schema': {}, 'input_read_episodes': False, 'input_read_sample_batches': False, 'input_read_batch_size': None, 'input_filesystem': None, 'input_filesystem_kwargs': {}, 'input_compress_columns': ['obs', 'new_obs'], 'input_spaces_jsonable': True, 'materialize_data': False, 'materialize_mapped_data': True, 'map_batches_kwargs': {}, 'iter_batches_kwargs': {}, 'ignore_final_observation': False, 'prelearner_class': None, 'prelearner_buffer_class': None, 'prelearner_buffer_kwargs': {}, 'prelearner_module_synch_period': 10, 'prelearner_use_recorded_module_states': False, 'dataset_num_iters_per_learner': None, 'input_config': {}, 'actions_in_input_normalized': False, 'postprocess_inputs': False, 'shuffle_buffer_size': 0, 'output': None, 'output_config': {}, 'output_compress_columns': ['obs', 'new_obs'], 'output_max_file_size': 67108864, 'output_max_rows_per_file': None, 'output_write_remaining_data': False, 'output_write_method': 'write_parquet', 'output_write_method_kwargs': {}, 'output_filesystem': None, 'output_filesystem_kwargs': {}, 'output_write_episodes': True, 'offline_sampling': False, 'evaluation_interval': None, 'evaluation_duration': 10, 'evaluation_duration_unit': 'episodes', 'evaluation_sample_timeout_s': 120.0, 'evaluation_auto_duration_min_env_steps_per_sample': 100, 'evaluation_auto_duration_max_env_steps_per_sample': 2000, 'evaluation_parallel_to_training': False, 'evaluation_force_reset_envs_before_iteration': True, 'evaluation_config': None, 'off_policy_estimation_methods': {}, 'ope_split_batch_by_episode': True, 'evaluation_num_env_runners': 0, 'in_evaluation': False, 'sync_filters_on_rollout_workers_timeout_s': 10.0, 'offline_evaluation_interval': None, 'num_offline_eval_runners': 0, 'offline_evaluation_type': 'eval_loss', 'offline_eval_runner_class': None, 'offline_loss_for_module_fn': None, 'offline_evaluation_duration': 1, 'offline_evaluation_parallel_to_training': False, 'offline_evaluation_timeout_s': 120.0, 'num_cpus_per_offline_eval_runner': 1, 'num_gpus_per_offline_eval_runner': 0, 'custom_resources_per_offline_eval_runner': {}, 'restart_failed_offline_eval_runners': True, 'ignore_offline_eval_runner_failures': False, 'max_num_offline_eval_runner_restarts': 1000, 'offline_eval_runner_restore_timeout_s': 1800.0, 'max_requests_in_flight_per_offline_eval_runner': 1, 'validate_offline_eval_runners_after_construction': True, 'offline_eval_runner_health_probe_timeout_s': 30.0, 'offline_eval_rl_module_inference_only': False, 'broadcast_offline_eval_runner_states': False, 'offline_eval_batch_size_per_runner': 256, 'dataset_num_iters_per_eval_runner': 1, 'keep_per_episode_custom_metrics': False, 'metrics_episode_collection_timeout_s': 60.0, 'metrics_num_episodes_for_smoothing': 100, 'min_time_s_per_iteration': 1, 'min_train_timesteps_per_iteration': 0, 'min_sample_timesteps_per_iteration': 100, 'log_gradients': False, 'stats_cls_lookup': {'mean': <class 'ray.rllib.utils.metrics.stats.mean.MeanStats'>, 'ema': <class 'ray.rllib.utils.metrics.stats.ema.EmaStats'>, 'min': <class 'ray.rllib.utils.metrics.stats.min.MinStats'>, 'max': <class 'ray.rllib.utils.metrics.stats.max.MaxStats'>, 'sum': <class 'ray.rllib.utils.metrics.stats.sum.SumStats'>, 'lifetime_sum': <class 'ray.rllib.utils.metrics.stats.lifetime_sum.LifetimeSumStats'>, 'percentiles': <class 'ray.rllib.utils.metrics.stats.percentiles.PercentilesStats'>, 'item': <class 'ray.rllib.utils.metrics.stats.item.ItemStats'>, 'item_series': <class 'ray.rllib.utils.metrics.stats.item_series.ItemSeriesStats'>}, 'export_native_model_files': False, 'checkpoint_trainable_policies_only': False, 'logger_creator': None, 'logger_config': None, 'log_level': 'WARN', 'log_sys_usage': True, 'fake_sampler': False, 'seed': 42, 'restart_failed_env_runners': True, 'ignore_env_runner_failures': True, 'max_num_env_runner_restarts': 1000, 'delay_between_env_runner_restarts_s': 60.0, 'restart_failed_sub_environments': False, 'num_consecutive_env_runner_failures_tolerance': 100, 'env_runner_health_probe_timeout_s': 30.0, 'env_runner_restore_timeout_s': 1800.0, '_model_config': {}, '_rl_module_spec': None, 'algorithm_config_overrides_per_module': {}, '_per_module_overrides': {}, '_validate_config': True, '_use_msgpack_checkpoints': False, '_torch_grad_scaler_class': None, '_torch_lr_scheduler_classes': None, '_tf_policy_handles_more_than_one_loss': False, '_disable_preprocessor_api': False, '_disable_action_flattening': False, '_disable_initialize_loss_from_dummy_batch': False, '_dont_auto_sync_env_runner_states': False, 'env_task_fn': -1, 'enable_connectors': -1, 'simple_optimizer': False, 'policy_map_cache': -1, 'worker_cls': -1, 'synchronize_filters': -1, 'enable_async_evaluation': -1, 'custom_async_evaluation_function': -1, '_enable_rl_module_api': -1, 'auto_wrap_old_gym_envs': -1, 'always_attach_evaluation_results': -1, 'replay_sequence_length': None, '_disable_execution_plan_api': -1, 'twin_q': True, 'q_model_config': {'fcnet_hiddens': [256, 256], 'fcnet_activation': 'relu', 'post_fcnet_hiddens': [], 'post_fcnet_activation': None, 'custom_model': None, 'custom_model_config': {}}, 'policy_model_config': {'fcnet_hiddens': [256, 256], 'fcnet_activation': 'relu', 'post_fcnet_hiddens': [], 'post_fcnet_activation': None, 'custom_model': None, 'custom_model_config': {}}, 'tau': 0.005, 'initial_alpha': 1.0, 'target_entropy': 'auto', 'n_step': 1, 'replay_buffer_config': {'type': 'MultiAgentReplayBuffer', 'capacity': 25000}, 'store_buffer_in_checkpoints': False, 'training_intensity': None, 'optimization': {'actor_learning_rate': 0.0003, 'critic_learning_rate': 0.0003, 'entropy_learning_rate': 0.0003}, 'actor_lr': 0.0003, 'critic_lr': 0.0003, 'alpha_lr': 0.0003, 'target_network_update_freq': 0, 'num_steps_sampled_before_learning_starts': 1500, '_deterministic_loss': False, '_use_beta_distribution': False, 'use_state_preprocessor': -1, 'worker_side_prioritization': -1, 'class': <class 'ray.rllib.algorithms.sac.sac.SACConfig'>, 'input': 'sampler', 'policies': {'default_policy': (None, None, None, None)}, 'callbacks': <class 'ray.rllib.callbacks.callbacks.RLlibCallback'>, 'create_env_on_driver': False, 'custom_eval_function': None, 'framework': 'torch'}, 'time_since_restore': 640.4503874778748, 'iterations_since_restore': 60, 'perf': {'cpu_util_percent': np.float64(25.494999999999997), 'ram_util_percent': np.float64(58.845000000000006)}})
iter= 61 R=-1813.5 len=1000 eps=0 steps=6100
[36m(RolloutWorker pid=55171)[0m [EpisodeRecorder] episode end (terminated=True truncated=False) frames_written=0
[36m(RolloutWorker pid=55171)[0m [CarlaEnv] Spawned ego id=92 at sp_idx=70 (-18.4,130.2) (attempt 2)
iter= 62 R=-1581.9 len=883 eps=1 steps=6200
iter= 63 R=-1581.9 len=883 eps=0 steps=6300
iter= 64 R=-1581.9 len=883 eps=0 steps=6400
iter= 65 R=-1581.9 len=883 eps=0 steps=6500
iter= 66 R=-1581.9 len=883 eps=0 steps=6600
iter= 67 R=-1581.9 len=883 eps=0 steps=6700
iter= 68 R=-1581.9 len=883 eps=0 steps=6800
iter= 69 R=-1581.9 len=883 eps=0 steps=6900
iter= 70 R=-1581.9 len=883 eps=0 steps=7000
  checkpoint saved: TrainingResult(checkpoint=Checkpoint(filesystem=local, path=./checkpoints/gt), metrics={'custom_metrics': {}, 'episode_media': {}, 'info': {'learner': {'default_policy': {'custom_metrics': {}, 'learner_stats': {'actor_loss': np.float64(19.995956420898438), 'critic_loss': np.float64(0.5537799596786499), 'alpha_loss': np.float64(-8.28052806854248), 'alpha_value': np.float32(0.19228964), 'log_alpha_value': np.float32(-1.6487526), 'target_entropy': np.float32(-3.0), 'policy_t': np.float64(0.00543158408254385), 'mean_q': np.float64(-20.295963287353516), 'max_q': np.float64(16.493370056152344), 'min_q': np.float64(-31.00360870361328)}, 'model': {}, 'num_grad_updates_lifetime': np.float64(5500.0), 'diff_num_grad_updates_vs_sampler_policy': np.float64(5499.0), 'td_error': array([7.23524094e-02, 1.28954411e-01, 2.32882500e-01, 7.76195526e-02,
       2.03269958e-01, 6.33888245e-02, 8.87823105e-02, 6.99291229e-02,
       1.18793488e-01, 1.15017891e+00, 4.01003838e-01, 4.36668396e-02,
       1.66856766e-01, 9.35955048e-02, 7.53889084e-02, 8.93554688e-02,
       1.21584892e-01, 6.74661636e-01, 5.24122238e-01, 1.90233231e-01,
       2.59008408e-02, 3.87363434e-01, 6.39152527e-02, 2.55487442e-01,
       1.23009682e-01, 1.29825592e-01, 1.10919952e-01, 6.35900497e-02,
       6.05211258e-02, 8.53109360e-02, 5.99250793e-02, 7.00931549e-02,
       7.37619400e-02, 7.53240585e-02, 5.12409210e-02, 1.21380806e-01,
       7.51409531e-02, 7.17182159e-02, 2.06027031e-01, 6.85853958e-02,
       1.18770599e-01, 3.35578918e-02, 7.73811340e-02, 8.46185684e-02,
       2.13165283e-02, 7.82909393e-02, 2.07050323e-01, 3.25794220e-01,
       9.58108902e-02, 7.89842606e-02, 2.12899208e-01, 1.86734200e-01,
       2.56167412e-01, 1.82138443e-01, 2.11719513e-01, 7.46488571e-02,
       1.16737366e-01, 2.08845139e-01, 6.06088638e-02, 2.54107475e-01,
       2.71844864e-02, 2.41250992e-01, 7.04793930e-02, 1.23207092e-01,
       7.59706497e-02, 9.48867798e-02, 1.72875881e-01, 8.83808136e-02,
       1.24135017e-01, 2.10083961e-01, 1.49292946e-01, 6.09245300e-02,
       1.15267754e-01, 5.85617065e-01, 5.99889755e-02, 3.29405785e-01,
       6.15177155e-02, 1.69109344e-01, 2.31924057e-02, 1.40463829e-01,
       4.71756935e-01, 6.11953735e-02, 1.15882874e-01, 4.37500954e-01,
       2.47753143e-01, 5.81493378e-02, 4.98198509e-01, 2.12470055e-01,
       6.88371658e-02, 1.55097008e-01, 2.12315559e-01, 2.19008446e-01,
       7.03315735e-02, 8.28638077e-02, 4.09212112e-02, 8.34856033e-02,
       9.22689438e-02, 6.62136078e-02, 2.69335747e-01, 1.54088020e-01,
       8.98895264e-02, 8.06140900e-02, 3.81558418e-01, 1.13801956e-02,
       1.74976349e-01, 5.55009842e-02, 2.47154236e-02, 5.96981049e-02,
       3.15922737e-01, 3.86934280e-02, 4.48713303e-02, 6.11639023e-02,
       4.63380814e-02, 4.92649078e-02, 7.89508820e-02, 1.87273026e-01,
       1.93613052e-01, 2.41407394e-01, 6.45360947e-02, 9.63382244e-01,
       8.40301514e-02, 5.16574860e-01, 7.81774521e-02, 5.53073883e-02,
       6.38351440e-02, 1.22822762e-01, 1.12723351e-01, 1.39539719e-01,
       7.20396042e-02, 2.62813568e-02, 4.59222794e-02, 1.66963577e-01,
       6.43482208e-02, 2.93607712e-02, 1.17987633e-01, 1.31824127e+02,
       2.73456573e-02, 2.40638733e-01, 8.35475922e-02, 2.80430794e-01,
       1.61442757e-01, 1.65424347e-02, 1.92935944e-01, 5.04016876e-02,
       4.55039501e-01, 2.64053345e-02, 2.78199196e-01, 1.56008720e-01,
       8.64524841e-02, 2.45483398e-01, 7.88497925e-02, 2.17123032e-01,
       2.00535774e-01, 1.80178642e-01, 8.34102631e-02, 1.53741837e-02,
       6.26506805e-02, 1.91943169e-01, 1.71969414e-01, 2.36330032e-02,
       1.58190727e-01, 7.97109604e-02, 1.18832588e-01, 1.76008224e-01,
       6.49213791e-02, 6.40306473e-02, 4.55312729e-02, 1.56843185e-01,
       2.17011452e-01, 5.23088455e-01, 6.31723404e-02, 9.29822922e-02,
       8.27350616e-02, 6.81028366e-02, 6.13136292e-02, 4.22942162e-01,
       5.77316284e-02, 1.83916569e-01, 1.55931473e-01, 4.32891846e-02,
       5.21026611e-01, 6.52580261e-02, 2.06365585e-01, 1.22777939e-01,
       3.60088348e-02, 1.47767067e-01, 5.51109314e-02, 1.07757378e+00,
       2.07483292e-01, 2.83438683e-01, 1.04535103e-01, 1.92870140e-01,
       8.17070961e-01, 3.30248356e-01, 1.46969795e-01, 3.86428833e-02,
       1.91631317e-01, 7.14979172e-02, 1.10033989e-01, 9.35573578e-02,
       1.13769531e-01, 4.02517319e-02, 2.68902779e-01, 5.99603653e-02,
       1.14176750e-01, 3.08151245e-02, 1.48599625e-01, 7.33156204e-02,
       4.19321060e-02, 7.14750290e-02, 1.68135643e-01, 3.41067314e-01,
       5.16004562e-02, 8.16812515e-02, 1.46737957e+00, 4.46662903e-02,
       1.66416168e-02, 1.99493408e-01, 7.44705200e-02, 6.29901886e-02,
       1.44977570e-01, 1.34620667e-01, 9.00182724e-02, 2.30108261e-01,
       1.02720261e-01, 8.84323120e-02, 1.08986950e+00, 1.64899826e-01,
       1.35845184e-01, 6.76994324e-02, 3.01847458e-01, 8.19702148e-02,
       2.40636826e-01, 2.77914047e-01, 4.86192703e-02, 1.00877762e+00,
       1.34189606e-01, 1.23528481e+00, 8.11843872e-02, 3.14182281e-01,
       1.90058708e-01, 1.20268822e-01, 4.18086052e-01, 2.57102013e-01,
       2.64035225e-01, 2.17695236e-01, 5.09920120e-02, 1.15422249e-01,
       5.67331314e-02, 1.19702244e+00, 8.99353027e-02, 3.72943878e-02,
       3.93619537e-02, 1.80438042e-01, 8.34837914e-01, 7.09972382e-02],
      dtype=float32), 'mean_td_error': np.float64(0.6939243674278259)}}, 'num_env_steps_sampled': 7000, 'num_env_steps_trained': 1408000, 'num_agent_steps_sampled': 7000, 'num_agent_steps_trained': 1408000, 'last_target_update_ts': 7000, 'num_target_updates': 5500}, 'env_runners': {'episode_reward_max': np.float64(-192.38392545077), 'episode_reward_min': np.float64(-2104.4038987762196), 'episode_reward_mean': np.float64(-1581.8847637841407), 'episode_len_mean': np.float64(883.0), 'episode_media': {}, 'episodes_timesteps_total': 6181, 'policy_reward_min': {'default_policy': np.float64(-2104.4038987762196)}, 'policy_reward_max': {'default_policy': np.float64(-192.38392545077)}, 'policy_reward_mean': {'default_policy': np.float64(-1581.8847637841407)}, 'custom_metrics': {}, 'hist_stats': {'episode_reward': [np.float64(-1718.3458937847283), np.float64(-1782.7266933977005), np.float64(-2104.4038987762196), np.float64(-1766.1730804221183), np.float64(-1727.5394835626018), np.float64(-1781.6203710948466), np.float64(-192.38392545077)], 'episode_lengths': [1000, 1000, 1000, 1000, 1000, 1000, 181], 'policy_default_policy_reward': [np.float64(-1718.3458937847283), np.float64(-1782.7266933977005), np.float64(-2104.4038987762196), np.float64(-1766.1730804221183), np.float64(-1727.5394835626018), np.float64(-1781.6203710948466), np.float64(-192.38392545077)]}, 'sampler_perf': {'mean_raw_obs_processing_ms': np.float64(0.7682373681718577), 'mean_inference_ms': np.float64(3.0513104054396414), 'mean_action_processing_ms': np.float64(0.11549545129446884), 'mean_env_wait_ms': np.float64(10.951068230631481), 'mean_env_render_ms': np.float64(0.0)}, 'num_faulty_episodes': 0, 'connector_metrics': {'ObsPreprocessorConnector_ms': np.float64(0.04509517124720982), 'StateBufferConnector_ms': np.float64(0.00400543212890625), 'ViewRequirementAgentConnector_ms': np.float64(0.12354510171072823)}, 'num_episodes': 0, 'episode_return_max': np.float64(-192.38392545077), 'episode_return_min': np.float64(-2104.4038987762196), 'episode_return_mean': np.float64(-1581.8847637841407), 'episodes_this_iter': 0}, 'num_healthy_workers': 1, 'actor_manager_num_outstanding_async_reqs': 0, 'num_remote_worker_restarts': 0, 'num_agent_steps_sampled': 7000, 'num_agent_steps_trained': 1408000, 'num_env_steps_sampled': 7000, 'num_env_steps_trained': 1408000, 'num_env_steps_sampled_this_iter': 100, 'num_env_steps_trained_this_iter': 25600, 'num_env_steps_sampled_throughput_per_sec': 7.684647419980522, 'num_env_steps_trained_throughput_per_sec': 1967.2697395150137, 'timesteps_total': 7000, 'num_env_steps_sampled_lifetime': 7000, 'num_agent_steps_sampled_lifetime': 7000, 'num_steps_trained_this_iter': 25600, 'agent_timesteps_total': 7000, 'timers': {'training_iteration_time_ms': 13100.919, 'restore_workers_time_ms': 0.006, 'training_step_time_ms': 129.389, 'sample_time_ms': 22.783, 'load_time_ms': 5.177, 'load_throughput': 49453.615, 'learn_time_ms': 27.0, 'learn_throughput': 9481.541, 'synch_weights_time_ms': 8.723}, 'counters': {'num_env_steps_sampled': 7000, 'num_env_steps_trained': 1408000, 'num_agent_steps_sampled': 7000, 'num_agent_steps_trained': 1408000, 'last_target_update_ts': 7000, 'num_target_updates': 5500}, 'done': False, 'training_iteration': 70, 'trial_id': 'default', 'date': '2026-04-24_14-24-20', 'timestamp': 1777015460, 'time_this_iter_s': 13.029069423675537, 'time_total_s': 771.628308057785, 'pid': 54804, 'hostname': 'supawich-B760M-Pro-RS-D4', 'node_ip': '192.168.110.31', 'config': {'exploration_config': {'type': 'StochasticSampling'}, 'extra_python_environs_for_driver': {}, 'extra_python_environs_for_worker': {}, 'placement_strategy': 'PACK', 'num_gpus': 1, '_fake_gpus': False, 'num_cpus_for_main_process': 1, 'eager_tracing': True, 'eager_max_retraces': 20, 'tf_session_args': {'intra_op_parallelism_threads': 2, 'inter_op_parallelism_threads': 2, 'gpu_options': {'allow_growth': True}, 'log_device_placement': False, 'device_count': {'CPU': 1}, 'allow_soft_placement': True}, 'local_tf_session_args': {'intra_op_parallelism_threads': 8, 'inter_op_parallelism_threads': 8}, 'torch_compile_learner': False, 'torch_compile_learner_what_to_compile': <TorchCompileWhatToCompile.FORWARD_TRAIN: 'forward_train'>, 'torch_compile_learner_dynamo_backend': 'inductor', 'torch_compile_learner_dynamo_mode': None, 'torch_compile_worker': False, 'torch_compile_worker_dynamo_backend': 'onnxrt', 'torch_compile_worker_dynamo_mode': None, 'torch_ddp_kwargs': {}, 'torch_skip_nan_gradients': False, 'env': 'carla_gt_env', 'env_config': {'host': 'localhost', 'port': 2000}, 'observation_space': None, 'action_space': None, 'clip_rewards': None, 'normalize_actions': True, 'clip_actions': False, '_is_atari': None, 'disable_env_checking': False, 'render_env': False, 'action_mask_key': 'action_mask', 'env_runner_cls': None, 'num_env_runners': 1, 'create_local_env_runner': True, 'num_envs_per_env_runner': 1, 'gym_env_vectorize_mode': 'sync', 'num_cpus_per_env_runner': 1, 'num_gpus_per_env_runner': 0, 'custom_resources_per_env_runner': {}, 'validate_env_runners_after_construction': True, 'episodes_to_numpy': True, 'max_requests_in_flight_per_env_runner': 1, 'sample_timeout_s': 60.0, '_env_to_module_connector': None, 'add_default_connectors_to_env_to_module_pipeline': True, '_module_to_env_connector': None, 'add_default_connectors_to_module_to_env_pipeline': True, 'merge_env_runner_states': 'training_only', 'broadcast_env_runner_states': True, 'episode_lookback_horizon': 1, 'rollout_fragment_length': 'auto', 'batch_mode': 'truncate_episodes', 'compress_observations': False, 'remote_worker_envs': False, 'remote_env_batch_wait_ms': 0, 'enable_tf1_exec_eagerly': False, 'sample_collector': <class 'ray.rllib.evaluation.collectors.simple_list_collector.SimpleListCollector'>, 'preprocessor_pref': 'deepmind', 'observation_filter': 'NoFilter', 'update_worker_filter_stats': True, 'use_worker_filter_stats': True, 'sampler_perf_stats_ema_coef': None, '_is_online': True, 'num_learners': 0, 'num_gpus_per_learner': 0, 'num_cpus_per_learner': 'auto', 'num_aggregator_actors_per_learner': 0, 'max_requests_in_flight_per_aggregator_actor': 3, 'local_gpu_idx': 0, 'max_requests_in_flight_per_learner': 3, 'gamma': 0.99, 'lr': None, 'grad_clip': None, 'grad_clip_by': 'global_norm', '_train_batch_size_per_learner': 256, 'train_batch_size': 256, 'num_epochs': 1, 'minibatch_size': None, 'shuffle_batch_per_epoch': False, 'model': {'fcnet_hiddens': [256, 256], 'fcnet_activation': 'tanh', 'fcnet_weights_initializer': None, 'fcnet_weights_initializer_config': None, 'fcnet_bias_initializer': None, 'fcnet_bias_initializer_config': None, 'conv_filters': None, 'conv_activation': 'relu', 'conv_kernel_initializer': None, 'conv_kernel_initializer_config': None, 'conv_bias_initializer': None, 'conv_bias_initializer_config': None, 'conv_transpose_kernel_initializer': None, 'conv_transpose_kernel_initializer_config': None, 'conv_transpose_bias_initializer': None, 'conv_transpose_bias_initializer_config': None, 'post_fcnet_hiddens': [], 'post_fcnet_activation': 'relu', 'post_fcnet_weights_initializer': None, 'post_fcnet_weights_initializer_config': None, 'post_fcnet_bias_initializer': None, 'post_fcnet_bias_initializer_config': None, 'free_log_std': False, 'log_std_clip_param': 20.0, 'no_final_linear': False, 'vf_share_layers': True, 'use_lstm': False, 'max_seq_len': 20, 'lstm_cell_size': 256, 'lstm_use_prev_action': False, 'lstm_use_prev_reward': False, 'lstm_weights_initializer': None, 'lstm_weights_initializer_config': None, 'lstm_bias_initializer': None, 'lstm_bias_initializer_config': None, '_time_major': False, 'use_attention': False, 'attention_num_transformer_units': 1, 'attention_dim': 64, 'attention_num_heads': 1, 'attention_head_dim': 32, 'attention_memory_inference': 50, 'attention_memory_training': 50, 'attention_position_wise_mlp_dim': 32, 'attention_init_gru_gate_bias': 2.0, 'attention_use_n_prev_actions': 0, 'attention_use_n_prev_rewards': 0, 'framestack': True, 'dim': 84, 'grayscale': False, 'zero_mean': True, 'custom_model': None, 'custom_model_config': {}, 'custom_action_dist': None, 'custom_preprocessor': None, 'encoder_latent_dim': None, 'always_check_shapes': False, 'lstm_use_prev_action_reward': -1, '_use_default_native_models': -1, '_disable_preprocessor_api': False, '_disable_action_flattening': False}, '_learner_connector': None, 'add_default_connectors_to_learner_pipeline': True, 'learner_config_dict': {}, 'optimizer': {}, '_learner_class': None, 'callbacks_on_algorithm_init': None, 'callbacks_on_env_runners_recreated': None, 'callbacks_on_offline_eval_runners_recreated': None, 'callbacks_on_checkpoint_loaded': None, 'callbacks_on_environment_created': None, 'callbacks_on_episode_created': None, 'callbacks_on_episode_start': None, 'callbacks_on_episode_step': None, 'callbacks_on_episode_end': None, 'callbacks_on_evaluate_start': None, 'callbacks_on_evaluate_end': None, 'callbacks_on_evaluate_offline_start': None, 'callbacks_on_evaluate_offline_end': None, 'callbacks_on_sample_end': None, 'callbacks_on_train_result': None, 'explore': True, 'enable_rl_module_and_learner': False, 'enable_env_runner_and_connector_v2': False, '_prior_exploration_config': None, 'count_steps_by': 'env_steps', 'policy_map_capacity': 100, 'policy_mapping_fn': <function AlgorithmConfig.DEFAULT_POLICY_MAPPING_FN at 0x7c3f0e248cc0>, 'policies_to_train': None, 'policy_states_are_swappable': False, 'observation_fn': None, 'offline_data_class': None, 'input_read_method': 'read_parquet', 'input_read_method_kwargs': {}, 'input_read_schema': {}, 'input_read_episodes': False, 'input_read_sample_batches': False, 'input_read_batch_size': None, 'input_filesystem': None, 'input_filesystem_kwargs': {}, 'input_compress_columns': ['obs', 'new_obs'], 'input_spaces_jsonable': True, 'materialize_data': False, 'materialize_mapped_data': True, 'map_batches_kwargs': {}, 'iter_batches_kwargs': {}, 'ignore_final_observation': False, 'prelearner_class': None, 'prelearner_buffer_class': None, 'prelearner_buffer_kwargs': {}, 'prelearner_module_synch_period': 10, 'prelearner_use_recorded_module_states': False, 'dataset_num_iters_per_learner': None, 'input_config': {}, 'actions_in_input_normalized': False, 'postprocess_inputs': False, 'shuffle_buffer_size': 0, 'output': None, 'output_config': {}, 'output_compress_columns': ['obs', 'new_obs'], 'output_max_file_size': 67108864, 'output_max_rows_per_file': None, 'output_write_remaining_data': False, 'output_write_method': 'write_parquet', 'output_write_method_kwargs': {}, 'output_filesystem': None, 'output_filesystem_kwargs': {}, 'output_write_episodes': True, 'offline_sampling': False, 'evaluation_interval': None, 'evaluation_duration': 10, 'evaluation_duration_unit': 'episodes', 'evaluation_sample_timeout_s': 120.0, 'evaluation_auto_duration_min_env_steps_per_sample': 100, 'evaluation_auto_duration_max_env_steps_per_sample': 2000, 'evaluation_parallel_to_training': False, 'evaluation_force_reset_envs_before_iteration': True, 'evaluation_config': None, 'off_policy_estimation_methods': {}, 'ope_split_batch_by_episode': True, 'evaluation_num_env_runners': 0, 'in_evaluation': False, 'sync_filters_on_rollout_workers_timeout_s': 10.0, 'offline_evaluation_interval': None, 'num_offline_eval_runners': 0, 'offline_evaluation_type': 'eval_loss', 'offline_eval_runner_class': None, 'offline_loss_for_module_fn': None, 'offline_evaluation_duration': 1, 'offline_evaluation_parallel_to_training': False, 'offline_evaluation_timeout_s': 120.0, 'num_cpus_per_offline_eval_runner': 1, 'num_gpus_per_offline_eval_runner': 0, 'custom_resources_per_offline_eval_runner': {}, 'restart_failed_offline_eval_runners': True, 'ignore_offline_eval_runner_failures': False, 'max_num_offline_eval_runner_restarts': 1000, 'offline_eval_runner_restore_timeout_s': 1800.0, 'max_requests_in_flight_per_offline_eval_runner': 1, 'validate_offline_eval_runners_after_construction': True, 'offline_eval_runner_health_probe_timeout_s': 30.0, 'offline_eval_rl_module_inference_only': False, 'broadcast_offline_eval_runner_states': False, 'offline_eval_batch_size_per_runner': 256, 'dataset_num_iters_per_eval_runner': 1, 'keep_per_episode_custom_metrics': False, 'metrics_episode_collection_timeout_s': 60.0, 'metrics_num_episodes_for_smoothing': 100, 'min_time_s_per_iteration': 1, 'min_train_timesteps_per_iteration': 0, 'min_sample_timesteps_per_iteration': 100, 'log_gradients': False, 'stats_cls_lookup': {'mean': <class 'ray.rllib.utils.metrics.stats.mean.MeanStats'>, 'ema': <class 'ray.rllib.utils.metrics.stats.ema.EmaStats'>, 'min': <class 'ray.rllib.utils.metrics.stats.min.MinStats'>, 'max': <class 'ray.rllib.utils.metrics.stats.max.MaxStats'>, 'sum': <class 'ray.rllib.utils.metrics.stats.sum.SumStats'>, 'lifetime_sum': <class 'ray.rllib.utils.metrics.stats.lifetime_sum.LifetimeSumStats'>, 'percentiles': <class 'ray.rllib.utils.metrics.stats.percentiles.PercentilesStats'>, 'item': <class 'ray.rllib.utils.metrics.stats.item.ItemStats'>, 'item_series': <class 'ray.rllib.utils.metrics.stats.item_series.ItemSeriesStats'>}, 'export_native_model_files': False, 'checkpoint_trainable_policies_only': False, 'logger_creator': None, 'logger_config': None, 'log_level': 'WARN', 'log_sys_usage': True, 'fake_sampler': False, 'seed': 42, 'restart_failed_env_runners': True, 'ignore_env_runner_failures': True, 'max_num_env_runner_restarts': 1000, 'delay_between_env_runner_restarts_s': 60.0, 'restart_failed_sub_environments': False, 'num_consecutive_env_runner_failures_tolerance': 100, 'env_runner_health_probe_timeout_s': 30.0, 'env_runner_restore_timeout_s': 1800.0, '_model_config': {}, '_rl_module_spec': None, 'algorithm_config_overrides_per_module': {}, '_per_module_overrides': {}, '_validate_config': True, '_use_msgpack_checkpoints': False, '_torch_grad_scaler_class': None, '_torch_lr_scheduler_classes': None, '_tf_policy_handles_more_than_one_loss': False, '_disable_preprocessor_api': False, '_disable_action_flattening': False, '_disable_initialize_loss_from_dummy_batch': False, '_dont_auto_sync_env_runner_states': False, 'env_task_fn': -1, 'enable_connectors': -1, 'simple_optimizer': False, 'policy_map_cache': -1, 'worker_cls': -1, 'synchronize_filters': -1, 'enable_async_evaluation': -1, 'custom_async_evaluation_function': -1, '_enable_rl_module_api': -1, 'auto_wrap_old_gym_envs': -1, 'always_attach_evaluation_results': -1, 'replay_sequence_length': None, '_disable_execution_plan_api': -1, 'twin_q': True, 'q_model_config': {'fcnet_hiddens': [256, 256], 'fcnet_activation': 'relu', 'post_fcnet_hiddens': [], 'post_fcnet_activation': None, 'custom_model': None, 'custom_model_config': {}}, 'policy_model_config': {'fcnet_hiddens': [256, 256], 'fcnet_activation': 'relu', 'post_fcnet_hiddens': [], 'post_fcnet_activation': None, 'custom_model': None, 'custom_model_config': {}}, 'tau': 0.005, 'initial_alpha': 1.0, 'target_entropy': 'auto', 'n_step': 1, 'replay_buffer_config': {'type': 'MultiAgentReplayBuffer', 'capacity': 25000}, 'store_buffer_in_checkpoints': False, 'training_intensity': None, 'optimization': {'actor_learning_rate': 0.0003, 'critic_learning_rate': 0.0003, 'entropy_learning_rate': 0.0003}, 'actor_lr': 0.0003, 'critic_lr': 0.0003, 'alpha_lr': 0.0003, 'target_network_update_freq': 0, 'num_steps_sampled_before_learning_starts': 1500, '_deterministic_loss': False, '_use_beta_distribution': False, 'use_state_preprocessor': -1, 'worker_side_prioritization': -1, 'class': <class 'ray.rllib.algorithms.sac.sac.SACConfig'>, 'input': 'sampler', 'policies': {'default_policy': (None, None, None, None)}, 'callbacks': <class 'ray.rllib.callbacks.callbacks.RLlibCallback'>, 'create_env_on_driver': False, 'custom_eval_function': None, 'framework': 'torch'}, 'time_since_restore': 771.628308057785, 'iterations_since_restore': 70, 'perf': {'cpu_util_percent': np.float64(23.616666666666667), 'ram_util_percent': np.float64(58.88333333333334)}})
iter= 71 R=-1581.9 len=883 eps=0 steps=7100
[36m(RolloutWorker pid=55171)[0m [EpisodeRecorder] episode end (terminated=False truncated=True) frames_written=0
[36m(RolloutWorker pid=55171)[0m [CarlaEnv] Spawned ego id=94 at sp_idx=66 (-6.6,137.2) (attempt 2)
iter= 72 R=-1583.0 len=898 eps=1 steps=7200
iter= 73 R=-1583.0 len=898 eps=0 steps=7300
iter= 74 R=-1583.0 len=898 eps=0 steps=7400
iter= 75 R=-1583.0 len=898 eps=0 steps=7500
iter= 76 R=-1583.0 len=898 eps=0 steps=7600
[36m(RolloutWorker pid=55171)[0m [EpisodeRecorder] episode end (terminated=True truncated=False) frames_written=0
[36m(RolloutWorker pid=55171)[0m [CarlaEnv] Spawned ego id=96 at sp_idx=1 (-67.3,28.0) (attempt 2)
iter= 77 R=-1466.5 len=848 eps=1 steps=7700
iter= 78 R=-1466.5 len=848 eps=0 steps=7800
iter= 79 R=-1466.5 len=848 eps=0 steps=7900
[36m(RolloutWorker pid=55171)[0m [EpisodeRecorder] episode end (terminated=True truncated=False) frames_written=0
[36m(RolloutWorker pid=55171)[0m [CarlaEnv] Spawned ego id=98 at sp_idx=21 (99.4,-6.3) (attempt 2)
[36m(RolloutWorker pid=55171)[0m IMAGEIO FFMPEG_WRITER WARNING: input image is not divisible by macro_block_size=16, resizing from (1000, 360) to (1008, 368) to ensure video compatibility with most codecs and players. To prevent resizing, make your input image divisible by the macro_block_size or set the macro_block_size to 1 (risking incompatibility).
[36m(RolloutWorker pid=55171)[0m [EpisodeRecorder] recording episode 10 -> artifacts/episodes/ep_00010.mp4
iter= 80 R=-1366.9 len=791 eps=1 steps=8000
  checkpoint saved: TrainingResult(checkpoint=Checkpoint(filesystem=local, path=./checkpoints/gt), metrics={'custom_metrics': {}, 'episode_media': {}, 'info': {'learner': {'default_policy': {'custom_metrics': {}, 'learner_stats': {'actor_loss': np.float64(25.786884307861328), 'critic_loss': np.float64(0.04774317890405655), 'alpha_loss': np.float64(-9.691974639892578), 'alpha_value': np.float32(0.14274462), 'log_alpha_value': np.float32(-1.9466982), 'target_entropy': np.float32(-3.0), 'policy_t': np.float64(0.027304014191031456), 'mean_q': np.float64(-26.078380584716797), 'max_q': np.float64(14.382027626037598), 'min_q': np.float64(-38.94265365600586)}, 'model': {}, 'num_grad_updates_lifetime': np.float64(6500.0), 'diff_num_grad_updates_vs_sampler_policy': np.float64(6499.0), 'td_error': array([0.07898903, 0.22199297, 0.14024544, 0.03642178, 0.16421318,
       0.7036114 , 0.25806594, 0.18753147, 0.13634586, 0.15388393,
       0.15177631, 0.09501266, 0.26362514, 0.11650181, 0.7233715 ,
       0.14684296, 0.17714119, 0.16571617, 0.3271122 , 0.2478447 ,
       0.10429764, 0.21015167, 0.32381892, 0.1971817 , 0.45296383,
       0.19172382, 0.30791473, 0.57171154, 0.43965435, 0.49730587,
       0.24435616, 0.36515427, 0.1595459 , 0.12670898, 0.26385212,
       0.09200001, 0.7934418 , 0.05931282, 0.11965275, 1.057951  ,
       0.2410965 , 0.45493507, 0.27421093, 0.06730556, 0.2779827 ,
       0.35937977, 0.28935432, 0.04540062, 0.00760174, 0.23857689,
       0.23390198, 0.37417507, 0.11827183, 0.05172348, 0.13510132,
       0.1980772 , 0.3008995 , 0.33346844, 0.21535587, 0.214324  ,
       0.03069687, 0.22255135, 0.097229  , 0.1352148 , 0.10567856,
       0.13793755, 0.32494736, 0.2532568 , 0.2520771 , 0.3318367 ,
       0.24171638, 0.27708554, 0.05682373, 0.07018089, 0.09501266,
       0.52900887, 0.05993748, 0.07470989, 0.28855705, 0.1147089 ,
       0.26844597, 0.02682209, 0.2592783 , 0.17244625, 0.2295599 ,
       0.29734135, 0.1800785 , 0.14708138, 0.08030701, 0.28959846,
       0.13109207, 0.24851418, 0.12208748, 0.342062  , 0.04890251,
       0.06194592, 0.37849617, 0.16688824, 0.30944443, 0.03002548,
       0.29798508, 0.54569435, 0.04434299, 0.55750656, 0.35605383,
       0.24999619, 0.52623177, 0.8567753 , 0.18963623, 0.41903114,
       0.18346691, 0.32807636, 0.28420448, 0.27371597, 0.15524101,
       0.2372055 , 0.11532784, 0.3486786 , 0.1212225 , 0.21971893,
       0.11015129, 0.13050365, 0.09309673, 0.07145214, 0.28061867,
       0.20829582, 0.19705582, 0.25435925, 0.390378  , 0.24742508,
       0.15346909, 0.13118458, 0.12759209, 0.21087074, 0.064641  ,
       0.5151434 , 0.42956328, 0.17457199, 0.7471676 , 0.22144508,
       0.03216457, 0.283185  , 0.43967247, 0.24077225, 0.09209061,
       0.44464016, 0.30732536, 0.3657093 , 0.303092  , 0.21528721,
       0.11180687, 0.13341141, 0.12835598, 0.14258385, 0.1718359 ,
       0.18900299, 0.48040962, 0.20381641, 0.31607628, 0.16012383,
       0.37805176, 0.03936386, 0.3060484 , 0.20588017, 0.18884087,
       0.27658463, 0.09831715, 0.06338787, 0.22058964, 0.17338943,
       0.3814335 , 0.22207642, 0.12537289, 0.6960945 , 0.32252216,
       0.08634281, 0.22337532, 0.21600723, 0.5297699 , 0.20588493,
       0.0867548 , 0.25590706, 0.2591114 , 0.6521282 , 0.31629944,
       0.25856876, 0.12041092, 0.15346146, 0.30986214, 0.10051823,
       0.08501816, 0.39103746, 0.2120552 , 0.23937702, 0.15471649,
       0.29250336, 0.43653202, 0.07390022, 0.21667314, 0.08649921,
       0.39718628, 0.7344303 , 0.22550678, 0.5687275 , 0.6257191 ,
       0.44580078, 0.07831287, 0.3189125 , 0.40702057, 0.1216526 ,
       0.28509712, 0.12485123, 0.11804104, 0.20758533, 0.22057915,
       0.38917065, 0.25804615, 0.23219681, 0.4741373 , 0.15093994,
       0.12133408, 0.07347488, 0.19946337, 0.1305685 , 0.4035387 ,
       0.1138134 , 0.053545  , 0.4665556 , 0.25007153, 0.05113029,
       0.11697292, 0.2361784 , 0.1709013 , 0.40595818, 0.26374817,
       0.07670879, 0.14137745, 0.07956505, 0.28931808, 0.52374077,
       0.4289198 , 0.1827364 , 0.05343628, 0.22665215, 0.1986208 ,
       0.271945  , 0.23710537, 0.33573914, 0.06064701, 0.7074375 ,
       0.27430153, 0.2053814 , 0.15299988, 0.42140102, 0.15011406,
       0.34648705], dtype=float32), 'mean_td_error': np.float64(0.2472367286682129)}}, 'num_env_steps_sampled': 8000, 'num_env_steps_trained': 1664000, 'num_agent_steps_sampled': 8000, 'num_agent_steps_trained': 1664000, 'last_target_update_ts': 8000, 'num_target_updates': 6500}, 'env_runners': {'episode_reward_max': np.float64(-192.38392545077), 'episode_reward_min': np.float64(-2104.4038987762196), 'episode_reward_mean': np.float64(-1366.9185871930654), 'episode_len_mean': np.float64(790.8), 'episode_media': {}, 'episodes_timesteps_total': 7908, 'policy_reward_min': {'default_policy': np.float64(-2104.4038987762196)}, 'policy_reward_max': {'default_policy': np.float64(-192.38392545077)}, 'policy_reward_mean': {'default_policy': np.float64(-1366.9185871930654)}, 'custom_metrics': {}, 'hist_stats': {'episode_reward': [np.float64(-1718.3458937847283), np.float64(-1782.7266933977005), np.float64(-2104.4038987762196), np.float64(-1766.1730804221183), np.float64(-1727.5394835626018), np.float64(-1781.6203710948466), np.float64(-192.38392545077), np.float64(-1590.4878602307615), np.float64(-534.8482516852024), np.float64(-470.6564135257046)], 'episode_lengths': [1000, 1000, 1000, 1000, 1000, 1000, 181, 1000, 453, 274], 'policy_default_policy_reward': [np.float64(-1718.3458937847283), np.float64(-1782.7266933977005), np.float64(-2104.4038987762196), np.float64(-1766.1730804221183), np.float64(-1727.5394835626018), np.float64(-1781.6203710948466), np.float64(-192.38392545077), np.float64(-1590.4878602307615), np.float64(-534.8482516852024), np.float64(-470.6564135257046)]}, 'sampler_perf': {'mean_raw_obs_processing_ms': np.float64(0.7468144484273815), 'mean_inference_ms': np.float64(2.9477257995048407), 'mean_action_processing_ms': np.float64(0.11205427105731824), 'mean_env_wait_ms': np.float64(9.526118503580005), 'mean_env_render_ms': np.float64(0.0)}, 'num_faulty_episodes': 0, 'connector_metrics': {'ObsPreprocessorConnector_ms': np.float64(0.042433738708496094), 'StateBufferConnector_ms': np.float64(0.003941059112548828), 'ViewRequirementAgentConnector_ms': np.float64(0.12331485748291016)}, 'num_episodes': 1, 'episode_return_max': np.float64(-192.38392545077), 'episode_return_min': np.float64(-2104.4038987762196), 'episode_return_mean': np.float64(-1366.9185871930654), 'episodes_this_iter': 1}, 'num_healthy_workers': 1, 'actor_manager_num_outstanding_async_reqs': 0, 'num_remote_worker_restarts': 0, 'num_agent_steps_sampled': 8000, 'num_agent_steps_trained': 1664000, 'num_env_steps_sampled': 8000, 'num_env_steps_trained': 1664000, 'num_env_steps_sampled_this_iter': 100, 'num_env_steps_trained_this_iter': 25600, 'num_env_steps_sampled_throughput_per_sec': 7.468756408815649, 'num_env_steps_trained_throughput_per_sec': 1912.001640656806, 'timesteps_total': 8000, 'num_env_steps_sampled_lifetime': 8000, 'num_agent_steps_sampled_lifetime': 8000, 'num_steps_trained_this_iter': 25600, 'agent_timesteps_total': 8000, 'timers': {'training_iteration_time_ms': 13172.268, 'restore_workers_time_ms': 0.006, 'training_step_time_ms': 136.487, 'sample_time_ms': 27.754, 'load_time_ms': 5.216, 'load_throughput': 49083.321, 'learn_time_ms': 25.837, 'learn_throughput': 9908.173, 'synch_weights_time_ms': 8.557}, 'counters': {'num_env_steps_sampled': 8000, 'num_env_steps_trained': 1664000, 'num_agent_steps_sampled': 8000, 'num_agent_steps_trained': 1664000, 'last_target_update_ts': 8000, 'num_target_updates': 6500}, 'done': False, 'training_iteration': 80, 'trial_id': 'default', 'date': '2026-04-24_14-26-32', 'timestamp': 1777015592, 'time_this_iter_s': 13.410115480422974, 'time_total_s': 903.5350873470306, 'pid': 54804, 'hostname': 'supawich-B760M-Pro-RS-D4', 'node_ip': '192.168.110.31', 'config': {'exploration_config': {'type': 'StochasticSampling'}, 'extra_python_environs_for_driver': {}, 'extra_python_environs_for_worker': {}, 'placement_strategy': 'PACK', 'num_gpus': 1, '_fake_gpus': False, 'num_cpus_for_main_process': 1, 'eager_tracing': True, 'eager_max_retraces': 20, 'tf_session_args': {'intra_op_parallelism_threads': 2, 'inter_op_parallelism_threads': 2, 'gpu_options': {'allow_growth': True}, 'log_device_placement': False, 'device_count': {'CPU': 1}, 'allow_soft_placement': True}, 'local_tf_session_args': {'intra_op_parallelism_threads': 8, 'inter_op_parallelism_threads': 8}, 'torch_compile_learner': False, 'torch_compile_learner_what_to_compile': <TorchCompileWhatToCompile.FORWARD_TRAIN: 'forward_train'>, 'torch_compile_learner_dynamo_backend': 'inductor', 'torch_compile_learner_dynamo_mode': None, 'torch_compile_worker': False, 'torch_compile_worker_dynamo_backend': 'onnxrt', 'torch_compile_worker_dynamo_mode': None, 'torch_ddp_kwargs': {}, 'torch_skip_nan_gradients': False, 'env': 'carla_gt_env', 'env_config': {'host': 'localhost', 'port': 2000}, 'observation_space': None, 'action_space': None, 'clip_rewards': None, 'normalize_actions': True, 'clip_actions': False, '_is_atari': None, 'disable_env_checking': False, 'render_env': False, 'action_mask_key': 'action_mask', 'env_runner_cls': None, 'num_env_runners': 1, 'create_local_env_runner': True, 'num_envs_per_env_runner': 1, 'gym_env_vectorize_mode': 'sync', 'num_cpus_per_env_runner': 1, 'num_gpus_per_env_runner': 0, 'custom_resources_per_env_runner': {}, 'validate_env_runners_after_construction': True, 'episodes_to_numpy': True, 'max_requests_in_flight_per_env_runner': 1, 'sample_timeout_s': 60.0, '_env_to_module_connector': None, 'add_default_connectors_to_env_to_module_pipeline': True, '_module_to_env_connector': None, 'add_default_connectors_to_module_to_env_pipeline': True, 'merge_env_runner_states': 'training_only', 'broadcast_env_runner_states': True, 'episode_lookback_horizon': 1, 'rollout_fragment_length': 'auto', 'batch_mode': 'truncate_episodes', 'compress_observations': False, 'remote_worker_envs': False, 'remote_env_batch_wait_ms': 0, 'enable_tf1_exec_eagerly': False, 'sample_collector': <class 'ray.rllib.evaluation.collectors.simple_list_collector.SimpleListCollector'>, 'preprocessor_pref': 'deepmind', 'observation_filter': 'NoFilter', 'update_worker_filter_stats': True, 'use_worker_filter_stats': True, 'sampler_perf_stats_ema_coef': None, '_is_online': True, 'num_learners': 0, 'num_gpus_per_learner': 0, 'num_cpus_per_learner': 'auto', 'num_aggregator_actors_per_learner': 0, 'max_requests_in_flight_per_aggregator_actor': 3, 'local_gpu_idx': 0, 'max_requests_in_flight_per_learner': 3, 'gamma': 0.99, 'lr': None, 'grad_clip': None, 'grad_clip_by': 'global_norm', '_train_batch_size_per_learner': 256, 'train_batch_size': 256, 'num_epochs': 1, 'minibatch_size': None, 'shuffle_batch_per_epoch': False, 'model': {'fcnet_hiddens': [256, 256], 'fcnet_activation': 'tanh', 'fcnet_weights_initializer': None, 'fcnet_weights_initializer_config': None, 'fcnet_bias_initializer': None, 'fcnet_bias_initializer_config': None, 'conv_filters': None, 'conv_activation': 'relu', 'conv_kernel_initializer': None, 'conv_kernel_initializer_config': None, 'conv_bias_initializer': None, 'conv_bias_initializer_config': None, 'conv_transpose_kernel_initializer': None, 'conv_transpose_kernel_initializer_config': None, 'conv_transpose_bias_initializer': None, 'conv_transpose_bias_initializer_config': None, 'post_fcnet_hiddens': [], 'post_fcnet_activation': 'relu', 'post_fcnet_weights_initializer': None, 'post_fcnet_weights_initializer_config': None, 'post_fcnet_bias_initializer': None, 'post_fcnet_bias_initializer_config': None, 'free_log_std': False, 'log_std_clip_param': 20.0, 'no_final_linear': False, 'vf_share_layers': True, 'use_lstm': False, 'max_seq_len': 20, 'lstm_cell_size': 256, 'lstm_use_prev_action': False, 'lstm_use_prev_reward': False, 'lstm_weights_initializer': None, 'lstm_weights_initializer_config': None, 'lstm_bias_initializer': None, 'lstm_bias_initializer_config': None, '_time_major': False, 'use_attention': False, 'attention_num_transformer_units': 1, 'attention_dim': 64, 'attention_num_heads': 1, 'attention_head_dim': 32, 'attention_memory_inference': 50, 'attention_memory_training': 50, 'attention_position_wise_mlp_dim': 32, 'attention_init_gru_gate_bias': 2.0, 'attention_use_n_prev_actions': 0, 'attention_use_n_prev_rewards': 0, 'framestack': True, 'dim': 84, 'grayscale': False, 'zero_mean': True, 'custom_model': None, 'custom_model_config': {}, 'custom_action_dist': None, 'custom_preprocessor': None, 'encoder_latent_dim': None, 'always_check_shapes': False, 'lstm_use_prev_action_reward': -1, '_use_default_native_models': -1, '_disable_preprocessor_api': False, '_disable_action_flattening': False}, '_learner_connector': None, 'add_default_connectors_to_learner_pipeline': True, 'learner_config_dict': {}, 'optimizer': {}, '_learner_class': None, 'callbacks_on_algorithm_init': None, 'callbacks_on_env_runners_recreated': None, 'callbacks_on_offline_eval_runners_recreated': None, 'callbacks_on_checkpoint_loaded': None, 'callbacks_on_environment_created': None, 'callbacks_on_episode_created': None, 'callbacks_on_episode_start': None, 'callbacks_on_episode_step': None, 'callbacks_on_episode_end': None, 'callbacks_on_evaluate_start': None, 'callbacks_on_evaluate_end': None, 'callbacks_on_evaluate_offline_start': None, 'callbacks_on_evaluate_offline_end': None, 'callbacks_on_sample_end': None, 'callbacks_on_train_result': None, 'explore': True, 'enable_rl_module_and_learner': False, 'enable_env_runner_and_connector_v2': False, '_prior_exploration_config': None, 'count_steps_by': 'env_steps', 'policy_map_capacity': 100, 'policy_mapping_fn': <function AlgorithmConfig.DEFAULT_POLICY_MAPPING_FN at 0x7c3f0e248cc0>, 'policies_to_train': None, 'policy_states_are_swappable': False, 'observation_fn': None, 'offline_data_class': None, 'input_read_method': 'read_parquet', 'input_read_method_kwargs': {}, 'input_read_schema': {}, 'input_read_episodes': False, 'input_read_sample_batches': False, 'input_read_batch_size': None, 'input_filesystem': None, 'input_filesystem_kwargs': {}, 'input_compress_columns': ['obs', 'new_obs'], 'input_spaces_jsonable': True, 'materialize_data': False, 'materialize_mapped_data': True, 'map_batches_kwargs': {}, 'iter_batches_kwargs': {}, 'ignore_final_observation': False, 'prelearner_class': None, 'prelearner_buffer_class': None, 'prelearner_buffer_kwargs': {}, 'prelearner_module_synch_period': 10, 'prelearner_use_recorded_module_states': False, 'dataset_num_iters_per_learner': None, 'input_config': {}, 'actions_in_input_normalized': False, 'postprocess_inputs': False, 'shuffle_buffer_size': 0, 'output': None, 'output_config': {}, 'output_compress_columns': ['obs', 'new_obs'], 'output_max_file_size': 67108864, 'output_max_rows_per_file': None, 'output_write_remaining_data': False, 'output_write_method': 'write_parquet', 'output_write_method_kwargs': {}, 'output_filesystem': None, 'output_filesystem_kwargs': {}, 'output_write_episodes': True, 'offline_sampling': False, 'evaluation_interval': None, 'evaluation_duration': 10, 'evaluation_duration_unit': 'episodes', 'evaluation_sample_timeout_s': 120.0, 'evaluation_auto_duration_min_env_steps_per_sample': 100, 'evaluation_auto_duration_max_env_steps_per_sample': 2000, 'evaluation_parallel_to_training': False, 'evaluation_force_reset_envs_before_iteration': True, 'evaluation_config': None, 'off_policy_estimation_methods': {}, 'ope_split_batch_by_episode': True, 'evaluation_num_env_runners': 0, 'in_evaluation': False, 'sync_filters_on_rollout_workers_timeout_s': 10.0, 'offline_evaluation_interval': None, 'num_offline_eval_runners': 0, 'offline_evaluation_type': 'eval_loss', 'offline_eval_runner_class': None, 'offline_loss_for_module_fn': None, 'offline_evaluation_duration': 1, 'offline_evaluation_parallel_to_training': False, 'offline_evaluation_timeout_s': 120.0, 'num_cpus_per_offline_eval_runner': 1, 'num_gpus_per_offline_eval_runner': 0, 'custom_resources_per_offline_eval_runner': {}, 'restart_failed_offline_eval_runners': True, 'ignore_offline_eval_runner_failures': False, 'max_num_offline_eval_runner_restarts': 1000, 'offline_eval_runner_restore_timeout_s': 1800.0, 'max_requests_in_flight_per_offline_eval_runner': 1, 'validate_offline_eval_runners_after_construction': True, 'offline_eval_runner_health_probe_timeout_s': 30.0, 'offline_eval_rl_module_inference_only': False, 'broadcast_offline_eval_runner_states': False, 'offline_eval_batch_size_per_runner': 256, 'dataset_num_iters_per_eval_runner': 1, 'keep_per_episode_custom_metrics': False, 'metrics_episode_collection_timeout_s': 60.0, 'metrics_num_episodes_for_smoothing': 100, 'min_time_s_per_iteration': 1, 'min_train_timesteps_per_iteration': 0, 'min_sample_timesteps_per_iteration': 100, 'log_gradients': False, 'stats_cls_lookup': {'mean': <class 'ray.rllib.utils.metrics.stats.mean.MeanStats'>, 'ema': <class 'ray.rllib.utils.metrics.stats.ema.EmaStats'>, 'min': <class 'ray.rllib.utils.metrics.stats.min.MinStats'>, 'max': <class 'ray.rllib.utils.metrics.stats.max.MaxStats'>, 'sum': <class 'ray.rllib.utils.metrics.stats.sum.SumStats'>, 'lifetime_sum': <class 'ray.rllib.utils.metrics.stats.lifetime_sum.LifetimeSumStats'>, 'percentiles': <class 'ray.rllib.utils.metrics.stats.percentiles.PercentilesStats'>, 'item': <class 'ray.rllib.utils.metrics.stats.item.ItemStats'>, 'item_series': <class 'ray.rllib.utils.metrics.stats.item_series.ItemSeriesStats'>}, 'export_native_model_files': False, 'checkpoint_trainable_policies_only': False, 'logger_creator': None, 'logger_config': None, 'log_level': 'WARN', 'log_sys_usage': True, 'fake_sampler': False, 'seed': 42, 'restart_failed_env_runners': True, 'ignore_env_runner_failures': True, 'max_num_env_runner_restarts': 1000, 'delay_between_env_runner_restarts_s': 60.0, 'restart_failed_sub_environments': False, 'num_consecutive_env_runner_failures_tolerance': 100, 'env_runner_health_probe_timeout_s': 30.0, 'env_runner_restore_timeout_s': 1800.0, '_model_config': {}, '_rl_module_spec': None, 'algorithm_config_overrides_per_module': {}, '_per_module_overrides': {}, '_validate_config': True, '_use_msgpack_checkpoints': False, '_torch_grad_scaler_class': None, '_torch_lr_scheduler_classes': None, '_tf_policy_handles_more_than_one_loss': False, '_disable_preprocessor_api': False, '_disable_action_flattening': False, '_disable_initialize_loss_from_dummy_batch': False, '_dont_auto_sync_env_runner_states': False, 'env_task_fn': -1, 'enable_connectors': -1, 'simple_optimizer': False, 'policy_map_cache': -1, 'worker_cls': -1, 'synchronize_filters': -1, 'enable_async_evaluation': -1, 'custom_async_evaluation_function': -1, '_enable_rl_module_api': -1, 'auto_wrap_old_gym_envs': -1, 'always_attach_evaluation_results': -1, 'replay_sequence_length': None, '_disable_execution_plan_api': -1, 'twin_q': True, 'q_model_config': {'fcnet_hiddens': [256, 256], 'fcnet_activation': 'relu', 'post_fcnet_hiddens': [], 'post_fcnet_activation': None, 'custom_model': None, 'custom_model_config': {}}, 'policy_model_config': {'fcnet_hiddens': [256, 256], 'fcnet_activation': 'relu', 'post_fcnet_hiddens': [], 'post_fcnet_activation': None, 'custom_model': None, 'custom_model_config': {}}, 'tau': 0.005, 'initial_alpha': 1.0, 'target_entropy': 'auto', 'n_step': 1, 'replay_buffer_config': {'type': 'MultiAgentReplayBuffer', 'capacity': 25000}, 'store_buffer_in_checkpoints': False, 'training_intensity': None, 'optimization': {'actor_learning_rate': 0.0003, 'critic_learning_rate': 0.0003, 'entropy_learning_rate': 0.0003}, 'actor_lr': 0.0003, 'critic_lr': 0.0003, 'alpha_lr': 0.0003, 'target_network_update_freq': 0, 'num_steps_sampled_before_learning_starts': 1500, '_deterministic_loss': False, '_use_beta_distribution': False, 'use_state_preprocessor': -1, 'worker_side_prioritization': -1, 'class': <class 'ray.rllib.algorithms.sac.sac.SACConfig'>, 'input': 'sampler', 'policies': {'default_policy': (None, None, None, None)}, 'callbacks': <class 'ray.rllib.callbacks.callbacks.RLlibCallback'>, 'create_env_on_driver': False, 'custom_eval_function': None, 'framework': 'torch'}, 'time_since_restore': 903.5350873470306, 'iterations_since_restore': 80, 'perf': {'cpu_util_percent': np.float64(24.900000000000002), 'ram_util_percent': np.float64(59.79999999999999)}})
iter= 81 R=-1366.9 len=791 eps=0 steps=8100
[36m(RolloutWorker pid=55171)[0m [EpisodeRecorder] episode end (terminated=True truncated=False) frames_written=284
[36m(RolloutWorker pid=55171)[0m [EpisodeRecorder] finalized artifacts/episodes/ep_00010.mp4 (7945395 bytes, 284 frames)
[36m(RolloutWorker pid=55171)[0m [CarlaEnv] Spawned ego id=101 at sp_idx=78 (-71.3,132.3) (attempt 2)
iter= 82 R=-1264.9 len=745 eps=1 steps=8200
iter= 83 R=-1264.9 len=745 eps=0 steps=8300
iter= 84 R=-1264.9 len=745 eps=0 steps=8400
[36m(RolloutWorker pid=55171)[0m [EpisodeRecorder] episode end (terminated=True truncated=False) frames_written=0
[36m(RolloutWorker pid=55171)[0m [CarlaEnv] Spawned ego id=103 at sp_idx=49 (15.1,16.7) (attempt 2)
iter= 85 R=-1172.1 len=703 eps=1 steps=8500
iter= 86 R=-1172.1 len=703 eps=0 steps=8600
[36m(RolloutWorker pid=55171)[0m [EpisodeRecorder] episode end (terminated=True truncated=False) frames_written=0
[36m(RolloutWorker pid=55171)[0m [CarlaEnv] Spawned ego id=105 at sp_idx=138 (-52.3,-28.9) (attempt 2)
iter= 87 R=-1113.5 len=664 eps=1 steps=8700
[36m(RolloutWorker pid=55171)[0m [EpisodeRecorder] episode end (terminated=True truncated=False) frames_written=0
[36m(RolloutWorker pid=55171)[0m [CarlaEnv] Spawned ego id=107 at sp_idx=1 (-67.3,28.0) (attempt 2)
iter= 88 R=-1041.2 len=625 eps=1 steps=8800
iter= 89 R=-1041.2 len=625 eps=0 steps=8900
[Curriculum] ADVANCE stage 0 -> 1 (stage0_single_spawn -> stage1_three_spawns) spawns=[0, 1, 2]
[36m(RolloutWorker pid=55171)[0m [EpisodeRecorder] episode end (terminated=True truncated=False) frames_written=0
[36m(RolloutWorker pid=55171)[0m [CurriculumEnvWrapper] stage 1 -> spawns=[0, 1, 2]
[36m(RolloutWorker pid=55171)[0m [CarlaEnv] Spawned ego id=109 at sp_idx=1 (-67.3,28.0) (attempt 2)
[36m(RolloutWorker pid=55171)[0m [EpisodeRecorder] recording episode 15 -> artifacts/episodes/ep_00015.mp4
[36m(RolloutWorker pid=55171)[0m IMAGEIO FFMPEG_WRITER WARNING: input image is not divisible by macro_block_size=16, resizing from (1000, 360) to (1008, 368) to ensure video compatibility with most codecs and players. To prevent resizing, make your input image divisible by the macro_block_size or set the macro_block_size to 1 (risking incompatibility).
iter= 90 R=-980.2 len=595 eps=1 steps=9000
  checkpoint saved: TrainingResult(checkpoint=Checkpoint(filesystem=local, path=./checkpoints/gt), metrics={'custom_metrics': {}, 'episode_media': {}, 'info': {'learner': {'default_policy': {'custom_metrics': {}, 'learner_stats': {'actor_loss': np.float64(30.539623260498047), 'critic_loss': np.float64(0.12770268321037292), 'alpha_loss': np.float64(-10.94275951385498), 'alpha_value': np.float32(0.106222056), 'log_alpha_value': np.float32(-2.2422235), 'target_entropy': np.float32(-3.0), 'policy_t': np.float64(0.037399765104055405), 'mean_q': np.float64(-30.716148376464844), 'max_q': np.float64(8.308753967285156), 'min_q': np.float64(-47.5088005065918)}, 'model': {}, 'num_grad_updates_lifetime': np.float64(7500.0), 'diff_num_grad_updates_vs_sampler_policy': np.float64(7499.0), 'td_error': array([0.055686  , 0.19878244, 0.24992943, 0.33927727, 0.19515038,
       0.23965836, 0.05514145, 1.0041666 , 0.05681229, 0.20806313,
       0.12862968, 0.04551697, 1.3004484 , 0.5556011 , 0.18535995,
       0.72205925, 0.12945747, 0.16812515, 0.10958672, 0.946375  ,
       0.18974304, 0.09102821, 0.22628975, 0.14474487, 0.11321449,
       0.13699532, 0.08714485, 0.8054638 , 0.28917313, 0.09859657,
       0.07760239, 0.189538  , 0.06812096, 0.04890442, 0.22649956,
       0.18937111, 0.09471703, 0.14749146, 0.33807468, 0.05808258,
       0.05058479, 0.11108208, 1.3015652 , 0.25809288, 0.08507729,
       0.03739357, 0.03743172, 0.32639837, 0.11352921, 0.2640438 ,
       0.17333603, 0.43913078, 0.33910847, 0.17298698, 0.11858749,
       0.03249168, 0.20667458, 0.02805233, 0.01157379, 0.19421577,
       0.16156387, 0.28648448, 0.52588844, 0.38111305, 1.3293533 ,
       0.24469566, 0.293231  , 0.43539333, 1.1843567 , 1.46105   ,
       1.3607788 , 0.26678944, 0.2697544 , 0.3960533 , 2.3036928 ,
       0.41035986, 0.03092957, 0.02745819, 0.11712456, 0.12586021,
       0.10028172, 0.14362526, 0.09879875, 1.4851122 , 0.14822388,
       0.15881157, 0.26577377, 0.07871246, 0.19648552, 0.50760794,
       0.04016304, 0.05911827, 0.13333273, 0.04421616, 0.05235863,
       0.14094925, 0.02485466, 0.1561451 , 0.06501389, 0.2251358 ,
       0.09683037, 0.26436996, 0.1401596 , 0.29440498, 0.15842438,
       0.09525108, 1.382786  , 0.01755905, 0.09165382, 0.43587923,
       0.08327866, 0.040802  , 0.11247063, 0.0649662 , 0.44255733,
       0.22839928, 0.01341438, 0.04463387, 0.04489708, 0.06524086,
       0.16651344, 0.0569849 , 0.03175735, 0.04638672, 0.09194183,
       0.14348602, 0.05696392, 0.65260315, 0.15008163, 0.401412  ,
       0.05789757, 1.2141485 , 0.05119133, 0.08345985, 0.06601334,
       0.13911247, 0.19584846, 0.22547913, 0.15804863, 0.11300278,
       0.04187775, 0.71383524, 3.6716528 , 0.09197426, 0.03841209,
       0.05094147, 0.6382942 , 0.09456635, 0.1535759 , 0.06822205,
       0.05920601, 0.54045296, 0.06621933, 0.06763649, 0.08416748,
       0.05827713, 0.06648636, 0.07763577, 0.14728355, 0.16815567,
       0.1041584 , 0.20637798, 1.4666176 , 0.3584323 , 0.3494072 ,
       0.11869431, 0.39228344, 0.25478935, 0.15242386, 0.10782528,
       0.40005922, 0.35159683, 0.15126228, 0.28837872, 0.20680428,
       0.54341507, 0.12683105, 0.08098793, 0.10221291, 0.17714119,
       0.27710414, 0.33957863, 0.7667484 , 0.07033157, 0.08471489,
       0.14923859, 0.05728722, 0.13178444, 0.00960922, 0.09049797,
       0.1985569 , 1.4901619 , 0.07521057, 0.05936623, 0.701931  ,
       0.16306496, 0.13015938, 0.06664085, 2.5934453 , 0.17167664,
       0.0452137 , 0.11212921, 0.52043533, 0.04654884, 0.11693382,
       0.72877693, 0.13702202, 0.38108683, 2.852046  , 0.03778458,
       0.4980278 , 0.318264  , 0.3109827 , 0.18958092, 0.01164627,
       0.5234184 , 0.18805504, 0.44410324, 0.02051735, 0.06083608,
       0.6656821 , 0.10129356, 0.09604645, 0.2783594 , 0.03079605,
       0.04784012, 0.1072979 , 0.17030358, 0.05128479, 0.08007431,
       0.46081305, 0.10022926, 0.5896802 , 0.2427578 , 0.07110023,
       0.09639931, 0.07432747, 0.5196171 , 0.12401772, 0.26307583,
       0.3783369 , 0.08850098, 0.15878296, 0.2391882 , 0.2837801 ,
       0.19368553, 0.18803024, 0.09184647, 1.4784737 , 2.755602  ,
       0.32863998, 0.20017242, 0.05003166, 0.31468582, 1.0619979 ,
       0.43526936], dtype=float32), 'mean_td_error': np.float64(0.30937522649765015)}}, 'num_env_steps_sampled': 9000, 'num_env_steps_trained': 1920000, 'num_agent_steps_sampled': 9000, 'num_agent_steps_trained': 1920000, 'last_target_update_ts': 9000, 'num_target_updates': 7500}, 'env_runners': {'episode_reward_max': np.float64(-101.46301670085873), 'episode_reward_min': np.float64(-2104.4038987762196), 'episode_reward_mean': np.float64(-980.2393628422693), 'episode_len_mean': np.float64(594.8666666666667), 'episode_media': {}, 'episodes_timesteps_total': 8923, 'policy_reward_min': {'default_policy': np.float64(-2104.4038987762196)}, 'policy_reward_max': {'default_policy': np.float64(-101.46301670085873)}, 'policy_reward_mean': {'default_policy': np.float64(-980.2393628422693)}, 'custom_metrics': {}, 'hist_stats': {'episode_reward': [np.float64(-1718.3458937847283), np.float64(-1782.7266933977005), np.float64(-2104.4038987762196), np.float64(-1766.1730804221183), np.float64(-1727.5394835626018), np.float64(-1781.6203710948466), np.float64(-192.38392545077), np.float64(-1590.4878602307615), np.float64(-534.8482516852024), np.float64(-470.6564135257046), np.float64(-244.8575620729081), np.float64(-150.81344794725595), np.float64(-410.68930701357783), np.float64(-101.46301670085873), np.float64(-126.58123696878648)], 'episode_lengths': [1000, 1000, 1000, 1000, 1000, 1000, 181, 1000, 453, 274, 284, 246, 191, 117, 177], 'policy_default_policy_reward': [np.float64(-1718.3458937847283), np.float64(-1782.7266933977005), np.float64(-2104.4038987762196), np.float64(-1766.1730804221183), np.float64(-1727.5394835626018), np.float64(-1781.6203710948466), np.float64(-192.38392545077), np.float64(-1590.4878602307615), np.float64(-534.8482516852024), np.float64(-470.6564135257046), np.float64(-244.8575620729081), np.float64(-150.81344794725595), np.float64(-410.68930701357783), np.float64(-101.46301670085873), np.float64(-126.58123696878648)]}, 'sampler_perf': {'mean_raw_obs_processing_ms': np.float64(0.737028795363382), 'mean_inference_ms': np.float64(2.8577753678942397), 'mean_action_processing_ms': np.float64(0.10906406004372658), 'mean_env_wait_ms': np.float64(8.306474524894456), 'mean_env_render_ms': np.float64(0.0)}, 'num_faulty_episodes': 0, 'connector_metrics': {'ObsPreprocessorConnector_ms': np.float64(0.04057089487711588), 'StateBufferConnector_ms': np.float64(0.0038639704386393228), 'ViewRequirementAgentConnector_ms': np.float64(0.12032508850097656)}, 'num_episodes': 1, 'episode_return_max': np.float64(-101.46301670085873), 'episode_return_min': np.float64(-2104.4038987762196), 'episode_return_mean': np.float64(-980.2393628422693), 'episodes_this_iter': 1}, 'num_healthy_workers': 1, 'actor_manager_num_outstanding_async_reqs': 0, 'num_remote_worker_restarts': 0, 'num_agent_steps_sampled': 9000, 'num_agent_steps_trained': 1920000, 'num_env_steps_sampled': 9000, 'num_env_steps_trained': 1920000, 'num_env_steps_sampled_this_iter': 100, 'num_env_steps_trained_this_iter': 25600, 'num_env_steps_sampled_throughput_per_sec': 7.386605117729179, 'num_env_steps_trained_throughput_per_sec': 1890.9709101386698, 'timesteps_total': 9000, 'num_env_steps_sampled_lifetime': 9000, 'num_agent_steps_sampled_lifetime': 9000, 'num_steps_trained_this_iter': 25600, 'agent_timesteps_total': 9000, 'timers': {'training_iteration_time_ms': 13220.943, 'restore_workers_time_ms': 0.006, 'training_step_time_ms': 132.731, 'sample_time_ms': 27.3, 'load_time_ms': 5.263, 'load_throughput': 48638.423, 'learn_time_ms': 25.818, 'learn_throughput': 9915.686, 'synch_weights_time_ms': 8.402}, 'counters': {'num_env_steps_sampled': 9000, 'num_env_steps_trained': 1920000, 'num_agent_steps_sampled': 9000, 'num_agent_steps_trained': 1920000, 'last_target_update_ts': 9000, 'num_target_updates': 7500}, 'done': False, 'training_iteration': 90, 'trial_id': 'default', 'date': '2026-04-24_14-28-45', 'timestamp': 1777015725, 'time_this_iter_s': 13.56255841255188, 'time_total_s': 1035.9346845149994, 'pid': 54804, 'hostname': 'supawich-B760M-Pro-RS-D4', 'node_ip': '192.168.110.31', 'config': {'exploration_config': {'type': 'StochasticSampling'}, 'extra_python_environs_for_driver': {}, 'extra_python_environs_for_worker': {}, 'placement_strategy': 'PACK', 'num_gpus': 1, '_fake_gpus': False, 'num_cpus_for_main_process': 1, 'eager_tracing': True, 'eager_max_retraces': 20, 'tf_session_args': {'intra_op_parallelism_threads': 2, 'inter_op_parallelism_threads': 2, 'gpu_options': {'allow_growth': True}, 'log_device_placement': False, 'device_count': {'CPU': 1}, 'allow_soft_placement': True}, 'local_tf_session_args': {'intra_op_parallelism_threads': 8, 'inter_op_parallelism_threads': 8}, 'torch_compile_learner': False, 'torch_compile_learner_what_to_compile': <TorchCompileWhatToCompile.FORWARD_TRAIN: 'forward_train'>, 'torch_compile_learner_dynamo_backend': 'inductor', 'torch_compile_learner_dynamo_mode': None, 'torch_compile_worker': False, 'torch_compile_worker_dynamo_backend': 'onnxrt', 'torch_compile_worker_dynamo_mode': None, 'torch_ddp_kwargs': {}, 'torch_skip_nan_gradients': False, 'env': 'carla_gt_env', 'env_config': {'host': 'localhost', 'port': 2000}, 'observation_space': None, 'action_space': None, 'clip_rewards': None, 'normalize_actions': True, 'clip_actions': False, '_is_atari': None, 'disable_env_checking': False, 'render_env': False, 'action_mask_key': 'action_mask', 'env_runner_cls': None, 'num_env_runners': 1, 'create_local_env_runner': True, 'num_envs_per_env_runner': 1, 'gym_env_vectorize_mode': 'sync', 'num_cpus_per_env_runner': 1, 'num_gpus_per_env_runner': 0, 'custom_resources_per_env_runner': {}, 'validate_env_runners_after_construction': True, 'episodes_to_numpy': True, 'max_requests_in_flight_per_env_runner': 1, 'sample_timeout_s': 60.0, '_env_to_module_connector': None, 'add_default_connectors_to_env_to_module_pipeline': True, '_module_to_env_connector': None, 'add_default_connectors_to_module_to_env_pipeline': True, 'merge_env_runner_states': 'training_only', 'broadcast_env_runner_states': True, 'episode_lookback_horizon': 1, 'rollout_fragment_length': 'auto', 'batch_mode': 'truncate_episodes', 'compress_observations': False, 'remote_worker_envs': False, 'remote_env_batch_wait_ms': 0, 'enable_tf1_exec_eagerly': False, 'sample_collector': <class 'ray.rllib.evaluation.collectors.simple_list_collector.SimpleListCollector'>, 'preprocessor_pref': 'deepmind', 'observation_filter': 'NoFilter', 'update_worker_filter_stats': True, 'use_worker_filter_stats': True, 'sampler_perf_stats_ema_coef': None, '_is_online': True, 'num_learners': 0, 'num_gpus_per_learner': 0, 'num_cpus_per_learner': 'auto', 'num_aggregator_actors_per_learner': 0, 'max_requests_in_flight_per_aggregator_actor': 3, 'local_gpu_idx': 0, 'max_requests_in_flight_per_learner': 3, 'gamma': 0.99, 'lr': None, 'grad_clip': None, 'grad_clip_by': 'global_norm', '_train_batch_size_per_learner': 256, 'train_batch_size': 256, 'num_epochs': 1, 'minibatch_size': None, 'shuffle_batch_per_epoch': False, 'model': {'fcnet_hiddens': [256, 256], 'fcnet_activation': 'tanh', 'fcnet_weights_initializer': None, 'fcnet_weights_initializer_config': None, 'fcnet_bias_initializer': None, 'fcnet_bias_initializer_config': None, 'conv_filters': None, 'conv_activation': 'relu', 'conv_kernel_initializer': None, 'conv_kernel_initializer_config': None, 'conv_bias_initializer': None, 'conv_bias_initializer_config': None, 'conv_transpose_kernel_initializer': None, 'conv_transpose_kernel_initializer_config': None, 'conv_transpose_bias_initializer': None, 'conv_transpose_bias_initializer_config': None, 'post_fcnet_hiddens': [], 'post_fcnet_activation': 'relu', 'post_fcnet_weights_initializer': None, 'post_fcnet_weights_initializer_config': None, 'post_fcnet_bias_initializer': None, 'post_fcnet_bias_initializer_config': None, 'free_log_std': False, 'log_std_clip_param': 20.0, 'no_final_linear': False, 'vf_share_layers': True, 'use_lstm': False, 'max_seq_len': 20, 'lstm_cell_size': 256, 'lstm_use_prev_action': False, 'lstm_use_prev_reward': False, 'lstm_weights_initializer': None, 'lstm_weights_initializer_config': None, 'lstm_bias_initializer': None, 'lstm_bias_initializer_config': None, '_time_major': False, 'use_attention': False, 'attention_num_transformer_units': 1, 'attention_dim': 64, 'attention_num_heads': 1, 'attention_head_dim': 32, 'attention_memory_inference': 50, 'attention_memory_training': 50, 'attention_position_wise_mlp_dim': 32, 'attention_init_gru_gate_bias': 2.0, 'attention_use_n_prev_actions': 0, 'attention_use_n_prev_rewards': 0, 'framestack': True, 'dim': 84, 'grayscale': False, 'zero_mean': True, 'custom_model': None, 'custom_model_config': {}, 'custom_action_dist': None, 'custom_preprocessor': None, 'encoder_latent_dim': None, 'always_check_shapes': False, 'lstm_use_prev_action_reward': -1, '_use_default_native_models': -1, '_disable_preprocessor_api': False, '_disable_action_flattening': False}, '_learner_connector': None, 'add_default_connectors_to_learner_pipeline': True, 'learner_config_dict': {}, 'optimizer': {}, '_learner_class': None, 'callbacks_on_algorithm_init': None, 'callbacks_on_env_runners_recreated': None, 'callbacks_on_offline_eval_runners_recreated': None, 'callbacks_on_checkpoint_loaded': None, 'callbacks_on_environment_created': None, 'callbacks_on_episode_created': None, 'callbacks_on_episode_start': None, 'callbacks_on_episode_step': None, 'callbacks_on_episode_end': None, 'callbacks_on_evaluate_start': None, 'callbacks_on_evaluate_end': None, 'callbacks_on_evaluate_offline_start': None, 'callbacks_on_evaluate_offline_end': None, 'callbacks_on_sample_end': None, 'callbacks_on_train_result': None, 'explore': True, 'enable_rl_module_and_learner': False, 'enable_env_runner_and_connector_v2': False, '_prior_exploration_config': None, 'count_steps_by': 'env_steps', 'policy_map_capacity': 100, 'policy_mapping_fn': <function AlgorithmConfig.DEFAULT_POLICY_MAPPING_FN at 0x7c3f0e248cc0>, 'policies_to_train': None, 'policy_states_are_swappable': False, 'observation_fn': None, 'offline_data_class': None, 'input_read_method': 'read_parquet', 'input_read_method_kwargs': {}, 'input_read_schema': {}, 'input_read_episodes': False, 'input_read_sample_batches': False, 'input_read_batch_size': None, 'input_filesystem': None, 'input_filesystem_kwargs': {}, 'input_compress_columns': ['obs', 'new_obs'], 'input_spaces_jsonable': True, 'materialize_data': False, 'materialize_mapped_data': True, 'map_batches_kwargs': {}, 'iter_batches_kwargs': {}, 'ignore_final_observation': False, 'prelearner_class': None, 'prelearner_buffer_class': None, 'prelearner_buffer_kwargs': {}, 'prelearner_module_synch_period': 10, 'prelearner_use_recorded_module_states': False, 'dataset_num_iters_per_learner': None, 'input_config': {}, 'actions_in_input_normalized': False, 'postprocess_inputs': False, 'shuffle_buffer_size': 0, 'output': None, 'output_config': {}, 'output_compress_columns': ['obs', 'new_obs'], 'output_max_file_size': 67108864, 'output_max_rows_per_file': None, 'output_write_remaining_data': False, 'output_write_method': 'write_parquet', 'output_write_method_kwargs': {}, 'output_filesystem': None, 'output_filesystem_kwargs': {}, 'output_write_episodes': True, 'offline_sampling': False, 'evaluation_interval': None, 'evaluation_duration': 10, 'evaluation_duration_unit': 'episodes', 'evaluation_sample_timeout_s': 120.0, 'evaluation_auto_duration_min_env_steps_per_sample': 100, 'evaluation_auto_duration_max_env_steps_per_sample': 2000, 'evaluation_parallel_to_training': False, 'evaluation_force_reset_envs_before_iteration': True, 'evaluation_config': None, 'off_policy_estimation_methods': {}, 'ope_split_batch_by_episode': True, 'evaluation_num_env_runners': 0, 'in_evaluation': False, 'sync_filters_on_rollout_workers_timeout_s': 10.0, 'offline_evaluation_interval': None, 'num_offline_eval_runners': 0, 'offline_evaluation_type': 'eval_loss', 'offline_eval_runner_class': None, 'offline_loss_for_module_fn': None, 'offline_evaluation_duration': 1, 'offline_evaluation_parallel_to_training': False, 'offline_evaluation_timeout_s': 120.0, 'num_cpus_per_offline_eval_runner': 1, 'num_gpus_per_offline_eval_runner': 0, 'custom_resources_per_offline_eval_runner': {}, 'restart_failed_offline_eval_runners': True, 'ignore_offline_eval_runner_failures': False, 'max_num_offline_eval_runner_restarts': 1000, 'offline_eval_runner_restore_timeout_s': 1800.0, 'max_requests_in_flight_per_offline_eval_runner': 1, 'validate_offline_eval_runners_after_construction': True, 'offline_eval_runner_health_probe_timeout_s': 30.0, 'offline_eval_rl_module_inference_only': False, 'broadcast_offline_eval_runner_states': False, 'offline_eval_batch_size_per_runner': 256, 'dataset_num_iters_per_eval_runner': 1, 'keep_per_episode_custom_metrics': False, 'metrics_episode_collection_timeout_s': 60.0, 'metrics_num_episodes_for_smoothing': 100, 'min_time_s_per_iteration': 1, 'min_train_timesteps_per_iteration': 0, 'min_sample_timesteps_per_iteration': 100, 'log_gradients': False, 'stats_cls_lookup': {'mean': <class 'ray.rllib.utils.metrics.stats.mean.MeanStats'>, 'ema': <class 'ray.rllib.utils.metrics.stats.ema.EmaStats'>, 'min': <class 'ray.rllib.utils.metrics.stats.min.MinStats'>, 'max': <class 'ray.rllib.utils.metrics.stats.max.MaxStats'>, 'sum': <class 'ray.rllib.utils.metrics.stats.sum.SumStats'>, 'lifetime_sum': <class 'ray.rllib.utils.metrics.stats.lifetime_sum.LifetimeSumStats'>, 'percentiles': <class 'ray.rllib.utils.metrics.stats.percentiles.PercentilesStats'>, 'item': <class 'ray.rllib.utils.metrics.stats.item.ItemStats'>, 'item_series': <class 'ray.rllib.utils.metrics.stats.item_series.ItemSeriesStats'>}, 'export_native_model_files': False, 'checkpoint_trainable_policies_only': False, 'logger_creator': None, 'logger_config': None, 'log_level': 'WARN', 'log_sys_usage': True, 'fake_sampler': False, 'seed': 42, 'restart_failed_env_runners': True, 'ignore_env_runner_failures': True, 'max_num_env_runner_restarts': 1000, 'delay_between_env_runner_restarts_s': 60.0, 'restart_failed_sub_environments': False, 'num_consecutive_env_runner_failures_tolerance': 100, 'env_runner_health_probe_timeout_s': 30.0, 'env_runner_restore_timeout_s': 1800.0, '_model_config': {}, '_rl_module_spec': None, 'algorithm_config_overrides_per_module': {}, '_per_module_overrides': {}, '_validate_config': True, '_use_msgpack_checkpoints': False, '_torch_grad_scaler_class': None, '_torch_lr_scheduler_classes': None, '_tf_policy_handles_more_than_one_loss': False, '_disable_preprocessor_api': False, '_disable_action_flattening': False, '_disable_initialize_loss_from_dummy_batch': False, '_dont_auto_sync_env_runner_states': False, 'env_task_fn': -1, 'enable_connectors': -1, 'simple_optimizer': False, 'policy_map_cache': -1, 'worker_cls': -1, 'synchronize_filters': -1, 'enable_async_evaluation': -1, 'custom_async_evaluation_function': -1, '_enable_rl_module_api': -1, 'auto_wrap_old_gym_envs': -1, 'always_attach_evaluation_results': -1, 'replay_sequence_length': None, '_disable_execution_plan_api': -1, 'twin_q': True, 'q_model_config': {'fcnet_hiddens': [256, 256], 'fcnet_activation': 'relu', 'post_fcnet_hiddens': [], 'post_fcnet_activation': None, 'custom_model': None, 'custom_model_config': {}}, 'policy_model_config': {'fcnet_hiddens': [256, 256], 'fcnet_activation': 'relu', 'post_fcnet_hiddens': [], 'post_fcnet_activation': None, 'custom_model': None, 'custom_model_config': {}}, 'tau': 0.005, 'initial_alpha': 1.0, 'target_entropy': 'auto', 'n_step': 1, 'replay_buffer_config': {'type': 'MultiAgentReplayBuffer', 'capacity': 25000}, 'store_buffer_in_checkpoints': False, 'training_intensity': None, 'optimization': {'actor_learning_rate': 0.0003, 'critic_learning_rate': 0.0003, 'entropy_learning_rate': 0.0003}, 'actor_lr': 0.0003, 'critic_lr': 0.0003, 'alpha_lr': 0.0003, 'target_network_update_freq': 0, 'num_steps_sampled_before_learning_starts': 1500, '_deterministic_loss': False, '_use_beta_distribution': False, 'use_state_preprocessor': -1, 'worker_side_prioritization': -1, 'class': <class 'ray.rllib.algorithms.sac.sac.SACConfig'>, 'input': 'sampler', 'policies': {'default_policy': (None, None, None, None)}, 'callbacks': <class 'ray.rllib.callbacks.callbacks.RLlibCallback'>, 'create_env_on_driver': False, 'custom_eval_function': None, 'framework': 'torch'}, 'time_since_restore': 1035.9346845149994, 'iterations_since_restore': 90, 'perf': {'cpu_util_percent': np.float64(25.415789473684214), 'ram_util_percent': np.float64(60.0)}})
iter= 91 R=-980.2 len=595 eps=0 steps=9100
[36m(RolloutWorker pid=55171)[0m [EpisodeRecorder] episode end (terminated=True truncated=False) frames_written=257
[36m(RolloutWorker pid=55171)[0m [EpisodeRecorder] finalized artifacts/episodes/ep_00015.mp4 (8282742 bytes, 257 frames)
[36m(RolloutWorker pid=55171)[0m [CarlaEnv] Spawned ego id=112 at sp_idx=1 (-67.3,28.0) (attempt 2)
iter= 92 R=-936.7 len=574 eps=1 steps=9200
[36m(RolloutWorker pid=55171)[0m [EpisodeRecorder] episode end (terminated=True truncated=False) frames_written=0
[36m(RolloutWorker pid=55171)[0m [CarlaEnv] Spawned ego id=114 at sp_idx=1 (-67.3,28.0) (attempt 2)
iter= 93 R=-882.1 len=544 eps=1 steps=9300
iter= 94 R=-882.1 len=544 eps=0 steps=9400
[Curriculum] ADVANCE stage 1 -> 2 (stage1_three_spawns -> stage2_six_spawns) spawns=[0, 1, 2, 3, 4, 5]
[36m(RolloutWorker pid=55171)[0m [EpisodeRecorder] episode end (terminated=True truncated=False) frames_written=0
[36m(RolloutWorker pid=55171)[0m [CurriculumEnvWrapper] stage 2 -> spawns=[0, 1, 2, 3, 4, 5]
[36m(RolloutWorker pid=55171)[0m [CarlaEnv] Spawned ego id=116 at sp_idx=1 (-67.3,28.0) (attempt 2)
iter= 95 R=-838.1 len=524 eps=1 steps=9500
[36m(RolloutWorker pid=55171)[0m [EpisodeRecorder] episode end (terminated=True truncated=False) frames_written=0
[36m(RolloutWorker pid=55171)[0m [CarlaEnv] Spawned ego id=118 at sp_idx=1 (-67.3,28.0) (attempt 2)
iter= 96 R=-797.5 len=504 eps=1 steps=9600
iter= 97 R=-797.5 len=504 eps=0 steps=9700
[36m(RolloutWorker pid=55171)[0m [EpisodeRecorder] episode end (terminated=True truncated=False) frames_written=0
[36m(RolloutWorker pid=55171)[0m [CarlaEnv] Spawned ego id=120 at sp_idx=1 (-67.3,28.0) (attempt 2)
[36m(RolloutWorker pid=55171)[0m [EpisodeRecorder] recording episode 20 -> artifacts/episodes/ep_00020.mp4
[36m(RolloutWorker pid=55171)[0m IMAGEIO FFMPEG_WRITER WARNING: input image is not divisible by macro_block_size=16, resizing from (1000, 360) to (1008, 368) to ensure video compatibility with most codecs and players. To prevent resizing, make your input image divisible by the macro_block_size or set the macro_block_size to 1 (risking incompatibility).
iter= 98 R=-760.4 len=486 eps=1 steps=9800
[36m(RolloutWorker pid=55171)[0m [EpisodeRecorder] episode end (terminated=True truncated=False) frames_written=168
[36m(RolloutWorker pid=55171)[0m [EpisodeRecorder] finalized artifacts/episodes/ep_00020.mp4 (5245731 bytes, 168 frames)
[36m(RolloutWorker pid=55171)[0m [CarlaEnv] Spawned ego id=123 at sp_idx=1 (-67.3,28.0) (attempt 2)
iter= 99 R=-729.1 len=471 eps=1 steps=9900
iter=100 R=-729.1 len=471 eps=0 steps=10000
  checkpoint saved: TrainingResult(checkpoint=Checkpoint(filesystem=local, path=./checkpoints/gt), metrics={'custom_metrics': {}, 'episode_media': {}, 'info': {'learner': {'default_policy': {'custom_metrics': {}, 'learner_stats': {'actor_loss': np.float64(35.62799072265625), 'critic_loss': np.float64(0.5501810312271118), 'alpha_loss': np.float64(-11.602174758911133), 'alpha_value': np.float32(0.07944712), 'log_alpha_value': np.float32(-2.5326636), 'target_entropy': np.float32(-3.0), 'policy_t': np.float64(0.05287730693817139), 'mean_q': np.float64(-35.74763488769531), 'max_q': np.float64(5.196707248687744), 'min_q': np.float64(-55.408302307128906)}, 'model': {}, 'num_grad_updates_lifetime': np.float64(8500.0), 'diff_num_grad_updates_vs_sampler_policy': np.float64(8499.0), 'td_error': array([7.43980408e-02, 4.60099220e-01, 3.14331055e-02, 1.40953064e-01,
       8.88914108e-01, 1.50835037e-01, 2.04250336e-01, 1.06191635e-01,
       1.15051270e-01, 1.62574768e-01, 5.14392853e-02, 3.50399017e-02,
       5.44540405e-01, 2.63924313e+00, 2.60086870e+00, 2.34018326e-01,
       1.61224365e-01, 8.65991592e-01, 1.67727470e-01, 1.69731140e-01,
       1.59301758e-02, 1.68241501e-01, 1.38498306e-01, 3.06447983e-01,
       1.49005890e-01, 4.10461426e-03, 2.92272568e-01, 2.17638016e-01,
       1.10645294e-02, 2.55128860e-01, 5.32035828e-01, 6.95934296e-01,
       2.91175842e-01, 3.90998840e-01, 7.36195564e-01, 2.15404510e-01,
       3.02265644e-01, 8.36993217e-01, 3.00172806e-01, 5.34057617e-02,
       9.16290283e-02, 1.53776169e-01, 6.09474182e-02, 1.46325779e+00,
       1.01557350e+00, 2.05781937e-01, 1.31748581e+00, 9.55123901e-02,
       1.20006561e-01, 4.55463409e-01, 3.06473732e-01, 6.01498146e+01,
       2.33949661e-01, 2.57911682e-02, 4.47063446e-01, 3.04372787e-01,
       3.49636078e-01, 2.30998993e-01, 1.72309875e-01, 5.51962852e-01,
       1.37666702e-01, 1.10336304e-01, 1.26249313e-01, 1.22534847e+00,
       8.77255440e-01, 1.53749466e-01, 2.98797607e-01, 2.30159760e-02,
       7.99081802e-01, 1.37540817e-01, 3.48014832e-02, 2.67395020e-01,
       6.62311554e-01, 2.03561783e-01, 2.56338120e-01, 8.21025372e-02,
       1.42255783e-01, 1.83023453e-01, 8.80298615e-02, 3.94237518e-01,
       2.28340149e-01, 9.14483070e-01, 2.92652130e-01, 2.03252792e-01,
       4.95758057e-02, 5.17219543e-01, 2.61278152e-01, 2.08269119e-01,
       1.70499802e-01, 1.28971100e-01, 3.39323044e-01, 8.67748260e-02,
       1.81694031e-01, 3.38165522e-01, 4.69264984e-02, 8.57716560e-01,
       3.33754539e-01, 1.61316776e+00, 1.68674469e-01, 1.44588470e-01,
       1.70248032e-01, 3.09960842e-01, 2.27710724e-01, 1.20109558e-01,
       5.36403656e-02, 1.68622613e-01, 6.88961983e-01, 1.53537750e-01,
       1.33018494e-01, 7.10964203e-02, 5.22855759e-01, 7.19041824e-01,
       2.03567505e-01, 1.77640152e+00, 4.94125366e-01, 1.69391632e-01,
       4.44299889e+00, 1.41696930e-01, 6.31006241e-01, 7.26108551e-02,
       9.09175873e-02, 9.59294319e-01, 8.75816345e-02, 7.20691681e-02,
       1.02296829e-01, 1.36915207e-01, 1.42482758e-01, 9.07535553e-02,
       1.61527061e+00, 4.02189255e-01, 6.84852600e-02, 1.32835388e-01,
       6.62269592e-02, 4.61725235e-01, 4.04046059e-01, 5.10997772e-02,
       1.17162752e+00, 1.84547424e-01, 4.13932800e-02, 4.91820335e-01,
       1.48700714e-01, 3.30926895e-01, 4.58490372e-01, 8.24794769e-02,
       1.89092636e-01, 1.83319330e-01, 4.70333099e-01, 3.70670319e-01,
       5.50193787e-02, 2.09089279e-01, 1.26190186e-02, 1.47251129e-01,
       6.81800842e-02, 1.79693222e-01, 2.59481430e-01, 8.82671356e-01,
       2.78688431e-01, 5.99613190e-02, 3.03525925e-01, 8.75129700e-02,
       3.53946686e-02, 5.87487698e-01, 2.64379501e-01, 4.71458435e-02,
       4.21205521e-01, 2.26718903e-01, 4.62676048e-01, 6.95800781e-02,
       7.21397400e-02, 4.57390327e+01, 9.73968506e-02, 1.03834152e-01,
       1.12684250e-01, 2.32477188e-01, 1.75882339e-01, 5.70238113e-01,
       4.35844421e-01, 2.74272919e-01, 2.83298492e-02, 7.52887726e-02,
       1.05224609e-01, 1.01634979e-01, 3.68428230e-01, 9.87472534e-02,
       5.02599716e-01, 1.49745941e-01, 6.34783745e-01, 4.49218750e-02,
       3.44549179e-01, 3.49760056e-01, 1.18096542e+00, 8.63817215e-01,
       1.02766037e-01, 8.87126923e-02, 9.68506813e-01, 1.76975250e-01,
       1.29928589e-01, 3.12686920e-01, 2.31966972e-02, 1.05458260e+00,
       4.71687317e-03, 1.90177917e-01, 2.05223083e-01, 1.70055962e+00,
       1.76313400e-01, 1.94557190e-01, 1.65624619e-01, 3.11669779e+00,
       1.19804382e-01, 1.36459351e-01, 1.38436890e+00, 9.53807831e-02,
       1.20756149e-01, 3.25006962e-01, 4.42752838e-02, 2.34826088e-01,
       1.12775803e-01, 6.88648224e-02, 6.94789886e-02, 1.04137421e-01,
       1.34506607e+00, 7.58514404e-02, 2.43568420e-02, 2.35353470e-01,
       2.03041077e-01, 4.85763550e-02, 7.33294487e-01, 3.38399887e-01,
       4.00123596e-02, 1.61022186e-01, 1.59835815e-01, 2.42033005e-01,
       2.85873413e-02, 8.57009888e-02, 2.30083466e-01, 2.60368347e-01,
       5.69419861e-02, 5.48059464e-01, 4.96215820e-02, 4.39338684e-02,
       4.84037399e-01, 4.67720032e-02, 9.64012146e-02, 4.59880829e-02,
       1.97578430e-01, 3.71202469e-01, 9.78870392e-02, 2.32519150e-01,
       1.36508942e-01, 7.47032166e-02, 3.98370743e-01, 2.77990341e-01,
       9.64012146e-02, 2.39278793e-01, 5.41095734e-02, 6.21309280e-01],
      dtype=float32), 'mean_td_error': np.float64(0.7584581971168518)}}, 'num_env_steps_sampled': 10000, 'num_env_steps_trained': 2176000, 'num_agent_steps_sampled': 10000, 'num_agent_steps_trained': 2176000, 'last_target_update_ts': 10000, 'num_target_updates': 8500}, 'env_runners': {'episode_reward_max': np.float64(-7.33299380107993), 'episode_reward_min': np.float64(-2104.4038987762196), 'episode_reward_mean': np.float64(-729.0570915940744), 'episode_len_mean': np.float64(470.5238095238095), 'episode_media': {}, 'episodes_timesteps_total': 9881, 'policy_reward_min': {'default_policy': np.float64(-2104.4038987762196)}, 'policy_reward_max': {'default_policy': np.float64(-7.33299380107993)}, 'policy_reward_mean': {'default_policy': np.float64(-729.0570915940744)}, 'custom_metrics': {}, 'hist_stats': {'episode_reward': [np.float64(-1718.3458937847283), np.float64(-1782.7266933977005), np.float64(-2104.4038987762196), np.float64(-1766.1730804221183), np.float64(-1727.5394835626018), np.float64(-1781.6203710948466), np.float64(-192.38392545077), np.float64(-1590.4878602307615), np.float64(-534.8482516852024), np.float64(-470.6564135257046), np.float64(-244.8575620729081), np.float64(-150.81344794725595), np.float64(-410.68930701357783), np.float64(-101.46301670085873), np.float64(-126.58123696878648), np.float64(-284.0476866541365), np.float64(-7.33299380107993), np.float64(-90.7774064315918), np.float64(-67.16296549776257), np.float64(-55.27535185717099), np.float64(-102.01207659977958)], 'episode_lengths': [1000, 1000, 1000, 1000, 1000, 1000, 181, 1000, 453, 274, 284, 246, 191, 117, 177, 257, 60, 183, 149, 141, 168], 'policy_default_policy_reward': [np.float64(-1718.3458937847283), np.float64(-1782.7266933977005), np.float64(-2104.4038987762196), np.float64(-1766.1730804221183), np.float64(-1727.5394835626018), np.float64(-1781.6203710948466), np.float64(-192.38392545077), np.float64(-1590.4878602307615), np.float64(-534.8482516852024), np.float64(-470.6564135257046), np.float64(-244.8575620729081), np.float64(-150.81344794725595), np.float64(-410.68930701357783), np.float64(-101.46301670085873), np.float64(-126.58123696878648), np.float64(-284.0476866541365), np.float64(-7.33299380107993), np.float64(-90.7774064315918), np.float64(-67.16296549776257), np.float64(-55.27535185717099), np.float64(-102.01207659977958)]}, 'sampler_perf': {'mean_raw_obs_processing_ms': np.float64(0.7423460455497439), 'mean_inference_ms': np.float64(2.800631753026921), 'mean_action_processing_ms': np.float64(0.10715840340406999), 'mean_env_wait_ms': np.float64(7.553529073929365), 'mean_env_render_ms': np.float64(0.0)}, 'num_faulty_episodes': 0, 'connector_metrics': {'ObsPreprocessorConnector_ms': np.float64(0.039839744567871094), 'StateBufferConnector_ms': np.float64(0.00373749505905878), 'ViewRequirementAgentConnector_ms': np.float64(0.11888231549944196)}, 'num_episodes': 0, 'episode_return_max': np.float64(-7.33299380107993), 'episode_return_min': np.float64(-2104.4038987762196), 'episode_return_mean': np.float64(-729.0570915940744), 'episodes_this_iter': 0}, 'num_healthy_workers': 1, 'actor_manager_num_outstanding_async_reqs': 0, 'num_remote_worker_restarts': 0, 'num_agent_steps_sampled': 10000, 'num_agent_steps_trained': 2176000, 'num_env_steps_sampled': 10000, 'num_env_steps_trained': 2176000, 'num_env_steps_sampled_this_iter': 100, 'num_env_steps_trained_this_iter': 25600, 'num_env_steps_sampled_throughput_per_sec': 7.6170438125520725, 'num_env_steps_trained_throughput_per_sec': 1949.9632160133306, 'timesteps_total': 10000, 'num_env_steps_sampled_lifetime': 10000, 'num_agent_steps_sampled_lifetime': 10000, 'num_steps_trained_this_iter': 25600, 'agent_timesteps_total': 10000, 'timers': {'training_iteration_time_ms': 13397.217, 'restore_workers_time_ms': 0.007, 'training_step_time_ms': 130.686, 'sample_time_ms': 25.16, 'load_time_ms': 5.122, 'load_throughput': 49983.094, 'learn_time_ms': 25.975, 'learn_throughput': 9855.617, 'synch_weights_time_ms': 8.584}, 'counters': {'num_env_steps_sampled': 10000, 'num_env_steps_trained': 2176000, 'num_agent_steps_sampled': 10000, 'num_agent_steps_trained': 2176000, 'last_target_update_ts': 10000, 'num_target_updates': 8500}, 'done': False, 'training_iteration': 100, 'trial_id': 'default', 'date': '2026-04-24_14-30-59', 'timestamp': 1777015859, 'time_this_iter_s': 13.144964694976807, 'time_total_s': 1170.0788855552673, 'pid': 54804, 'hostname': 'supawich-B760M-Pro-RS-D4', 'node_ip': '192.168.110.31', 'config': {'exploration_config': {'type': 'StochasticSampling'}, 'extra_python_environs_for_driver': {}, 'extra_python_environs_for_worker': {}, 'placement_strategy': 'PACK', 'num_gpus': 1, '_fake_gpus': False, 'num_cpus_for_main_process': 1, 'eager_tracing': True, 'eager_max_retraces': 20, 'tf_session_args': {'intra_op_parallelism_threads': 2, 'inter_op_parallelism_threads': 2, 'gpu_options': {'allow_growth': True}, 'log_device_placement': False, 'device_count': {'CPU': 1}, 'allow_soft_placement': True}, 'local_tf_session_args': {'intra_op_parallelism_threads': 8, 'inter_op_parallelism_threads': 8}, 'torch_compile_learner': False, 'torch_compile_learner_what_to_compile': <TorchCompileWhatToCompile.FORWARD_TRAIN: 'forward_train'>, 'torch_compile_learner_dynamo_backend': 'inductor', 'torch_compile_learner_dynamo_mode': None, 'torch_compile_worker': False, 'torch_compile_worker_dynamo_backend': 'onnxrt', 'torch_compile_worker_dynamo_mode': None, 'torch_ddp_kwargs': {}, 'torch_skip_nan_gradients': False, 'env': 'carla_gt_env', 'env_config': {'host': 'localhost', 'port': 2000}, 'observation_space': None, 'action_space': None, 'clip_rewards': None, 'normalize_actions': True, 'clip_actions': False, '_is_atari': None, 'disable_env_checking': False, 'render_env': False, 'action_mask_key': 'action_mask', 'env_runner_cls': None, 'num_env_runners': 1, 'create_local_env_runner': True, 'num_envs_per_env_runner': 1, 'gym_env_vectorize_mode': 'sync', 'num_cpus_per_env_runner': 1, 'num_gpus_per_env_runner': 0, 'custom_resources_per_env_runner': {}, 'validate_env_runners_after_construction': True, 'episodes_to_numpy': True, 'max_requests_in_flight_per_env_runner': 1, 'sample_timeout_s': 60.0, '_env_to_module_connector': None, 'add_default_connectors_to_env_to_module_pipeline': True, '_module_to_env_connector': None, 'add_default_connectors_to_module_to_env_pipeline': True, 'merge_env_runner_states': 'training_only', 'broadcast_env_runner_states': True, 'episode_lookback_horizon': 1, 'rollout_fragment_length': 'auto', 'batch_mode': 'truncate_episodes', 'compress_observations': False, 'remote_worker_envs': False, 'remote_env_batch_wait_ms': 0, 'enable_tf1_exec_eagerly': False, 'sample_collector': <class 'ray.rllib.evaluation.collectors.simple_list_collector.SimpleListCollector'>, 'preprocessor_pref': 'deepmind', 'observation_filter': 'NoFilter', 'update_worker_filter_stats': True, 'use_worker_filter_stats': True, 'sampler_perf_stats_ema_coef': None, '_is_online': True, 'num_learners': 0, 'num_gpus_per_learner': 0, 'num_cpus_per_learner': 'auto', 'num_aggregator_actors_per_learner': 0, 'max_requests_in_flight_per_aggregator_actor': 3, 'local_gpu_idx': 0, 'max_requests_in_flight_per_learner': 3, 'gamma': 0.99, 'lr': None, 'grad_clip': None, 'grad_clip_by': 'global_norm', '_train_batch_size_per_learner': 256, 'train_batch_size': 256, 'num_epochs': 1, 'minibatch_size': None, 'shuffle_batch_per_epoch': False, 'model': {'fcnet_hiddens': [256, 256], 'fcnet_activation': 'tanh', 'fcnet_weights_initializer': None, 'fcnet_weights_initializer_config': None, 'fcnet_bias_initializer': None, 'fcnet_bias_initializer_config': None, 'conv_filters': None, 'conv_activation': 'relu', 'conv_kernel_initializer': None, 'conv_kernel_initializer_config': None, 'conv_bias_initializer': None, 'conv_bias_initializer_config': None, 'conv_transpose_kernel_initializer': None, 'conv_transpose_kernel_initializer_config': None, 'conv_transpose_bias_initializer': None, 'conv_transpose_bias_initializer_config': None, 'post_fcnet_hiddens': [], 'post_fcnet_activation': 'relu', 'post_fcnet_weights_initializer': None, 'post_fcnet_weights_initializer_config': None, 'post_fcnet_bias_initializer': None, 'post_fcnet_bias_initializer_config': None, 'free_log_std': False, 'log_std_clip_param': 20.0, 'no_final_linear': False, 'vf_share_layers': True, 'use_lstm': False, 'max_seq_len': 20, 'lstm_cell_size': 256, 'lstm_use_prev_action': False, 'lstm_use_prev_reward': False, 'lstm_weights_initializer': None, 'lstm_weights_initializer_config': None, 'lstm_bias_initializer': None, 'lstm_bias_initializer_config': None, '_time_major': False, 'use_attention': False, 'attention_num_transformer_units': 1, 'attention_dim': 64, 'attention_num_heads': 1, 'attention_head_dim': 32, 'attention_memory_inference': 50, 'attention_memory_training': 50, 'attention_position_wise_mlp_dim': 32, 'attention_init_gru_gate_bias': 2.0, 'attention_use_n_prev_actions': 0, 'attention_use_n_prev_rewards': 0, 'framestack': True, 'dim': 84, 'grayscale': False, 'zero_mean': True, 'custom_model': None, 'custom_model_config': {}, 'custom_action_dist': None, 'custom_preprocessor': None, 'encoder_latent_dim': None, 'always_check_shapes': False, 'lstm_use_prev_action_reward': -1, '_use_default_native_models': -1, '_disable_preprocessor_api': False, '_disable_action_flattening': False}, '_learner_connector': None, 'add_default_connectors_to_learner_pipeline': True, 'learner_config_dict': {}, 'optimizer': {}, '_learner_class': None, 'callbacks_on_algorithm_init': None, 'callbacks_on_env_runners_recreated': None, 'callbacks_on_offline_eval_runners_recreated': None, 'callbacks_on_checkpoint_loaded': None, 'callbacks_on_environment_created': None, 'callbacks_on_episode_created': None, 'callbacks_on_episode_start': None, 'callbacks_on_episode_step': None, 'callbacks_on_episode_end': None, 'callbacks_on_evaluate_start': None, 'callbacks_on_evaluate_end': None, 'callbacks_on_evaluate_offline_start': None, 'callbacks_on_evaluate_offline_end': None, 'callbacks_on_sample_end': None, 'callbacks_on_train_result': None, 'explore': True, 'enable_rl_module_and_learner': False, 'enable_env_runner_and_connector_v2': False, '_prior_exploration_config': None, 'count_steps_by': 'env_steps', 'policy_map_capacity': 100, 'policy_mapping_fn': <function AlgorithmConfig.DEFAULT_POLICY_MAPPING_FN at 0x7c3f0e248cc0>, 'policies_to_train': None, 'policy_states_are_swappable': False, 'observation_fn': None, 'offline_data_class': None, 'input_read_method': 'read_parquet', 'input_read_method_kwargs': {}, 'input_read_schema': {}, 'input_read_episodes': False, 'input_read_sample_batches': False, 'input_read_batch_size': None, 'input_filesystem': None, 'input_filesystem_kwargs': {}, 'input_compress_columns': ['obs', 'new_obs'], 'input_spaces_jsonable': True, 'materialize_data': False, 'materialize_mapped_data': True, 'map_batches_kwargs': {}, 'iter_batches_kwargs': {}, 'ignore_final_observation': False, 'prelearner_class': None, 'prelearner_buffer_class': None, 'prelearner_buffer_kwargs': {}, 'prelearner_module_synch_period': 10, 'prelearner_use_recorded_module_states': False, 'dataset_num_iters_per_learner': None, 'input_config': {}, 'actions_in_input_normalized': False, 'postprocess_inputs': False, 'shuffle_buffer_size': 0, 'output': None, 'output_config': {}, 'output_compress_columns': ['obs', 'new_obs'], 'output_max_file_size': 67108864, 'output_max_rows_per_file': None, 'output_write_remaining_data': False, 'output_write_method': 'write_parquet', 'output_write_method_kwargs': {}, 'output_filesystem': None, 'output_filesystem_kwargs': {}, 'output_write_episodes': True, 'offline_sampling': False, 'evaluation_interval': None, 'evaluation_duration': 10, 'evaluation_duration_unit': 'episodes', 'evaluation_sample_timeout_s': 120.0, 'evaluation_auto_duration_min_env_steps_per_sample': 100, 'evaluation_auto_duration_max_env_steps_per_sample': 2000, 'evaluation_parallel_to_training': False, 'evaluation_force_reset_envs_before_iteration': True, 'evaluation_config': None, 'off_policy_estimation_methods': {}, 'ope_split_batch_by_episode': True, 'evaluation_num_env_runners': 0, 'in_evaluation': False, 'sync_filters_on_rollout_workers_timeout_s': 10.0, 'offline_evaluation_interval': None, 'num_offline_eval_runners': 0, 'offline_evaluation_type': 'eval_loss', 'offline_eval_runner_class': None, 'offline_loss_for_module_fn': None, 'offline_evaluation_duration': 1, 'offline_evaluation_parallel_to_training': False, 'offline_evaluation_timeout_s': 120.0, 'num_cpus_per_offline_eval_runner': 1, 'num_gpus_per_offline_eval_runner': 0, 'custom_resources_per_offline_eval_runner': {}, 'restart_failed_offline_eval_runners': True, 'ignore_offline_eval_runner_failures': False, 'max_num_offline_eval_runner_restarts': 1000, 'offline_eval_runner_restore_timeout_s': 1800.0, 'max_requests_in_flight_per_offline_eval_runner': 1, 'validate_offline_eval_runners_after_construction': True, 'offline_eval_runner_health_probe_timeout_s': 30.0, 'offline_eval_rl_module_inference_only': False, 'broadcast_offline_eval_runner_states': False, 'offline_eval_batch_size_per_runner': 256, 'dataset_num_iters_per_eval_runner': 1, 'keep_per_episode_custom_metrics': False, 'metrics_episode_collection_timeout_s': 60.0, 'metrics_num_episodes_for_smoothing': 100, 'min_time_s_per_iteration': 1, 'min_train_timesteps_per_iteration': 0, 'min_sample_timesteps_per_iteration': 100, 'log_gradients': False, 'stats_cls_lookup': {'mean': <class 'ray.rllib.utils.metrics.stats.mean.MeanStats'>, 'ema': <class 'ray.rllib.utils.metrics.stats.ema.EmaStats'>, 'min': <class 'ray.rllib.utils.metrics.stats.min.MinStats'>, 'max': <class 'ray.rllib.utils.metrics.stats.max.MaxStats'>, 'sum': <class 'ray.rllib.utils.metrics.stats.sum.SumStats'>, 'lifetime_sum': <class 'ray.rllib.utils.metrics.stats.lifetime_sum.LifetimeSumStats'>, 'percentiles': <class 'ray.rllib.utils.metrics.stats.percentiles.PercentilesStats'>, 'item': <class 'ray.rllib.utils.metrics.stats.item.ItemStats'>, 'item_series': <class 'ray.rllib.utils.metrics.stats.item_series.ItemSeriesStats'>}, 'export_native_model_files': False, 'checkpoint_trainable_policies_only': False, 'logger_creator': None, 'logger_config': None, 'log_level': 'WARN', 'log_sys_usage': True, 'fake_sampler': False, 'seed': 42, 'restart_failed_env_runners': True, 'ignore_env_runner_failures': True, 'max_num_env_runner_restarts': 1000, 'delay_between_env_runner_restarts_s': 60.0, 'restart_failed_sub_environments': False, 'num_consecutive_env_runner_failures_tolerance': 100, 'env_runner_health_probe_timeout_s': 30.0, 'env_runner_restore_timeout_s': 1800.0, '_model_config': {}, '_rl_module_spec': None, 'algorithm_config_overrides_per_module': {}, '_per_module_overrides': {}, '_validate_config': True, '_use_msgpack_checkpoints': False, '_torch_grad_scaler_class': None, '_torch_lr_scheduler_classes': None, '_tf_policy_handles_more_than_one_loss': False, '_disable_preprocessor_api': False, '_disable_action_flattening': False, '_disable_initialize_loss_from_dummy_batch': False, '_dont_auto_sync_env_runner_states': False, 'env_task_fn': -1, 'enable_connectors': -1, 'simple_optimizer': False, 'policy_map_cache': -1, 'worker_cls': -1, 'synchronize_filters': -1, 'enable_async_evaluation': -1, 'custom_async_evaluation_function': -1, '_enable_rl_module_api': -1, 'auto_wrap_old_gym_envs': -1, 'always_attach_evaluation_results': -1, 'replay_sequence_length': None, '_disable_execution_plan_api': -1, 'twin_q': True, 'q_model_config': {'fcnet_hiddens': [256, 256], 'fcnet_activation': 'relu', 'post_fcnet_hiddens': [], 'post_fcnet_activation': None, 'custom_model': None, 'custom_model_config': {}}, 'policy_model_config': {'fcnet_hiddens': [256, 256], 'fcnet_activation': 'relu', 'post_fcnet_hiddens': [], 'post_fcnet_activation': None, 'custom_model': None, 'custom_model_config': {}}, 'tau': 0.005, 'initial_alpha': 1.0, 'target_entropy': 'auto', 'n_step': 1, 'replay_buffer_config': {'type': 'MultiAgentReplayBuffer', 'capacity': 25000}, 'store_buffer_in_checkpoints': False, 'training_intensity': None, 'optimization': {'actor_learning_rate': 0.0003, 'critic_learning_rate': 0.0003, 'entropy_learning_rate': 0.0003}, 'actor_lr': 0.0003, 'critic_lr': 0.0003, 'alpha_lr': 0.0003, 'target_network_update_freq': 0, 'num_steps_sampled_before_learning_starts': 1500, '_deterministic_loss': False, '_use_beta_distribution': False, 'use_state_preprocessor': -1, 'worker_side_prioritization': -1, 'class': <class 'ray.rllib.algorithms.sac.sac.SACConfig'>, 'input': 'sampler', 'policies': {'default_policy': (None, None, None, None)}, 'callbacks': <class 'ray.rllib.callbacks.callbacks.RLlibCallback'>, 'create_env_on_driver': False, 'custom_eval_function': None, 'framework': 'torch'}, 'time_since_restore': 1170.0788855552673, 'iterations_since_restore': 100, 'perf': {'cpu_util_percent': np.float64(23.900000000000002), 'ram_util_percent': np.float64(60.673684210526325)}})
[36m(RolloutWorker pid=55171)[0m [EpisodeRecorder] episode end (terminated=True truncated=False) frames_written=0
[36m(RolloutWorker pid=55171)[0m [CarlaEnv] Spawned ego id=125 at sp_idx=1 (-67.3,28.0) (attempt 2)
iter=101 R=-699.8 len=456 eps=1 steps=10100
iter=102 R=-699.8 len=456 eps=0 steps=10200
[36m(RolloutWorker pid=55171)[0m [EpisodeRecorder] episode end (terminated=True truncated=False) frames_written=0
[36m(RolloutWorker pid=55171)[0m [CarlaEnv] Spawned ego id=127 at sp_idx=1 (-67.3,28.0) (attempt 2)
iter=103 R=-673.5 len=444 eps=1 steps=10300
[36m(RolloutWorker pid=55171)[0m [EpisodeRecorder] episode end (terminated=True truncated=False) frames_written=0
[36m(RolloutWorker pid=55171)[0m [CarlaEnv] Spawned ego id=129 at sp_idx=1 (-67.3,28.0) (attempt 2)
iter=104 R=-646.1 len=431 eps=1 steps=10400
[Curriculum] ADVANCE stage 2 -> 3 (stage2_six_spawns -> stage3_random) spawns=[]
[36m(RolloutWorker pid=55171)[0m [EpisodeRecorder] episode end (terminated=True truncated=False) frames_written=0
[36m(RolloutWorker pid=55171)[0m [CurriculumEnvWrapper] stage 3 -> spawns=RANDOM
[36m(RolloutWorker pid=55171)[0m [CarlaEnv] Spawned ego id=131 at sp_idx=154 (106.4,-12.7) (attempt 1)
[36m(RolloutWorker pid=55171)[0m [EpisodeRecorder] recording episode 25 -> artifacts/episodes/ep_00025.mp4
[36m(RolloutWorker pid=55171)[0m [EpisodeRecorder] append failed: All images in a movie should have same size
iter=105 R=-619.9 len=418 eps=1 steps=10500
[36m(RolloutWorker pid=55171)[0m [EpisodeRecorder] episode end (terminated=True truncated=False) frames_written=1
[36m(RolloutWorker pid=55171)[0m [EpisodeRecorder] finalized artifacts/episodes/ep_00025.mp4 (1827 bytes, 1 frames)
[36m(RolloutWorker pid=55171)[0m [CarlaEnv] Spawned ego id=134 at sp_idx=79 (-41.7,48.9) (attempt 1)
iter=106 R=-594.3 len=405 eps=1 steps=10600
[36m(RolloutWorker pid=55171)[0m [EpisodeRecorder] episode end (terminated=True truncated=False) frames_written=0
[36m(RolloutWorker pid=55171)[0m [CarlaEnv] Spawned ego id=136 at sp_idx=11 (-110.2,-9.8) (attempt 1)
[36m(RolloutWorker pid=55171)[0m [EpisodeRecorder] episode end (terminated=True truncated=False) frames_written=0
iter=107 R=-579.4 len=393 eps=1 steps=10700
[36m(RolloutWorker pid=55171)[0m [CarlaEnv] Spawned ego id=138 at sp_idx=113 (-9.2,140.7) (attempt 1)
[36m(RolloutWorker pid=55171)[0m [EpisodeRecorder] episode end (terminated=True truncated=False) frames_written=0
[36m(RolloutWorker pid=55171)[0m [CarlaEnv] Spawned ego id=140 at sp_idx=75 (-110.8,46.7) (attempt 1)
iter=108 R=-541.5 len=371 eps=2 steps=10800
[36m(RolloutWorker pid=55171)[0m [EpisodeRecorder] episode end (terminated=True truncated=False) frames_written=0
[36m(RolloutWorker pid=55171)[0m [CarlaEnv] Spawned ego id=142 at sp_idx=145 (-15.4,-68.0) (attempt 1)
[36m(RolloutWorker pid=55171)[0m [EpisodeRecorder] recording episode 30 -> artifacts/episodes/ep_00030.mp4
[36m(RolloutWorker pid=55171)[0m [EpisodeRecorder] append failed: All images in a movie should have same size
iter=109 R=-520.9 len=361 eps=1 steps=10900
[36m(RolloutWorker pid=55171)[0m [EpisodeRecorder] episode end (terminated=True truncated=False) frames_written=1
[36m(RolloutWorker pid=55171)[0m [EpisodeRecorder] finalized artifacts/episodes/ep_00030.mp4 (1715 bytes, 1 frames)
[36m(RolloutWorker pid=55171)[0m [CarlaEnv] Spawned ego id=145 at sp_idx=151 (54.5,-64.3) (attempt 1)
[36m(RolloutWorker pid=55171)[0m [EpisodeRecorder] episode end (terminated=True truncated=False) frames_written=0
[36m(RolloutWorker pid=55171)[0m [CarlaEnv] Spawned ego id=147 at sp_idx=126 (-52.1,-40.2) (attempt 1)
iter=110 R=-487.2 len=344 eps=2 steps=11000
  checkpoint saved: TrainingResult(checkpoint=Checkpoint(filesystem=local, path=./checkpoints/gt), metrics={'custom_metrics': {}, 'episode_media': {}, 'info': {'learner': {'default_policy': {'custom_metrics': {}, 'learner_stats': {'actor_loss': np.float64(38.233856201171875), 'critic_loss': np.float64(0.2742750644683838), 'alpha_loss': np.float64(-11.257741928100586), 'alpha_value': np.float32(0.06026304), 'log_alpha_value': np.float32(-2.8090363), 'target_entropy': np.float32(-3.0), 'policy_t': np.float64(0.08929327130317688), 'mean_q': np.float64(-38.105369567871094), 'max_q': np.float64(16.200727462768555), 'min_q': np.float64(-63.64420700073242)}, 'model': {}, 'num_grad_updates_lifetime': np.float64(9500.0), 'diff_num_grad_updates_vs_sampler_policy': np.float64(9499.0), 'td_error': array([9.35420990e-02, 1.58446932e+00, 2.59832382e-01, 1.07467651e-01,
       8.22792053e-02, 5.89199066e-02, 4.89109039e-01, 1.47460938e-01,
       3.37846756e-01, 4.82213974e-01, 1.08222961e-01, 2.06090927e-01,
       6.33808136e-01, 4.36193466e-01, 1.60523415e+00, 1.90479374e+00,
       4.25746918e-01, 3.63098145e-01, 3.70102406e-01, 1.12543106e-01,
       8.17451477e-02, 1.04370117e-01, 1.91040039e-01, 4.10427094e-01,
       1.06243420e+00, 9.58766937e-02, 6.57767296e-01, 1.21637344e-01,
       1.28301620e-01, 4.57304001e-01, 2.02184677e-01, 1.10883713e-01,
       8.78455162e-01, 4.94386673e-01, 2.28425980e-01, 1.12350464e+00,
       3.45588684e-01, 1.92553282e-01, 1.43428802e-01, 9.70306396e-02,
       5.68113327e-01, 2.89186478e-01, 2.98486710e-01, 1.72855377e-01,
       9.19418335e-02, 4.29293633e-01, 4.48543787e+00, 1.62696838e-03,
       1.36804008e+00, 3.50038528e-01, 5.17841339e-01, 4.93176460e-01,
       1.91559029e+00, 5.59713364e-01, 1.68254852e-01, 1.95577621e-01,
       3.77825737e-01, 5.86236954e-01, 8.03737640e-02, 2.01141357e-01,
       1.40623426e+00, 4.93515968e-01, 5.75968266e-01, 3.24501038e-01,
       1.11425400e-01, 1.04055405e-01, 2.44333267e-01, 1.76631927e-01,
       6.59561157e-02, 7.36099243e-01, 1.82420731e-01, 1.36311531e+00,
       1.73402786e-01, 1.97946548e-01, 1.24670029e-01, 3.92515182e-01,
       3.49920273e-01, 1.58972740e-01, 6.81912422e-01, 1.33068085e-01,
       1.30062103e-01, 1.54672623e-01, 1.59578323e-01, 1.01358414e-01,
       1.59424019e+00, 3.39885712e-01, 1.44943237e-01, 1.06912613e-01,
       8.53538513e-02, 2.79397964e-01, 3.96850586e-01, 2.01089859e-01,
       1.10708237e-01, 1.73879623e-01, 3.87898445e-01, 3.67048264e-01,
       8.62230301e-01, 6.23329163e-01, 2.48754501e-01, 2.73437500e-01,
       1.15812302e-01, 1.16792679e-01, 1.96094513e-01, 6.41265512e-01,
       1.63553238e-01, 6.83450699e-01, 2.26322174e-01, 1.02859879e+00,
       4.31980133e-01, 1.61605835e-01, 8.65341187e-01, 3.33990097e-01,
       9.32492256e-01, 5.03540039e-01, 7.06174374e-01, 4.91935730e-01,
       1.21351242e-01, 1.65924072e-01, 2.20629096e-01, 1.88138390e+00,
       8.93573761e-02, 8.00323486e-02, 8.78236771e-01, 6.30357742e-01,
       5.75145721e-01, 1.98331833e-01, 2.45640564e+00, 1.89542770e-01,
       5.33153772e-01, 1.00039673e+00, 1.18725395e+00, 3.92034531e-01,
       6.14831924e-01, 1.70799255e-01, 1.32310867e-01, 4.75004196e-01,
       8.05271149e-01, 1.43489838e-01, 3.69283676e-01, 3.79590988e-01,
       2.63761139e+00, 1.54924393e-01, 1.73967361e-01, 6.56242371e-02,
       1.42953873e-01, 1.12076283e+00, 5.54676056e-02, 2.32542038e-01,
       3.81442070e-01, 2.79689789e-01, 1.74409866e-01, 2.24859238e-01,
       7.66677856e-02, 1.45206833e+00, 4.12233925e+00, 2.07494736e-01,
       1.63404465e-01, 9.82098103e-01, 2.86478043e-01, 5.79911470e-01,
       2.83687592e-01, 3.26423645e-01, 1.73740673e+00, 4.74964142e-01,
       1.10792160e-01, 3.35412979e-01, 6.81710243e-01, 5.85058212e-01,
       3.59075546e-01, 9.91584778e-01, 3.33690643e-01, 1.01013184e-01,
       3.92818451e-01, 1.65462494e-02, 1.79557800e-01, 1.72531891e+00,
       5.49283028e-01, 2.43165970e-01, 8.42819214e-02, 1.87641144e-01,
       3.57961655e-01, 1.13105774e-01, 2.02053261e+00, 1.54117584e-01,
       2.92722702e-01, 9.12894249e-01, 8.83060455e-01, 1.25489235e-01,
       7.88904190e-01, 7.75699615e-02, 8.67652416e-01, 1.15911484e-01,
       6.65798187e-02, 2.17325211e-01, 9.83913422e-01, 5.07329941e-01,
       1.55080795e-01, 9.70974255e+00, 2.39057970e+00, 8.67691040e-01,
       3.71728897e-01, 2.47261047e-01, 1.75668716e-01, 4.23779190e-01,
       7.85980225e-02, 1.23038101e+00, 2.18595695e+00, 1.55998993e+00,
       8.24891090e-01, 5.21526337e-02, 4.33406830e-01, 8.07075500e-02,
       1.30382156e+00, 4.33488607e-01, 4.76455688e-02, 9.06734467e-02,
       4.72639084e-01, 1.07650757e-01, 1.67570114e-01, 2.70559692e+00,
       1.49677277e-01, 4.53741074e-01, 4.60821152e-01, 1.52292252e-01,
       3.07266235e-01, 6.55475140e-01, 1.36613846e-01, 5.13381958e-02,
       2.70267487e-01, 1.35725021e-01, 1.91740036e-01, 2.29757309e-01,
       3.28102112e-02, 6.10065460e-02, 1.78779125e-01, 1.59242630e-01,
       1.01636887e-01, 1.87015963e+00, 8.72955322e-02, 2.11715698e-01,
       2.67055511e-01, 7.82184601e-02, 9.20746803e-01, 2.31336594e-01,
       2.36920834e-01, 3.45182419e-01, 9.16481018e-03, 9.27658081e-02,
       2.62821198e-01, 2.98004150e-01, 5.43680191e-01, 9.82562304e-01,
       2.82365799e-01, 1.08265686e+00, 5.23847580e-01, 5.00036240e-01],
      dtype=float32), 'mean_td_error': np.float64(0.5331448912620544)}}, 'num_env_steps_sampled': 11000, 'num_env_steps_trained': 2432000, 'num_agent_steps_sampled': 11000, 'num_agent_steps_trained': 2432000, 'last_target_update_ts': 11000, 'num_target_updates': 9500}, 'env_runners': {'episode_reward_max': np.float64(77.87263600274736), 'episode_reward_min': np.float64(-2104.4038987762196), 'episode_reward_mean': np.float64(-487.18206432364946), 'episode_len_mean': np.float64(343.5), 'episode_media': {}, 'episodes_timesteps_total': 10992, 'policy_reward_min': {'default_policy': np.float64(-2104.4038987762196)}, 'policy_reward_max': {'default_policy': np.float64(77.87263600274736)}, 'policy_reward_mean': {'default_policy': np.float64(-487.18206432364946)}, 'custom_metrics': {}, 'hist_stats': {'episode_reward': [np.float64(-1718.3458937847283), np.float64(-1782.7266933977005), np.float64(-2104.4038987762196), np.float64(-1766.1730804221183), np.float64(-1727.5394835626018), np.float64(-1781.6203710948466), np.float64(-192.38392545077), np.float64(-1590.4878602307615), np.float64(-534.8482516852024), np.float64(-470.6564135257046), np.float64(-244.8575620729081), np.float64(-150.81344794725595), np.float64(-410.68930701357783), np.float64(-101.46301670085873), np.float64(-126.58123696878648), np.float64(-284.0476866541365), np.float64(-7.33299380107993), np.float64(-90.7774064315918), np.float64(-67.16296549776257), np.float64(-55.27535185717099), np.float64(-102.01207659977958), np.float64(-86.33484753069744), np.float64(-93.58923504661026), np.float64(-16.252214088040624), np.float64(8.327454308622986), np.float64(45.70551240683479), np.float64(-190.88174514343973), np.float64(55.24134254250255), np.float64(-116.65505527781768), np.float64(77.87263600274736), np.float64(7.330390181607153), np.float64(29.60862676306957)], 'episode_lengths': [1000, 1000, 1000, 1000, 1000, 1000, 181, 1000, 453, 274, 284, 246, 191, 117, 177, 257, 60, 183, 149, 141, 168, 154, 183, 119, 107, 86, 89, 82, 58, 62, 89, 82], 'policy_default_policy_reward': [np.float64(-1718.3458937847283), np.float64(-1782.7266933977005), np.float64(-2104.4038987762196), np.float64(-1766.1730804221183), np.float64(-1727.5394835626018), np.float64(-1781.6203710948466), np.float64(-192.38392545077), np.float64(-1590.4878602307615), np.float64(-534.8482516852024), np.float64(-470.6564135257046), np.float64(-244.8575620729081), np.float64(-150.81344794725595), np.float64(-410.68930701357783), np.float64(-101.46301670085873), np.float64(-126.58123696878648), np.float64(-284.0476866541365), np.float64(-7.33299380107993), np.float64(-90.7774064315918), np.float64(-67.16296549776257), np.float64(-55.27535185717099), np.float64(-102.01207659977958), np.float64(-86.33484753069744), np.float64(-93.58923504661026), np.float64(-16.252214088040624), np.float64(8.327454308622986), np.float64(45.70551240683479), np.float64(-190.88174514343973), np.float64(55.24134254250255), np.float64(-116.65505527781768), np.float64(77.87263600274736), np.float64(7.330390181607153), np.float64(29.60862676306957)]}, 'sampler_perf': {'mean_raw_obs_processing_ms': np.float64(0.7643311875950602), 'mean_inference_ms': np.float64(2.744963403380611), 'mean_action_processing_ms': np.float64(0.10530144229665916), 'mean_env_wait_ms': np.float64(6.83015908074154), 'mean_env_render_ms': np.float64(0.0)}, 'num_faulty_episodes': 0, 'connector_metrics': {'ObsPreprocessorConnector_ms': np.float64(0.03839060664176941), 'StateBufferConnector_ms': np.float64(0.003690272569656372), 'ViewRequirementAgentConnector_ms': np.float64(0.11841356754302979)}, 'num_episodes': 2, 'episode_return_max': np.float64(77.87263600274736), 'episode_return_min': np.float64(-2104.4038987762196), 'episode_return_mean': np.float64(-487.18206432364946), 'episodes_this_iter': 2}, 'num_healthy_workers': 1, 'actor_manager_num_outstanding_async_reqs': 0, 'num_remote_worker_restarts': 0, 'num_agent_steps_sampled': 11000, 'num_agent_steps_trained': 2432000, 'num_env_steps_sampled': 11000, 'num_env_steps_trained': 2432000, 'num_env_steps_sampled_this_iter': 100, 'num_env_steps_trained_this_iter': 25600, 'num_env_steps_sampled_throughput_per_sec': 7.607071335826968, 'num_env_steps_trained_throughput_per_sec': 1947.410261971704, 'timesteps_total': 11000, 'num_env_steps_sampled_lifetime': 11000, 'num_agent_steps_sampled_lifetime': 11000, 'num_steps_trained_this_iter': 25600, 'agent_timesteps_total': 11000, 'timers': {'training_iteration_time_ms': 13259.86, 'restore_workers_time_ms': 0.006, 'training_step_time_ms': 137.582, 'sample_time_ms': 32.583, 'load_time_ms': 5.246, 'load_throughput': 48801.123, 'learn_time_ms': 26.696, 'learn_throughput': 9589.301, 'synch_weights_time_ms': 8.507}, 'counters': {'num_env_steps_sampled': 11000, 'num_env_steps_trained': 2432000, 'num_agent_steps_sampled': 11000, 'num_agent_steps_trained': 2432000, 'last_target_update_ts': 11000, 'num_target_updates': 9500}, 'done': False, 'training_iteration': 110, 'trial_id': 'default', 'date': '2026-04-24_14-33-12', 'timestamp': 1777015992, 'time_this_iter_s': 13.163909196853638, 'time_total_s': 1302.8535566329956, 'pid': 54804, 'hostname': 'supawich-B760M-Pro-RS-D4', 'node_ip': '192.168.110.31', 'config': {'exploration_config': {'type': 'StochasticSampling'}, 'extra_python_environs_for_driver': {}, 'extra_python_environs_for_worker': {}, 'placement_strategy': 'PACK', 'num_gpus': 1, '_fake_gpus': False, 'num_cpus_for_main_process': 1, 'eager_tracing': True, 'eager_max_retraces': 20, 'tf_session_args': {'intra_op_parallelism_threads': 2, 'inter_op_parallelism_threads': 2, 'gpu_options': {'allow_growth': True}, 'log_device_placement': False, 'device_count': {'CPU': 1}, 'allow_soft_placement': True}, 'local_tf_session_args': {'intra_op_parallelism_threads': 8, 'inter_op_parallelism_threads': 8}, 'torch_compile_learner': False, 'torch_compile_learner_what_to_compile': <TorchCompileWhatToCompile.FORWARD_TRAIN: 'forward_train'>, 'torch_compile_learner_dynamo_backend': 'inductor', 'torch_compile_learner_dynamo_mode': None, 'torch_compile_worker': False, 'torch_compile_worker_dynamo_backend': 'onnxrt', 'torch_compile_worker_dynamo_mode': None, 'torch_ddp_kwargs': {}, 'torch_skip_nan_gradients': False, 'env': 'carla_gt_env', 'env_config': {'host': 'localhost', 'port': 2000}, 'observation_space': None, 'action_space': None, 'clip_rewards': None, 'normalize_actions': True, 'clip_actions': False, '_is_atari': None, 'disable_env_checking': False, 'render_env': False, 'action_mask_key': 'action_mask', 'env_runner_cls': None, 'num_env_runners': 1, 'create_local_env_runner': True, 'num_envs_per_env_runner': 1, 'gym_env_vectorize_mode': 'sync', 'num_cpus_per_env_runner': 1, 'num_gpus_per_env_runner': 0, 'custom_resources_per_env_runner': {}, 'validate_env_runners_after_construction': True, 'episodes_to_numpy': True, 'max_requests_in_flight_per_env_runner': 1, 'sample_timeout_s': 60.0, '_env_to_module_connector': None, 'add_default_connectors_to_env_to_module_pipeline': True, '_module_to_env_connector': None, 'add_default_connectors_to_module_to_env_pipeline': True, 'merge_env_runner_states': 'training_only', 'broadcast_env_runner_states': True, 'episode_lookback_horizon': 1, 'rollout_fragment_length': 'auto', 'batch_mode': 'truncate_episodes', 'compress_observations': False, 'remote_worker_envs': False, 'remote_env_batch_wait_ms': 0, 'enable_tf1_exec_eagerly': False, 'sample_collector': <class 'ray.rllib.evaluation.collectors.simple_list_collector.SimpleListCollector'>, 'preprocessor_pref': 'deepmind', 'observation_filter': 'NoFilter', 'update_worker_filter_stats': True, 'use_worker_filter_stats': True, 'sampler_perf_stats_ema_coef': None, '_is_online': True, 'num_learners': 0, 'num_gpus_per_learner': 0, 'num_cpus_per_learner': 'auto', 'num_aggregator_actors_per_learner': 0, 'max_requests_in_flight_per_aggregator_actor': 3, 'local_gpu_idx': 0, 'max_requests_in_flight_per_learner': 3, 'gamma': 0.99, 'lr': None, 'grad_clip': None, 'grad_clip_by': 'global_norm', '_train_batch_size_per_learner': 256, 'train_batch_size': 256, 'num_epochs': 1, 'minibatch_size': None, 'shuffle_batch_per_epoch': False, 'model': {'fcnet_hiddens': [256, 256], 'fcnet_activation': 'tanh', 'fcnet_weights_initializer': None, 'fcnet_weights_initializer_config': None, 'fcnet_bias_initializer': None, 'fcnet_bias_initializer_config': None, 'conv_filters': None, 'conv_activation': 'relu', 'conv_kernel_initializer': None, 'conv_kernel_initializer_config': None, 'conv_bias_initializer': None, 'conv_bias_initializer_config': None, 'conv_transpose_kernel_initializer': None, 'conv_transpose_kernel_initializer_config': None, 'conv_transpose_bias_initializer': None, 'conv_transpose_bias_initializer_config': None, 'post_fcnet_hiddens': [], 'post_fcnet_activation': 'relu', 'post_fcnet_weights_initializer': None, 'post_fcnet_weights_initializer_config': None, 'post_fcnet_bias_initializer': None, 'post_fcnet_bias_initializer_config': None, 'free_log_std': False, 'log_std_clip_param': 20.0, 'no_final_linear': False, 'vf_share_layers': True, 'use_lstm': False, 'max_seq_len': 20, 'lstm_cell_size': 256, 'lstm_use_prev_action': False, 'lstm_use_prev_reward': False, 'lstm_weights_initializer': None, 'lstm_weights_initializer_config': None, 'lstm_bias_initializer': None, 'lstm_bias_initializer_config': None, '_time_major': False, 'use_attention': False, 'attention_num_transformer_units': 1, 'attention_dim': 64, 'attention_num_heads': 1, 'attention_head_dim': 32, 'attention_memory_inference': 50, 'attention_memory_training': 50, 'attention_position_wise_mlp_dim': 32, 'attention_init_gru_gate_bias': 2.0, 'attention_use_n_prev_actions': 0, 'attention_use_n_prev_rewards': 0, 'framestack': True, 'dim': 84, 'grayscale': False, 'zero_mean': True, 'custom_model': None, 'custom_model_config': {}, 'custom_action_dist': None, 'custom_preprocessor': None, 'encoder_latent_dim': None, 'always_check_shapes': False, 'lstm_use_prev_action_reward': -1, '_use_default_native_models': -1, '_disable_preprocessor_api': False, '_disable_action_flattening': False}, '_learner_connector': None, 'add_default_connectors_to_learner_pipeline': True, 'learner_config_dict': {}, 'optimizer': {}, '_learner_class': None, 'callbacks_on_algorithm_init': None, 'callbacks_on_env_runners_recreated': None, 'callbacks_on_offline_eval_runners_recreated': None, 'callbacks_on_checkpoint_loaded': None, 'callbacks_on_environment_created': None, 'callbacks_on_episode_created': None, 'callbacks_on_episode_start': None, 'callbacks_on_episode_step': None, 'callbacks_on_episode_end': None, 'callbacks_on_evaluate_start': None, 'callbacks_on_evaluate_end': None, 'callbacks_on_evaluate_offline_start': None, 'callbacks_on_evaluate_offline_end': None, 'callbacks_on_sample_end': None, 'callbacks_on_train_result': None, 'explore': True, 'enable_rl_module_and_learner': False, 'enable_env_runner_and_connector_v2': False, '_prior_exploration_config': None, 'count_steps_by': 'env_steps', 'policy_map_capacity': 100, 'policy_mapping_fn': <function AlgorithmConfig.DEFAULT_POLICY_MAPPING_FN at 0x7c3f0e248cc0>, 'policies_to_train': None, 'policy_states_are_swappable': False, 'observation_fn': None, 'offline_data_class': None, 'input_read_method': 'read_parquet', 'input_read_method_kwargs': {}, 'input_read_schema': {}, 'input_read_episodes': False, 'input_read_sample_batches': False, 'input_read_batch_size': None, 'input_filesystem': None, 'input_filesystem_kwargs': {}, 'input_compress_columns': ['obs', 'new_obs'], 'input_spaces_jsonable': True, 'materialize_data': False, 'materialize_mapped_data': True, 'map_batches_kwargs': {}, 'iter_batches_kwargs': {}, 'ignore_final_observation': False, 'prelearner_class': None, 'prelearner_buffer_class': None, 'prelearner_buffer_kwargs': {}, 'prelearner_module_synch_period': 10, 'prelearner_use_recorded_module_states': False, 'dataset_num_iters_per_learner': None, 'input_config': {}, 'actions_in_input_normalized': False, 'postprocess_inputs': False, 'shuffle_buffer_size': 0, 'output': None, 'output_config': {}, 'output_compress_columns': ['obs', 'new_obs'], 'output_max_file_size': 67108864, 'output_max_rows_per_file': None, 'output_write_remaining_data': False, 'output_write_method': 'write_parquet', 'output_write_method_kwargs': {}, 'output_filesystem': None, 'output_filesystem_kwargs': {}, 'output_write_episodes': True, 'offline_sampling': False, 'evaluation_interval': None, 'evaluation_duration': 10, 'evaluation_duration_unit': 'episodes', 'evaluation_sample_timeout_s': 120.0, 'evaluation_auto_duration_min_env_steps_per_sample': 100, 'evaluation_auto_duration_max_env_steps_per_sample': 2000, 'evaluation_parallel_to_training': False, 'evaluation_force_reset_envs_before_iteration': True, 'evaluation_config': None, 'off_policy_estimation_methods': {}, 'ope_split_batch_by_episode': True, 'evaluation_num_env_runners': 0, 'in_evaluation': False, 'sync_filters_on_rollout_workers_timeout_s': 10.0, 'offline_evaluation_interval': None, 'num_offline_eval_runners': 0, 'offline_evaluation_type': 'eval_loss', 'offline_eval_runner_class': None, 'offline_loss_for_module_fn': None, 'offline_evaluation_duration': 1, 'offline_evaluation_parallel_to_training': False, 'offline_evaluation_timeout_s': 120.0, 'num_cpus_per_offline_eval_runner': 1, 'num_gpus_per_offline_eval_runner': 0, 'custom_resources_per_offline_eval_runner': {}, 'restart_failed_offline_eval_runners': True, 'ignore_offline_eval_runner_failures': False, 'max_num_offline_eval_runner_restarts': 1000, 'offline_eval_runner_restore_timeout_s': 1800.0, 'max_requests_in_flight_per_offline_eval_runner': 1, 'validate_offline_eval_runners_after_construction': True, 'offline_eval_runner_health_probe_timeout_s': 30.0, 'offline_eval_rl_module_inference_only': False, 'broadcast_offline_eval_runner_states': False, 'offline_eval_batch_size_per_runner': 256, 'dataset_num_iters_per_eval_runner': 1, 'keep_per_episode_custom_metrics': False, 'metrics_episode_collection_timeout_s': 60.0, 'metrics_num_episodes_for_smoothing': 100, 'min_time_s_per_iteration': 1, 'min_train_timesteps_per_iteration': 0, 'min_sample_timesteps_per_iteration': 100, 'log_gradients': False, 'stats_cls_lookup': {'mean': <class 'ray.rllib.utils.metrics.stats.mean.MeanStats'>, 'ema': <class 'ray.rllib.utils.metrics.stats.ema.EmaStats'>, 'min': <class 'ray.rllib.utils.metrics.stats.min.MinStats'>, 'max': <class 'ray.rllib.utils.metrics.stats.max.MaxStats'>, 'sum': <class 'ray.rllib.utils.metrics.stats.sum.SumStats'>, 'lifetime_sum': <class 'ray.rllib.utils.metrics.stats.lifetime_sum.LifetimeSumStats'>, 'percentiles': <class 'ray.rllib.utils.metrics.stats.percentiles.PercentilesStats'>, 'item': <class 'ray.rllib.utils.metrics.stats.item.ItemStats'>, 'item_series': <class 'ray.rllib.utils.metrics.stats.item_series.ItemSeriesStats'>}, 'export_native_model_files': False, 'checkpoint_trainable_policies_only': False, 'logger_creator': None, 'logger_config': None, 'log_level': 'WARN', 'log_sys_usage': True, 'fake_sampler': False, 'seed': 42, 'restart_failed_env_runners': True, 'ignore_env_runner_failures': True, 'max_num_env_runner_restarts': 1000, 'delay_between_env_runner_restarts_s': 60.0, 'restart_failed_sub_environments': False, 'num_consecutive_env_runner_failures_tolerance': 100, 'env_runner_health_probe_timeout_s': 30.0, 'env_runner_restore_timeout_s': 1800.0, '_model_config': {}, '_rl_module_spec': None, 'algorithm_config_overrides_per_module': {}, '_per_module_overrides': {}, '_validate_config': True, '_use_msgpack_checkpoints': False, '_torch_grad_scaler_class': None, '_torch_lr_scheduler_classes': None, '_tf_policy_handles_more_than_one_loss': False, '_disable_preprocessor_api': False, '_disable_action_flattening': False, '_disable_initialize_loss_from_dummy_batch': False, '_dont_auto_sync_env_runner_states': False, 'env_task_fn': -1, 'enable_connectors': -1, 'simple_optimizer': False, 'policy_map_cache': -1, 'worker_cls': -1, 'synchronize_filters': -1, 'enable_async_evaluation': -1, 'custom_async_evaluation_function': -1, '_enable_rl_module_api': -1, 'auto_wrap_old_gym_envs': -1, 'always_attach_evaluation_results': -1, 'replay_sequence_length': None, '_disable_execution_plan_api': -1, 'twin_q': True, 'q_model_config': {'fcnet_hiddens': [256, 256], 'fcnet_activation': 'relu', 'post_fcnet_hiddens': [], 'post_fcnet_activation': None, 'custom_model': None, 'custom_model_config': {}}, 'policy_model_config': {'fcnet_hiddens': [256, 256], 'fcnet_activation': 'relu', 'post_fcnet_hiddens': [], 'post_fcnet_activation': None, 'custom_model': None, 'custom_model_config': {}}, 'tau': 0.005, 'initial_alpha': 1.0, 'target_entropy': 'auto', 'n_step': 1, 'replay_buffer_config': {'type': 'MultiAgentReplayBuffer', 'capacity': 25000}, 'store_buffer_in_checkpoints': False, 'training_intensity': None, 'optimization': {'actor_learning_rate': 0.0003, 'critic_learning_rate': 0.0003, 'entropy_learning_rate': 0.0003}, 'actor_lr': 0.0003, 'critic_lr': 0.0003, 'alpha_lr': 0.0003, 'target_network_update_freq': 0, 'num_steps_sampled_before_learning_starts': 1500, '_deterministic_loss': False, '_use_beta_distribution': False, 'use_state_preprocessor': -1, 'worker_side_prioritization': -1, 'class': <class 'ray.rllib.algorithms.sac.sac.SACConfig'>, 'input': 'sampler', 'policies': {'default_policy': (None, None, None, None)}, 'callbacks': <class 'ray.rllib.callbacks.callbacks.RLlibCallback'>, 'create_env_on_driver': False, 'custom_eval_function': None, 'framework': 'torch'}, 'time_since_restore': 1302.8535566329956, 'iterations_since_restore': 110, 'perf': {'cpu_util_percent': np.float64(24.078947368421055), 'ram_util_percent': np.float64(63.126315789473686)}})
[36m(RolloutWorker pid=55171)[0m [EpisodeRecorder] episode end (terminated=True truncated=False) frames_written=0
[36m(RolloutWorker pid=55171)[0m [CarlaEnv] Spawned ego id=149 at sp_idx=86 (-66.8,13.0) (attempt 1)
[36m(RolloutWorker pid=55171)[0m [EpisodeRecorder] episode end (terminated=True truncated=False) frames_written=0
[36m(RolloutWorker pid=55171)[0m [CarlaEnv] Spawned ego id=151 at sp_idx=49 (15.1,16.7) (attempt 1)
iter=111 R=-457.4 len=326 eps=2 steps=11100
[36m(RolloutWorker pid=55171)[0m [EpisodeRecorder] episode end (terminated=True truncated=False) frames_written=0
[36m(RolloutWorker pid=55171)[0m [CarlaEnv] Spawned ego id=153 at sp_idx=59 (74.8,28.3) (attempt 1)
[36m(RolloutWorker pid=55171)[0m [EpisodeRecorder] recording episode 35 -> artifacts/episodes/ep_00035.mp4
[36m(RolloutWorker pid=55171)[0m [EpisodeRecorder] append failed: All images in a movie should have same size
iter=112 R=-445.1 len=319 eps=1 steps=11200
[36m(RolloutWorker pid=55171)[0m [EpisodeRecorder] episode end (terminated=True truncated=False) frames_written=1
[36m(RolloutWorker pid=55171)[0m [EpisodeRecorder] finalized artifacts/episodes/ep_00035.mp4 (1921 bytes, 1 frames)
[36m(RolloutWorker pid=55171)[0m [CarlaEnv] Spawned ego id=156 at sp_idx=132 (106.4,-1.6) (attempt 1)
[36m(RolloutWorker pid=55171)[0m [EpisodeRecorder] episode end (terminated=True truncated=False) frames_written=0
[36m(RolloutWorker pid=55171)[0m [CarlaEnv] Spawned ego id=158 at sp_idx=13 (-109.9,-23.4) (attempt 1)
iter=113 R=-418.6 len=305 eps=2 steps=11300
[36m(RolloutWorker pid=55171)[0m [EpisodeRecorder] episode end (terminated=True truncated=False) frames_written=0
[36m(RolloutWorker pid=55171)[0m [CarlaEnv] Spawned ego id=160 at sp_idx=133 (102.3,80.4) (attempt 1)
iter=114 R=-411.3 len=299 eps=1 steps=11400
[36m(RolloutWorker pid=55171)[0m [EpisodeRecorder] episode end (terminated=True truncated=False) frames_written=0
[36m(RolloutWorker pid=55171)[0m [CarlaEnv] Spawned ego id=162 at sp_idx=128 (32.3,130.5) (attempt 1)
[36m(RolloutWorker pid=55171)[0m [EpisodeRecorder] episode end (terminated=True truncated=False) frames_written=0
[36m(RolloutWorker pid=55171)[0m [CarlaEnv] Spawned ego id=164 at sp_idx=80 (-87.3,24.4) (attempt 1)
[36m(RolloutWorker pid=55171)[0m [EpisodeRecorder] recording episode 40 -> artifacts/episodes/ep_00040.mp4
[36m(RolloutWorker pid=55171)[0m IMAGEIO FFMPEG_WRITER WARNING: input image is not divisible by macro_block_size=16, resizing from (1000, 360) to (1008, 368) to ensure video compatibility with most codecs and players. To prevent resizing, make your input image divisible by the macro_block_size or set the macro_block_size to 1 (risking incompatibility).
iter=115 R=-386.2 len=287 eps=2 steps=11500
[36m(RolloutWorker pid=55171)[0m [EpisodeRecorder] episode end (terminated=True truncated=False) frames_written=70
[36m(RolloutWorker pid=55171)[0m [EpisodeRecorder] finalized artifacts/episodes/ep_00040.mp4 (2415352 bytes, 70 frames)
[36m(RolloutWorker pid=55171)[0m [CarlaEnv] Spawned ego id=167 at sp_idx=90 (-64.1,16.5) (attempt 1)
[36m(RolloutWorker pid=55171)[0m [EpisodeRecorder] episode end (terminated=True truncated=False) frames_written=0
[36m(RolloutWorker pid=55171)[0m [CarlaEnv] Spawned ego id=169 at sp_idx=101 (-28.7,28.1) (attempt 1)
iter=116 R=-366.3 len=276 eps=2 steps=11600
[36m(RolloutWorker pid=55171)[0m [EpisodeRecorder] episode end (terminated=True truncated=False) frames_written=0
[36m(RolloutWorker pid=55171)[0m [CarlaEnv] Spawned ego id=171 at sp_idx=25 (-48.6,102.5) (attempt 1)
[36m(RolloutWorker pid=55171)[0m [EpisodeRecorder] episode end (terminated=True truncated=False) frames_written=0
[36m(RolloutWorker pid=55171)[0m [CarlaEnv] Spawned ego id=173 at sp_idx=5 (-106.6,-17.1) (attempt 1)
iter=117 R=-352.7 len=266 eps=2 steps=11700
[36m(RolloutWorker pid=55171)[0m [EpisodeRecorder] episode end (terminated=True truncated=False) frames_written=0
[36m(RolloutWorker pid=55171)[0m [CarlaEnv] Spawned ego id=175 at sp_idx=62 (106.5,-21.6) (attempt 1)
[36m(RolloutWorker pid=55171)[0m [EpisodeRecorder] recording episode 45 -> artifacts/episodes/ep_00045.mp4
[36m(RolloutWorker pid=55171)[0m [EpisodeRecorder] append failed: All images in a movie should have same size
iter=118 R=-343.5 len=261 eps=1 steps=11800
[36m(RolloutWorker pid=55171)[0m [EpisodeRecorder] episode end (terminated=True truncated=False) frames_written=1
[36m(RolloutWorker pid=55171)[0m [EpisodeRecorder] finalized artifacts/episodes/ep_00045.mp4 (1947 bytes, 1 frames)
[36m(RolloutWorker pid=55171)[0m [CarlaEnv] Spawned ego id=178 at sp_idx=98 (109.5,53.3) (attempt 1)
[36m(RolloutWorker pid=55171)[0m [EpisodeRecorder] episode end (terminated=True truncated=False) frames_written=0
[36m(RolloutWorker pid=55171)[0m [CarlaEnv] Spawned ego id=180 at sp_idx=116 (-48.7,47.0) (attempt 1)
iter=119 R=-330.2 len=253 eps=2 steps=11900
[36m(RolloutWorker pid=55171)[0m [EpisodeRecorder] episode end (terminated=True truncated=False) frames_written=0
[36m(RolloutWorker pid=55171)[0m [CarlaEnv] Spawned ego id=182 at sp_idx=129 (-41.5,111.9) (attempt 1)
[36m(RolloutWorker pid=55171)[0m [EpisodeRecorder] episode end (terminated=True truncated=False) frames_written=0
[36m(RolloutWorker pid=55171)[0m [CarlaEnv] Spawned ego id=184 at sp_idx=7 (-114.4,56.9) (attempt 1)
iter=120 R=-314.7 len=245 eps=2 steps=12000
  checkpoint saved: TrainingResult(checkpoint=Checkpoint(filesystem=local, path=./checkpoints/gt), metrics={'custom_metrics': {}, 'episode_media': {}, 'info': {'learner': {'default_policy': {'custom_metrics': {}, 'learner_stats': {'actor_loss': np.float64(42.117637634277344), 'critic_loss': np.float64(0.684119701385498), 'alpha_loss': np.float64(-9.806014060974121), 'alpha_value': np.float32(0.046733014), 'log_alpha_value': np.float32(-3.0633044), 'target_entropy': np.float32(-3.0), 'policy_t': np.float64(0.06356550008058548), 'mean_q': np.float64(-42.1384162902832), 'max_q': np.float64(1.203736662864685), 'min_q': np.float64(-69.95879364013672)}, 'model': {}, 'num_grad_updates_lifetime': np.float64(10500.0), 'diff_num_grad_updates_vs_sampler_policy': np.float64(10499.0), 'td_error': array([4.05649185e-01, 3.49727631e-01, 2.87708282e-01, 1.31086349e-01,
       1.08707237e+00, 3.43596458e-01, 7.19940186e-01, 1.19771338e+00,
       4.35266495e-01, 1.71876907e-01, 3.03680420e-01, 4.23322678e-01,
       2.75566483e+00, 1.13736916e+00, 1.71445847e-01, 3.82553101e-01,
       1.64508820e-01, 6.86149597e-02, 1.65064204e+00, 9.47022438e-01,
       2.25894928e-01, 6.82386398e-01, 5.22705555e-01, 5.02231598e-01,
       1.13103867e-01, 3.28733444e-01, 3.05604935e-01, 4.61671352e-01,
       4.93938446e-01, 1.36722565e-01, 7.44688988e-01, 1.30912781e-01,
       2.07460403e-01, 3.35730076e-01, 4.57727432e-01, 1.68308258e-01,
       3.49452019e-01, 2.55346298e-01, 1.65317535e-01, 5.07064819e-01,
       2.34933853e-01, 1.81249619e-01, 3.37718487e-01, 2.48338699e-01,
       3.78667831e-01, 2.23029327e+00, 5.17597198e-02, 7.41310120e-02,
       4.56935883e-01, 5.33913434e-01, 7.28217926e+01, 8.00075531e-02,
       1.50993347e-01, 1.62267685e-01, 1.21461773e+00, 4.38632965e-02,
       3.33491802e-01, 9.79022980e-01, 6.83984756e-01, 5.75937271e-01,
       1.19780922e+00, 6.52198792e-01, 1.39568615e+00, 4.34484482e-01,
       7.24774361e-01, 3.52342606e-01, 3.47665787e-01, 5.13837814e-01,
       2.28582382e-01, 6.25316620e-01, 1.56068611e+00, 2.16759682e-01,
       2.11294174e-01, 3.27449799e-01, 4.13351059e-01, 1.41010666e+00,
       7.83494949e-01, 4.09654617e-01, 2.03134537e-01, 3.99335861e-01,
       4.69696045e-01, 5.71548462e-01, 3.28992844e-01, 3.65091324e-01,
       9.57889557e-02, 5.78815460e-01, 7.67662048e-01, 2.72678375e-01,
       6.82182312e-02, 2.28322983e-01, 1.93528080e+00, 1.37386656e+00,
       2.22257614e-01, 2.97729492e-01, 3.42334747e-01, 1.61918640e-01,
       1.32509136e+00, 7.90504456e-01, 5.14237404e-01, 1.43083382e+00,
       4.14628983e-01, 1.20290756e-01, 2.19951630e-01, 4.04556274e-01,
       3.84901047e-01, 1.70993805e-01, 7.26341248e-01, 4.10381317e-01,
       3.00603867e-01, 2.36421585e-01, 1.77432823e+00, 3.03192139e-01,
       3.50879669e-01, 6.85493469e-01, 2.37718582e-01, 9.53884125e-02,
       6.84297562e-01, 3.75708580e-01, 5.46993256e-01, 2.04765320e-01,
       1.01134300e+00, 4.45030212e-01, 2.26270676e-01, 3.87931824e-01,
       2.54870033e+00, 4.40383911e-01, 4.53954697e-01, 2.46899605e-01,
       2.26846695e-01, 5.80234528e-02, 6.15539551e-02, 1.40207291e-01,
       4.21265364e-01, 4.85037327e-01, 9.63053823e-01, 6.89643860e-01,
       2.89316177e-01, 2.71600723e-01, 4.28123474e-02, 1.78838730e-01,
       1.60646439e-01, 3.70179367e+00, 5.53853989e-01, 9.98221636e-01,
       5.17453671e+00, 7.85724640e-01, 3.03180695e-01, 7.34178543e-01,
       1.41164780e-01, 6.43436241e+00, 4.88276958e-01, 8.06156635e-01,
       2.30208015e+00, 2.51220703e-01, 7.95938492e-01, 5.87323189e-01,
       1.35116005e+00, 1.20265961e-01, 1.91600800e-01, 2.58941650e-01,
       4.53800201e-01, 4.18272018e-01, 1.85636520e-01, 4.27520370e+00,
       3.06472588e+00, 3.02129745e-01, 6.17970467e-01, 3.71301651e-01,
       1.17933273e-01, 1.76976585e+00, 5.50905895e+00, 8.78028870e-02,
       1.10132217e-01, 4.49272156e-01, 1.02793121e+00, 4.00647736e+00,
       8.35771561e-01, 5.75962067e-01, 9.32628632e-01, 3.73245239e-01,
       1.01440430e-01, 1.81991577e-01, 9.21211243e-02, 3.56304169e-01,
       1.31397247e-01, 1.40506744e-01, 1.45965576e-01, 1.99333191e-01,
       6.76322937e-01, 1.52849197e-01, 1.04678631e+00, 2.33167648e-01,
       4.74037170e-01, 5.25429249e-01, 9.90486145e-02, 2.59092331e-01,
       7.57251263e-01, 1.64743423e-01, 3.43708038e-01, 3.46160889e-01,
       6.81468964e-01, 9.14154053e-02, 8.77914429e-02, 4.23361778e-01,
       9.75189209e-02, 3.84109497e-01, 2.27466583e-01, 1.46387100e-01,
       4.15799141e-01, 1.27935410e-01, 1.81480408e-01, 7.88457870e-01,
       2.65954876e+00, 2.06916809e-01, 1.06530762e+00, 9.44650650e-01,
       9.23619270e-01, 1.10841751e-01, 4.60197449e-01, 5.52062988e-02,
       5.36327362e-02, 6.76726913e+00, 3.74520779e+00, 1.89826584e+00,
       3.18487167e-01, 7.10697174e-01, 2.60238647e-01, 1.82295799e+00,
       3.34921837e-01, 8.55541229e-02, 9.76657867e-02, 1.03671741e+00,
       1.06789303e+00, 1.98007393e+00, 5.31126022e-01, 4.71366882e-01,
       6.36547089e-01, 5.28579712e-01, 2.99615860e-01, 3.72713089e-01,
       3.37915421e-01, 7.57246017e-01, 2.69760132e-01, 3.09314728e-02,
       3.81492615e-01, 5.03793716e-01, 3.48270416e-01, 1.37012005e+00,
       4.34455872e-01, 1.79038048e+00, 3.87440681e-01, 1.97414398e-01,
       8.02040100e-03, 3.14117432e-01, 3.92474556e+00, 3.73458099e+00],
      dtype=float32), 'mean_td_error': np.float64(0.9794210195541382)}}, 'num_env_steps_sampled': 12000, 'num_env_steps_trained': 2688000, 'num_agent_steps_sampled': 12000, 'num_agent_steps_trained': 2688000, 'last_target_update_ts': 12000, 'num_target_updates': 10500}, 'env_runners': {'episode_reward_max': np.float64(93.62359648147998), 'episode_reward_min': np.float64(-2104.4038987762196), 'episode_reward_mean': np.float64(-314.7213618531356), 'episode_len_mean': np.float64(244.79591836734693), 'episode_media': {}, 'episodes_timesteps_total': 11995, 'policy_reward_min': {'default_policy': np.float64(-2104.4038987762196)}, 'policy_reward_max': {'default_policy': np.float64(93.62359648147998)}, 'policy_reward_mean': {'default_policy': np.float64(-314.7213618531356)}, 'custom_metrics': {}, 'hist_stats': {'episode_reward': [np.float64(-1718.3458937847283), np.float64(-1782.7266933977005), np.float64(-2104.4038987762196), np.float64(-1766.1730804221183), np.float64(-1727.5394835626018), np.float64(-1781.6203710948466), np.float64(-192.38392545077), np.float64(-1590.4878602307615), np.float64(-534.8482516852024), np.float64(-470.6564135257046), np.float64(-244.8575620729081), np.float64(-150.81344794725595), np.float64(-410.68930701357783), np.float64(-101.46301670085873), np.float64(-126.58123696878648), np.float64(-284.0476866541365), np.float64(-7.33299380107993), np.float64(-90.7774064315918), np.float64(-67.16296549776257), np.float64(-55.27535185717099), np.float64(-102.01207659977958), np.float64(-86.33484753069744), np.float64(-93.58923504661026), np.float64(-16.252214088040624), np.float64(8.327454308622986), np.float64(45.70551240683479), np.float64(-190.88174514343973), np.float64(55.24134254250255), np.float64(-116.65505527781768), np.float64(77.87263600274736), np.float64(7.330390181607153), np.float64(29.60862676306957), np.float64(16.829542334336058), np.float64(22.68812735457366), np.float64(-26.55466030204878), np.float64(25.503173257732175), np.float64(64.42742434206286), np.float64(-141.48744136700918), np.float64(86.75803332201498), np.float64(93.62359648147998), np.float64(43.72300219394371), np.float64(18.151846345918727), np.float64(-3.110031115695913), np.float64(-131.17053904135935), np.float64(63.96564201926956), np.float64(64.81171212874601), np.float64(-129.6404854337407), np.float64(23.835056263505628), np.float64(76.12532876940891)], 'episode_lengths': [1000, 1000, 1000, 1000, 1000, 1000, 181, 1000, 453, 274, 284, 246, 191, 117, 177, 257, 60, 183, 149, 141, 168, 154, 183, 119, 107, 86, 89, 82, 58, 62, 89, 82, 52, 56, 74, 53, 62, 66, 59, 49, 70, 64, 43, 55, 64, 59, 59, 70, 48], 'policy_default_policy_reward': [np.float64(-1718.3458937847283), np.float64(-1782.7266933977005), np.float64(-2104.4038987762196), np.float64(-1766.1730804221183), np.float64(-1727.5394835626018), np.float64(-1781.6203710948466), np.float64(-192.38392545077), np.float64(-1590.4878602307615), np.float64(-534.8482516852024), np.float64(-470.6564135257046), np.float64(-244.8575620729081), np.float64(-150.81344794725595), np.float64(-410.68930701357783), np.float64(-101.46301670085873), np.float64(-126.58123696878648), np.float64(-284.0476866541365), np.float64(-7.33299380107993), np.float64(-90.7774064315918), np.float64(-67.16296549776257), np.float64(-55.27535185717099), np.float64(-102.01207659977958), np.float64(-86.33484753069744), np.float64(-93.58923504661026), np.float64(-16.252214088040624), np.float64(8.327454308622986), np.float64(45.70551240683479), np.float64(-190.88174514343973), np.float64(55.24134254250255), np.float64(-116.65505527781768), np.float64(77.87263600274736), np.float64(7.330390181607153), np.float64(29.60862676306957), np.float64(16.829542334336058), np.float64(22.68812735457366), np.float64(-26.55466030204878), np.float64(25.503173257732175), np.float64(64.42742434206286), np.float64(-141.48744136700918), np.float64(86.75803332201498), np.float64(93.62359648147998), np.float64(43.72300219394371), np.float64(18.151846345918727), np.float64(-3.110031115695913), np.float64(-131.17053904135935), np.float64(63.96564201926956), np.float64(64.81171212874601), np.float64(-129.6404854337407), np.float64(23.835056263505628), np.float64(76.12532876940891)]}, 'sampler_perf': {'mean_raw_obs_processing_ms': np.float64(0.803307035165803), 'mean_inference_ms': np.float64(2.7038319844506535), 'mean_action_processing_ms': np.float64(0.10393687302703779), 'mean_env_wait_ms': np.float64(6.291675992141545), 'mean_env_render_ms': np.float64(0.0)}, 'num_faulty_episodes': 0, 'connector_metrics': {'ObsPreprocessorConnector_ms': np.float64(0.03802484395552655), 'StateBufferConnector_ms': np.float64(0.003659481904944595), 'ViewRequirementAgentConnector_ms': np.float64(0.117963187548579)}, 'num_episodes': 2, 'episode_return_max': np.float64(93.62359648147998), 'episode_return_min': np.float64(-2104.4038987762196), 'episode_return_mean': np.float64(-314.7213618531356), 'episodes_this_iter': 2}, 'num_healthy_workers': 1, 'actor_manager_num_outstanding_async_reqs': 0, 'num_remote_worker_restarts': 0, 'num_agent_steps_sampled': 12000, 'num_agent_steps_trained': 2688000, 'num_env_steps_sampled': 12000, 'num_env_steps_trained': 2688000, 'num_env_steps_sampled_this_iter': 100, 'num_env_steps_trained_this_iter': 25600, 'num_env_steps_sampled_throughput_per_sec': 7.511853594447978, 'num_env_steps_trained_throughput_per_sec': 1923.0345201786824, 'timesteps_total': 12000, 'num_env_steps_sampled_lifetime': 12000, 'num_agent_steps_sampled_lifetime': 12000, 'num_steps_trained_this_iter': 25600, 'agent_timesteps_total': 12000, 'timers': {'training_iteration_time_ms': 13278.202, 'restore_workers_time_ms': 0.006, 'training_step_time_ms': 155.917, 'sample_time_ms': 36.996, 'load_time_ms': 5.229, 'load_throughput': 48962.012, 'learn_time_ms': 26.744, 'learn_throughput': 9572.4, 'synch_weights_time_ms': 8.293}, 'counters': {'num_env_steps_sampled': 12000, 'num_env_steps_trained': 2688000, 'num_agent_steps_sampled': 12000, 'num_agent_steps_trained': 2688000, 'last_target_update_ts': 12000, 'num_target_updates': 10500}, 'done': False, 'training_iteration': 120, 'trial_id': 'default', 'date': '2026-04-24_14-35-25', 'timestamp': 1777016125, 'time_this_iter_s': 13.32919454574585, 'time_total_s': 1435.8209199905396, 'pid': 54804, 'hostname': 'supawich-B760M-Pro-RS-D4', 'node_ip': '192.168.110.31', 'config': {'exploration_config': {'type': 'StochasticSampling'}, 'extra_python_environs_for_driver': {}, 'extra_python_environs_for_worker': {}, 'placement_strategy': 'PACK', 'num_gpus': 1, '_fake_gpus': False, 'num_cpus_for_main_process': 1, 'eager_tracing': True, 'eager_max_retraces': 20, 'tf_session_args': {'intra_op_parallelism_threads': 2, 'inter_op_parallelism_threads': 2, 'gpu_options': {'allow_growth': True}, 'log_device_placement': False, 'device_count': {'CPU': 1}, 'allow_soft_placement': True}, 'local_tf_session_args': {'intra_op_parallelism_threads': 8, 'inter_op_parallelism_threads': 8}, 'torch_compile_learner': False, 'torch_compile_learner_what_to_compile': <TorchCompileWhatToCompile.FORWARD_TRAIN: 'forward_train'>, 'torch_compile_learner_dynamo_backend': 'inductor', 'torch_compile_learner_dynamo_mode': None, 'torch_compile_worker': False, 'torch_compile_worker_dynamo_backend': 'onnxrt', 'torch_compile_worker_dynamo_mode': None, 'torch_ddp_kwargs': {}, 'torch_skip_nan_gradients': False, 'env': 'carla_gt_env', 'env_config': {'host': 'localhost', 'port': 2000}, 'observation_space': None, 'action_space': None, 'clip_rewards': None, 'normalize_actions': True, 'clip_actions': False, '_is_atari': None, 'disable_env_checking': False, 'render_env': False, 'action_mask_key': 'action_mask', 'env_runner_cls': None, 'num_env_runners': 1, 'create_local_env_runner': True, 'num_envs_per_env_runner': 1, 'gym_env_vectorize_mode': 'sync', 'num_cpus_per_env_runner': 1, 'num_gpus_per_env_runner': 0, 'custom_resources_per_env_runner': {}, 'validate_env_runners_after_construction': True, 'episodes_to_numpy': True, 'max_requests_in_flight_per_env_runner': 1, 'sample_timeout_s': 60.0, '_env_to_module_connector': None, 'add_default_connectors_to_env_to_module_pipeline': True, '_module_to_env_connector': None, 'add_default_connectors_to_module_to_env_pipeline': True, 'merge_env_runner_states': 'training_only', 'broadcast_env_runner_states': True, 'episode_lookback_horizon': 1, 'rollout_fragment_length': 'auto', 'batch_mode': 'truncate_episodes', 'compress_observations': False, 'remote_worker_envs': False, 'remote_env_batch_wait_ms': 0, 'enable_tf1_exec_eagerly': False, 'sample_collector': <class 'ray.rllib.evaluation.collectors.simple_list_collector.SimpleListCollector'>, 'preprocessor_pref': 'deepmind', 'observation_filter': 'NoFilter', 'update_worker_filter_stats': True, 'use_worker_filter_stats': True, 'sampler_perf_stats_ema_coef': None, '_is_online': True, 'num_learners': 0, 'num_gpus_per_learner': 0, 'num_cpus_per_learner': 'auto', 'num_aggregator_actors_per_learner': 0, 'max_requests_in_flight_per_aggregator_actor': 3, 'local_gpu_idx': 0, 'max_requests_in_flight_per_learner': 3, 'gamma': 0.99, 'lr': None, 'grad_clip': None, 'grad_clip_by': 'global_norm', '_train_batch_size_per_learner': 256, 'train_batch_size': 256, 'num_epochs': 1, 'minibatch_size': None, 'shuffle_batch_per_epoch': False, 'model': {'fcnet_hiddens': [256, 256], 'fcnet_activation': 'tanh', 'fcnet_weights_initializer': None, 'fcnet_weights_initializer_config': None, 'fcnet_bias_initializer': None, 'fcnet_bias_initializer_config': None, 'conv_filters': None, 'conv_activation': 'relu', 'conv_kernel_initializer': None, 'conv_kernel_initializer_config': None, 'conv_bias_initializer': None, 'conv_bias_initializer_config': None, 'conv_transpose_kernel_initializer': None, 'conv_transpose_kernel_initializer_config': None, 'conv_transpose_bias_initializer': None, 'conv_transpose_bias_initializer_config': None, 'post_fcnet_hiddens': [], 'post_fcnet_activation': 'relu', 'post_fcnet_weights_initializer': None, 'post_fcnet_weights_initializer_config': None, 'post_fcnet_bias_initializer': None, 'post_fcnet_bias_initializer_config': None, 'free_log_std': False, 'log_std_clip_param': 20.0, 'no_final_linear': False, 'vf_share_layers': True, 'use_lstm': False, 'max_seq_len': 20, 'lstm_cell_size': 256, 'lstm_use_prev_action': False, 'lstm_use_prev_reward': False, 'lstm_weights_initializer': None, 'lstm_weights_initializer_config': None, 'lstm_bias_initializer': None, 'lstm_bias_initializer_config': None, '_time_major': False, 'use_attention': False, 'attention_num_transformer_units': 1, 'attention_dim': 64, 'attention_num_heads': 1, 'attention_head_dim': 32, 'attention_memory_inference': 50, 'attention_memory_training': 50, 'attention_position_wise_mlp_dim': 32, 'attention_init_gru_gate_bias': 2.0, 'attention_use_n_prev_actions': 0, 'attention_use_n_prev_rewards': 0, 'framestack': True, 'dim': 84, 'grayscale': False, 'zero_mean': True, 'custom_model': None, 'custom_model_config': {}, 'custom_action_dist': None, 'custom_preprocessor': None, 'encoder_latent_dim': None, 'always_check_shapes': False, 'lstm_use_prev_action_reward': -1, '_use_default_native_models': -1, '_disable_preprocessor_api': False, '_disable_action_flattening': False}, '_learner_connector': None, 'add_default_connectors_to_learner_pipeline': True, 'learner_config_dict': {}, 'optimizer': {}, '_learner_class': None, 'callbacks_on_algorithm_init': None, 'callbacks_on_env_runners_recreated': None, 'callbacks_on_offline_eval_runners_recreated': None, 'callbacks_on_checkpoint_loaded': None, 'callbacks_on_environment_created': None, 'callbacks_on_episode_created': None, 'callbacks_on_episode_start': None, 'callbacks_on_episode_step': None, 'callbacks_on_episode_end': None, 'callbacks_on_evaluate_start': None, 'callbacks_on_evaluate_end': None, 'callbacks_on_evaluate_offline_start': None, 'callbacks_on_evaluate_offline_end': None, 'callbacks_on_sample_end': None, 'callbacks_on_train_result': None, 'explore': True, 'enable_rl_module_and_learner': False, 'enable_env_runner_and_connector_v2': False, '_prior_exploration_config': None, 'count_steps_by': 'env_steps', 'policy_map_capacity': 100, 'policy_mapping_fn': <function AlgorithmConfig.DEFAULT_POLICY_MAPPING_FN at 0x7c3f0e248cc0>, 'policies_to_train': None, 'policy_states_are_swappable': False, 'observation_fn': None, 'offline_data_class': None, 'input_read_method': 'read_parquet', 'input_read_method_kwargs': {}, 'input_read_schema': {}, 'input_read_episodes': False, 'input_read_sample_batches': False, 'input_read_batch_size': None, 'input_filesystem': None, 'input_filesystem_kwargs': {}, 'input_compress_columns': ['obs', 'new_obs'], 'input_spaces_jsonable': True, 'materialize_data': False, 'materialize_mapped_data': True, 'map_batches_kwargs': {}, 'iter_batches_kwargs': {}, 'ignore_final_observation': False, 'prelearner_class': None, 'prelearner_buffer_class': None, 'prelearner_buffer_kwargs': {}, 'prelearner_module_synch_period': 10, 'prelearner_use_recorded_module_states': False, 'dataset_num_iters_per_learner': None, 'input_config': {}, 'actions_in_input_normalized': False, 'postprocess_inputs': False, 'shuffle_buffer_size': 0, 'output': None, 'output_config': {}, 'output_compress_columns': ['obs', 'new_obs'], 'output_max_file_size': 67108864, 'output_max_rows_per_file': None, 'output_write_remaining_data': False, 'output_write_method': 'write_parquet', 'output_write_method_kwargs': {}, 'output_filesystem': None, 'output_filesystem_kwargs': {}, 'output_write_episodes': True, 'offline_sampling': False, 'evaluation_interval': None, 'evaluation_duration': 10, 'evaluation_duration_unit': 'episodes', 'evaluation_sample_timeout_s': 120.0, 'evaluation_auto_duration_min_env_steps_per_sample': 100, 'evaluation_auto_duration_max_env_steps_per_sample': 2000, 'evaluation_parallel_to_training': False, 'evaluation_force_reset_envs_before_iteration': True, 'evaluation_config': None, 'off_policy_estimation_methods': {}, 'ope_split_batch_by_episode': True, 'evaluation_num_env_runners': 0, 'in_evaluation': False, 'sync_filters_on_rollout_workers_timeout_s': 10.0, 'offline_evaluation_interval': None, 'num_offline_eval_runners': 0, 'offline_evaluation_type': 'eval_loss', 'offline_eval_runner_class': None, 'offline_loss_for_module_fn': None, 'offline_evaluation_duration': 1, 'offline_evaluation_parallel_to_training': False, 'offline_evaluation_timeout_s': 120.0, 'num_cpus_per_offline_eval_runner': 1, 'num_gpus_per_offline_eval_runner': 0, 'custom_resources_per_offline_eval_runner': {}, 'restart_failed_offline_eval_runners': True, 'ignore_offline_eval_runner_failures': False, 'max_num_offline_eval_runner_restarts': 1000, 'offline_eval_runner_restore_timeout_s': 1800.0, 'max_requests_in_flight_per_offline_eval_runner': 1, 'validate_offline_eval_runners_after_construction': True, 'offline_eval_runner_health_probe_timeout_s': 30.0, 'offline_eval_rl_module_inference_only': False, 'broadcast_offline_eval_runner_states': False, 'offline_eval_batch_size_per_runner': 256, 'dataset_num_iters_per_eval_runner': 1, 'keep_per_episode_custom_metrics': False, 'metrics_episode_collection_timeout_s': 60.0, 'metrics_num_episodes_for_smoothing': 100, 'min_time_s_per_iteration': 1, 'min_train_timesteps_per_iteration': 0, 'min_sample_timesteps_per_iteration': 100, 'log_gradients': False, 'stats_cls_lookup': {'mean': <class 'ray.rllib.utils.metrics.stats.mean.MeanStats'>, 'ema': <class 'ray.rllib.utils.metrics.stats.ema.EmaStats'>, 'min': <class 'ray.rllib.utils.metrics.stats.min.MinStats'>, 'max': <class 'ray.rllib.utils.metrics.stats.max.MaxStats'>, 'sum': <class 'ray.rllib.utils.metrics.stats.sum.SumStats'>, 'lifetime_sum': <class 'ray.rllib.utils.metrics.stats.lifetime_sum.LifetimeSumStats'>, 'percentiles': <class 'ray.rllib.utils.metrics.stats.percentiles.PercentilesStats'>, 'item': <class 'ray.rllib.utils.metrics.stats.item.ItemStats'>, 'item_series': <class 'ray.rllib.utils.metrics.stats.item_series.ItemSeriesStats'>}, 'export_native_model_files': False, 'checkpoint_trainable_policies_only': False, 'logger_creator': None, 'logger_config': None, 'log_level': 'WARN', 'log_sys_usage': True, 'fake_sampler': False, 'seed': 42, 'restart_failed_env_runners': True, 'ignore_env_runner_failures': True, 'max_num_env_runner_restarts': 1000, 'delay_between_env_runner_restarts_s': 60.0, 'restart_failed_sub_environments': False, 'num_consecutive_env_runner_failures_tolerance': 100, 'env_runner_health_probe_timeout_s': 30.0, 'env_runner_restore_timeout_s': 1800.0, '_model_config': {}, '_rl_module_spec': None, 'algorithm_config_overrides_per_module': {}, '_per_module_overrides': {}, '_validate_config': True, '_use_msgpack_checkpoints': False, '_torch_grad_scaler_class': None, '_torch_lr_scheduler_classes': None, '_tf_policy_handles_more_than_one_loss': False, '_disable_preprocessor_api': False, '_disable_action_flattening': False, '_disable_initialize_loss_from_dummy_batch': False, '_dont_auto_sync_env_runner_states': False, 'env_task_fn': -1, 'enable_connectors': -1, 'simple_optimizer': False, 'policy_map_cache': -1, 'worker_cls': -1, 'synchronize_filters': -1, 'enable_async_evaluation': -1, 'custom_async_evaluation_function': -1, '_enable_rl_module_api': -1, 'auto_wrap_old_gym_envs': -1, 'always_attach_evaluation_results': -1, 'replay_sequence_length': None, '_disable_execution_plan_api': -1, 'twin_q': True, 'q_model_config': {'fcnet_hiddens': [256, 256], 'fcnet_activation': 'relu', 'post_fcnet_hiddens': [], 'post_fcnet_activation': None, 'custom_model': None, 'custom_model_config': {}}, 'policy_model_config': {'fcnet_hiddens': [256, 256], 'fcnet_activation': 'relu', 'post_fcnet_hiddens': [], 'post_fcnet_activation': None, 'custom_model': None, 'custom_model_config': {}}, 'tau': 0.005, 'initial_alpha': 1.0, 'target_entropy': 'auto', 'n_step': 1, 'replay_buffer_config': {'type': 'MultiAgentReplayBuffer', 'capacity': 25000}, 'store_buffer_in_checkpoints': False, 'training_intensity': None, 'optimization': {'actor_learning_rate': 0.0003, 'critic_learning_rate': 0.0003, 'entropy_learning_rate': 0.0003}, 'actor_lr': 0.0003, 'critic_lr': 0.0003, 'alpha_lr': 0.0003, 'target_network_update_freq': 0, 'num_steps_sampled_before_learning_starts': 1500, '_deterministic_loss': False, '_use_beta_distribution': False, 'use_state_preprocessor': -1, 'worker_side_prioritization': -1, 'class': <class 'ray.rllib.algorithms.sac.sac.SACConfig'>, 'input': 'sampler', 'policies': {'default_policy': (None, None, None, None)}, 'callbacks': <class 'ray.rllib.callbacks.callbacks.RLlibCallback'>, 'create_env_on_driver': False, 'custom_eval_function': None, 'framework': 'torch'}, 'time_since_restore': 1435.8209199905396, 'iterations_since_restore': 120, 'perf': {'cpu_util_percent': np.float64(23.65263157894737), 'ram_util_percent': np.float64(63.521052631578954)}})
[36m(RolloutWorker pid=55171)[0m [EpisodeRecorder] episode end (terminated=True truncated=False) frames_written=0
[36m(RolloutWorker pid=55171)[0m [CarlaEnv] Spawned ego id=186 at sp_idx=149 (47.6,-57.2) (attempt 1)
[36m(RolloutWorker pid=55171)[0m [EpisodeRecorder] recording episode 50 -> artifacts/episodes/ep_00050.mp4
[36m(RolloutWorker pid=55171)[0m [EpisodeRecorder] append failed: All images in a movie should have same size
iter=121 R=-306.7 len=241 eps=1 steps=12100
[36m(RolloutWorker pid=55171)[0m [EpisodeRecorder] episode end (terminated=True truncated=False) frames_written=1
[36m(RolloutWorker pid=55171)[0m [EpisodeRecorder] finalized artifacts/episodes/ep_00050.mp4 (1755 bytes, 1 frames)
[36m(RolloutWorker pid=55171)[0m [CarlaEnv] Spawned ego id=189 at sp_idx=142 (102.9,-9.4) (attempt 1)
[36m(RolloutWorker pid=55171)[0m [EpisodeRecorder] episode end (terminated=True truncated=False) frames_written=0
[36m(RolloutWorker pid=55171)[0m [CarlaEnv] Spawned ego id=191 at sp_idx=22 (53.1,133.9) (attempt 1)
iter=122 R=-297.5 len=235 eps=2 steps=12200
[36m(RolloutWorker pid=55171)[0m [EpisodeRecorder] episode end (terminated=True truncated=False) frames_written=0
[36m(RolloutWorker pid=55171)[0m [CarlaEnv] Spawned ego id=193 at sp_idx=72 (11.2,-64.4) (attempt 1)
iter=123 R=-290.0 len=231 eps=1 steps=12300
[36m(RolloutWorker pid=55171)[0m [EpisodeRecorder] episode end (terminated=True truncated=False) frames_written=0
[36m(RolloutWorker pid=55171)[0m [CarlaEnv] Spawned ego id=195 at sp_idx=95 (-45.3,-25.6) (attempt 1)
iter=124 R=-287.9 len=228 eps=1 steps=12400
[36m(RolloutWorker pid=55171)[0m [EpisodeRecorder] episode end (terminated=True truncated=False) frames_written=0
[36m(RolloutWorker pid=55171)[0m [CarlaEnv] Spawned ego id=197 at sp_idx=21 (99.4,-6.3) (attempt 1)
[36m(RolloutWorker pid=55171)[0m [EpisodeRecorder] recording episode 55 -> artifacts/episodes/ep_00055.mp4
[36m(RolloutWorker pid=55171)[0m [EpisodeRecorder] append failed: All images in a movie should have same size
iter=125 R=-284.7 len=227 eps=1 steps=12500
[36m(RolloutWorker pid=55171)[0m [EpisodeRecorder] episode end (terminated=True truncated=False) frames_written=1
[36m(RolloutWorker pid=55171)[0m [EpisodeRecorder] finalized artifacts/episodes/ep_00055.mp4 (1962 bytes, 1 frames)
[36m(RolloutWorker pid=55171)[0m [CarlaEnv] Spawned ego id=200 at sp_idx=121 (-64.6,-65.2) (attempt 1)
[36m(RolloutWorker pid=55171)[0m [EpisodeRecorder] episode end (terminated=True truncated=False) frames_written=0
iter=126 R=-282.2 len=224 eps=1 steps=12600
[36m(RolloutWorker pid=55171)[0m [CarlaEnv] Spawned ego id=202 at sp_idx=29 (-45.2,92.5) (attempt 1)
iter=127 R=-276.3 len=221 eps=1 steps=12700
[36m(RolloutWorker pid=55171)[0m [EpisodeRecorder] episode end (terminated=True truncated=False) frames_written=0
[36m(RolloutWorker pid=55171)[0m [CarlaEnv] Spawned ego id=204 at sp_idx=149 (47.6,-57.2) (attempt 1)
[36m(RolloutWorker pid=55171)[0m [EpisodeRecorder] episode end (terminated=True truncated=False) frames_written=0
[36m(RolloutWorker pid=55171)[0m [CarlaEnv] Spawned ego id=206 at sp_idx=43 (40.4,41.9) (attempt 1)
iter=128 R=-266.4 len=217 eps=2 steps=12800
[36m(RolloutWorker pid=55171)[0m [EpisodeRecorder] episode end (terminated=True truncated=False) frames_written=0
[36m(RolloutWorker pid=55171)[0m [CarlaEnv] Spawned ego id=208 at sp_idx=56 (19.6,24.6) (attempt 1)
[36m(RolloutWorker pid=55171)[0m [EpisodeRecorder] recording episode 60 -> artifacts/episodes/ep_00060.mp4
[36m(RolloutWorker pid=55171)[0m [EpisodeRecorder] append failed: All images in a movie should have same size
iter=129 R=-261.6 len=214 eps=1 steps=12900
[36m(RolloutWorker pid=55171)[0m [EpisodeRecorder] episode end (terminated=True truncated=False) frames_written=1
[36m(RolloutWorker pid=55171)[0m [EpisodeRecorder] finalized artifacts/episodes/ep_00060.mp4 (1716 bytes, 1 frames)
[36m(RolloutWorker pid=55171)[0m [CarlaEnv] Spawned ego id=211 at sp_idx=62 (106.5,-21.6) (attempt 1)
iter=130 R=-262.3 len=212 eps=1 steps=13000
  checkpoint saved: TrainingResult(checkpoint=Checkpoint(filesystem=local, path=./checkpoints/gt), metrics={'custom_metrics': {}, 'episode_media': {}, 'info': {'learner': {'default_policy': {'custom_metrics': {}, 'learner_stats': {'actor_loss': np.float64(45.00522232055664), 'critic_loss': np.float64(0.5345703363418579), 'alpha_loss': np.float64(-1.5442498922348022), 'alpha_value': np.float32(0.03713017), 'log_alpha_value': np.float32(-3.2933254), 'target_entropy': np.float32(-3.0), 'policy_t': np.float64(0.20029306411743164), 'mean_q': np.float64(-44.845191955566406), 'max_q': np.float64(-0.08585019409656525), 'min_q': np.float64(-170.38673400878906)}, 'model': {}, 'num_grad_updates_lifetime': np.float64(11500.0), 'diff_num_grad_updates_vs_sampler_policy': np.float64(11499.0), 'td_error': array([3.70635986e-01, 1.23773003e+00, 3.57479095e-01, 1.24183083e+00,
       4.17545319e-01, 2.30541229e-01, 2.20441818e-01, 7.62592316e-01,
       2.26314926e+00, 3.09337425e+00, 1.49179459e-01, 5.53720474e-01,
       1.78836823e-01, 8.75026703e-01, 8.21277618e-01, 4.18460846e-01,
       1.07847404e+00, 2.28857040e-01, 3.45649719e-02, 1.89743042e-01,
       2.49450684e-01, 1.18606567e-01, 8.28954697e-01, 2.45332718e-01,
       5.48095703e-02, 7.75414467e-01, 5.17101288e-02, 8.48375320e-01,
       2.60536194e-01, 1.69176102e-01, 1.64695740e-01, 9.32604790e-01,
       6.19541168e-01, 2.80235291e-01, 6.92446232e-01, 3.44501495e-01,
       1.34844589e+00, 9.12038803e-01, 1.00524211e+00, 1.77631378e-01,
       2.92081833e-01, 1.41901994e+00, 6.64000869e-01, 2.82348585e+00,
       7.27453232e-01, 1.94123650e+00, 8.14258575e-01, 2.40205765e-01,
       1.64296830e+00, 1.39575958e-01, 5.33119202e-01, 4.81510162e-01,
       2.37174988e-01, 7.65985012e-01, 6.58588409e-01, 5.29727936e-02,
       3.43046188e-01, 5.14184570e+00, 8.52279663e-02, 1.34890747e+00,
       3.45966339e-01, 4.43350792e-01, 2.49694824e-01, 1.37564111e+00,
       2.78699875e-01, 4.04344559e-01, 3.27648163e-01, 1.05380821e+00,
       5.91243744e-01, 1.78836823e-01, 2.16812134e-01, 1.28825378e+00,
       5.65016747e-01, 2.47098923e-01, 3.72661591e-01, 9.34316635e-01,
       5.62698364e-01, 4.10314560e-01, 4.97606277e-01, 6.64455891e+00,
       2.45546341e-01, 1.04049015e+00, 1.52578354e-01, 2.18818665e-01,
       7.08319664e-01, 4.02688980e-01, 1.24287128e+00, 8.94935608e-01,
       3.34764481e-01, 2.67582417e+00, 2.88604736e-01, 2.42946625e-01,
       2.75605679e-01, 2.28420258e-01, 2.36862183e-01, 2.79785156e-01,
       7.50522614e-01, 1.67705536e-01, 5.51538467e-01, 3.11656952e-01,
       1.78722382e-01, 4.73587036e-01, 3.11038971e-01, 2.84053802e-01,
       1.93916798e-01, 1.38945694e+01, 1.34685516e-01, 1.50716782e-01,
       5.74193954e-01, 1.20527267e-01, 6.20208740e-01, 1.10108852e+00,
       7.22255707e-01, 3.70183945e-01, 4.07543755e+00, 7.20123768e-01,
       1.02872849e-01, 1.24636841e+00, 5.54082870e-01, 3.22542191e-01,
       5.06005287e-01, 1.13355446e+00, 3.84874535e+00, 5.31833649e-01,
       2.90952682e-01, 6.96483612e-01, 3.38848114e-01, 6.72416925e+00,
       4.64725494e-01, 2.04196930e-01, 3.01329803e+00, 1.01975060e+00,
       2.11662292e-01, 1.66311741e+00, 7.29215145e-01, 1.76786423e-01,
       7.66372681e-02, 1.60586548e+00, 3.17573547e-01, 2.80649185e-01,
       1.33295059e-01, 3.13058853e-01, 2.89850092e+00, 9.60900307e-01,
       1.25237656e+00, 4.37515068e+00, 1.78865242e+00, 3.54892492e-01,
       2.39358902e-01, 1.46696091e-01, 1.44639015e+00, 5.87787628e-01,
       1.35871887e-01, 3.32176208e-01, 3.78096771e+00, 5.61605453e-01,
       2.85629272e-01, 3.03471947e+00, 1.00398540e+00, 6.56820297e-01,
       5.58538437e-01, 8.53037834e-01, 8.50666046e-01, 4.94817638e+00,
       1.16996598e+00, 2.96108246e-01, 5.07195091e+00, 3.15629959e-01,
       2.90275574e-01, 5.77838659e-01, 1.75991058e-01, 6.26789093e-01,
       3.46490860e-01, 3.11138153e-01, 6.03485107e-02, 3.64116669e-01,
       3.01010132e-01, 6.40430450e-01, 8.09650421e-02, 9.00796890e-01,
       9.14087296e-02, 3.11611176e-01, 1.13226128e+00, 1.19054794e-01,
       1.29683304e+00, 4.22094536e+00, 4.46470261e-01, 5.61756134e-01,
       2.14614868e-01, 3.01286697e-01, 7.91250229e-01, 4.20507431e-01,
       6.30302429e-02, 2.76622772e+00, 1.82543182e+00, 1.42818451e-01,
       9.81541634e-01, 1.13697052e-02, 6.99565887e-01, 3.97811890e-01,
       7.70309448e-01, 8.41522217e-01, 1.26659393e-01, 2.04561234e-01,
       5.83515167e-01, 4.66304779e-01, 1.86428452e+00, 1.61991119e-02,
       1.36419296e-01, 5.41282654e-01, 2.07244873e-01, 3.21044922e-02,
       5.78170776e-01, 3.13594818e-01, 1.49627686e-01, 5.92201233e-01,
       5.66728592e-01, 8.02707672e-02, 4.80800629e-01, 2.24107361e+00,
       2.57257843e+00, 7.24246979e-01, 6.29131317e-01, 7.15969086e-01,
       9.52593803e-01, 1.19950390e+00, 3.80052567e-01, 1.80412292e-01,
       2.72218704e-01, 3.62007141e-01, 2.84576416e-01, 2.82680893e+00,
       2.93449402e-01, 2.49301910e-01, 4.19759750e-01, 2.14920044e-01,
       6.17109299e-01, 3.89345169e-01, 1.25904083e-01, 1.01205826e-01,
       3.93976212e-01, 3.85437012e-01, 4.68057632e-01, 1.50551796e-01,
       8.76814842e-01, 1.28877640e-01, 1.69006348e-01, 1.49069023e+00,
       3.43742371e-01, 6.27601624e-01, 1.93462563e+00, 2.01843262e-01,
       1.96414948e-01, 1.30297375e+00, 1.25906372e+00, 3.13312531e-01],
      dtype=float32), 'mean_td_error': np.float64(0.8505938649177551)}}, 'num_env_steps_sampled': 13000, 'num_env_steps_trained': 2944000, 'num_agent_steps_sampled': 13000, 'num_agent_steps_trained': 2944000, 'last_target_update_ts': 13000, 'num_target_updates': 11500}, 'env_runners': {'episode_reward_max': np.float64(98.9118737658849), 'episode_reward_min': np.float64(-2104.4038987762196), 'episode_reward_mean': np.float64(-262.3498725799921), 'episode_len_mean': np.float64(212.40983606557376), 'episode_media': {}, 'episodes_timesteps_total': 12957, 'policy_reward_min': {'default_policy': np.float64(-2104.4038987762196)}, 'policy_reward_max': {'default_policy': np.float64(98.9118737658849)}, 'policy_reward_mean': {'default_policy': np.float64(-262.3498725799921)}, 'custom_metrics': {}, 'hist_stats': {'episode_reward': [np.float64(-1718.3458937847283), np.float64(-1782.7266933977005), np.float64(-2104.4038987762196), np.float64(-1766.1730804221183), np.float64(-1727.5394835626018), np.float64(-1781.6203710948466), np.float64(-192.38392545077), np.float64(-1590.4878602307615), np.float64(-534.8482516852024), np.float64(-470.6564135257046), np.float64(-244.8575620729081), np.float64(-150.81344794725595), np.float64(-410.68930701357783), np.float64(-101.46301670085873), np.float64(-126.58123696878648), np.float64(-284.0476866541365), np.float64(-7.33299380107993), np.float64(-90.7774064315918), np.float64(-67.16296549776257), np.float64(-55.27535185717099), np.float64(-102.01207659977958), np.float64(-86.33484753069744), np.float64(-93.58923504661026), np.float64(-16.252214088040624), np.float64(8.327454308622986), np.float64(45.70551240683479), np.float64(-190.88174514343973), np.float64(55.24134254250255), np.float64(-116.65505527781768), np.float64(77.87263600274736), np.float64(7.330390181607153), np.float64(29.60862676306957), np.float64(16.829542334336058), np.float64(22.68812735457366), np.float64(-26.55466030204878), np.float64(25.503173257732175), np.float64(64.42742434206286), np.float64(-141.48744136700918), np.float64(86.75803332201498), np.float64(93.62359648147998), np.float64(43.72300219394371), np.float64(18.151846345918727), np.float64(-3.110031115695913), np.float64(-131.17053904135935), np.float64(63.96564201926956), np.float64(64.81171212874601), np.float64(-129.6404854337407), np.float64(23.835056263505628), np.float64(76.12532876940891), np.float64(86.09566564881014), np.float64(29.93444102154405), np.float64(-165.41380311238566), np.float64(98.9118737658849), np.float64(-172.76846066763613), np.float64(-112.13715114749644), np.float64(-145.99572761328568), np.float64(52.614546454746375), np.float64(-1.5611564875098418), np.float64(34.399004163931096), np.float64(19.91671520973093), np.float64(-305.9914438122074)], 'episode_lengths': [1000, 1000, 1000, 1000, 1000, 1000, 181, 1000, 453, 274, 284, 246, 191, 117, 177, 257, 60, 183, 149, 141, 168, 154, 183, 119, 107, 86, 89, 82, 58, 62, 89, 82, 52, 56, 74, 53, 62, 66, 59, 49, 70, 64, 43, 55, 64, 59, 59, 70, 48, 54, 54, 94, 64, 69, 135, 77, 59, 121, 57, 58, 120], 'policy_default_policy_reward': [np.float64(-1718.3458937847283), np.float64(-1782.7266933977005), np.float64(-2104.4038987762196), np.float64(-1766.1730804221183), np.float64(-1727.5394835626018), np.float64(-1781.6203710948466), np.float64(-192.38392545077), np.float64(-1590.4878602307615), np.float64(-534.8482516852024), np.float64(-470.6564135257046), np.float64(-244.8575620729081), np.float64(-150.81344794725595), np.float64(-410.68930701357783), np.float64(-101.46301670085873), np.float64(-126.58123696878648), np.float64(-284.0476866541365), np.float64(-7.33299380107993), np.float64(-90.7774064315918), np.float64(-67.16296549776257), np.float64(-55.27535185717099), np.float64(-102.01207659977958), np.float64(-86.33484753069744), np.float64(-93.58923504661026), np.float64(-16.252214088040624), np.float64(8.327454308622986), np.float64(45.70551240683479), np.float64(-190.88174514343973), np.float64(55.24134254250255), np.float64(-116.65505527781768), np.float64(77.87263600274736), np.float64(7.330390181607153), np.float64(29.60862676306957), np.float64(16.829542334336058), np.float64(22.68812735457366), np.float64(-26.55466030204878), np.float64(25.503173257732175), np.float64(64.42742434206286), np.float64(-141.48744136700918), np.float64(86.75803332201498), np.float64(93.62359648147998), np.float64(43.72300219394371), np.float64(18.151846345918727), np.float64(-3.110031115695913), np.float64(-131.17053904135935), np.float64(63.96564201926956), np.float64(64.81171212874601), np.float64(-129.6404854337407), np.float64(23.835056263505628), np.float64(76.12532876940891), np.float64(86.09566564881014), np.float64(29.93444102154405), np.float64(-165.41380311238566), np.float64(98.9118737658849), np.float64(-172.76846066763613), np.float64(-112.13715114749644), np.float64(-145.99572761328568), np.float64(52.614546454746375), np.float64(-1.5611564875098418), np.float64(34.399004163931096), np.float64(19.91671520973093), np.float64(-305.9914438122074)]}, 'sampler_perf': {'mean_raw_obs_processing_ms': np.float64(0.8299565228822154), 'mean_inference_ms': np.float64(2.6858514907224724), 'mean_action_processing_ms': np.float64(0.10334269144157937), 'mean_env_wait_ms': np.float64(6.061248614737372), 'mean_env_render_ms': np.float64(0.0)}, 'num_faulty_episodes': 0, 'connector_metrics': {'ObsPreprocessorConnector_ms': np.float64(0.03752982030149366), 'StateBufferConnector_ms': np.float64(0.0036423323584384606), 'ViewRequirementAgentConnector_ms': np.float64(0.11741489660544474)}, 'num_episodes': 1, 'episode_return_max': np.float64(98.9118737658849), 'episode_return_min': np.float64(-2104.4038987762196), 'episode_return_mean': np.float64(-262.3498725799921), 'episodes_this_iter': 1}, 'num_healthy_workers': 1, 'actor_manager_num_outstanding_async_reqs': 0, 'num_remote_worker_restarts': 0, 'num_agent_steps_sampled': 13000, 'num_agent_steps_trained': 2944000, 'num_env_steps_sampled': 13000, 'num_env_steps_trained': 2944000, 'num_env_steps_sampled_this_iter': 100, 'num_env_steps_trained_this_iter': 25600, 'num_env_steps_sampled_throughput_per_sec': 7.594435959716845, 'num_env_steps_trained_throughput_per_sec': 1944.1756056875124, 'timesteps_total': 13000, 'num_env_steps_sampled_lifetime': 13000, 'num_agent_steps_sampled_lifetime': 13000, 'num_steps_trained_this_iter': 25600, 'agent_timesteps_total': 13000, 'timers': {'training_iteration_time_ms': 13245.477, 'restore_workers_time_ms': 0.007, 'training_step_time_ms': 131.034, 'sample_time_ms': 23.933, 'load_time_ms': 5.159, 'load_throughput': 49624.346, 'learn_time_ms': 27.306, 'learn_throughput': 9375.308, 'synch_weights_time_ms': 8.573}, 'counters': {'num_env_steps_sampled': 13000, 'num_env_steps_trained': 2944000, 'num_agent_steps_sampled': 13000, 'num_agent_steps_trained': 2944000, 'last_target_update_ts': 13000, 'num_target_updates': 11500}, 'done': False, 'training_iteration': 130, 'trial_id': 'default', 'date': '2026-04-24_14-37-38', 'timestamp': 1777016258, 'time_this_iter_s': 13.196137189865112, 'time_total_s': 1568.4500448703766, 'pid': 54804, 'hostname': 'supawich-B760M-Pro-RS-D4', 'node_ip': '192.168.110.31', 'config': {'exploration_config': {'type': 'StochasticSampling'}, 'extra_python_environs_for_driver': {}, 'extra_python_environs_for_worker': {}, 'placement_strategy': 'PACK', 'num_gpus': 1, '_fake_gpus': False, 'num_cpus_for_main_process': 1, 'eager_tracing': True, 'eager_max_retraces': 20, 'tf_session_args': {'intra_op_parallelism_threads': 2, 'inter_op_parallelism_threads': 2, 'gpu_options': {'allow_growth': True}, 'log_device_placement': False, 'device_count': {'CPU': 1}, 'allow_soft_placement': True}, 'local_tf_session_args': {'intra_op_parallelism_threads': 8, 'inter_op_parallelism_threads': 8}, 'torch_compile_learner': False, 'torch_compile_learner_what_to_compile': <TorchCompileWhatToCompile.FORWARD_TRAIN: 'forward_train'>, 'torch_compile_learner_dynamo_backend': 'inductor', 'torch_compile_learner_dynamo_mode': None, 'torch_compile_worker': False, 'torch_compile_worker_dynamo_backend': 'onnxrt', 'torch_compile_worker_dynamo_mode': None, 'torch_ddp_kwargs': {}, 'torch_skip_nan_gradients': False, 'env': 'carla_gt_env', 'env_config': {'host': 'localhost', 'port': 2000}, 'observation_space': None, 'action_space': None, 'clip_rewards': None, 'normalize_actions': True, 'clip_actions': False, '_is_atari': None, 'disable_env_checking': False, 'render_env': False, 'action_mask_key': 'action_mask', 'env_runner_cls': None, 'num_env_runners': 1, 'create_local_env_runner': True, 'num_envs_per_env_runner': 1, 'gym_env_vectorize_mode': 'sync', 'num_cpus_per_env_runner': 1, 'num_gpus_per_env_runner': 0, 'custom_resources_per_env_runner': {}, 'validate_env_runners_after_construction': True, 'episodes_to_numpy': True, 'max_requests_in_flight_per_env_runner': 1, 'sample_timeout_s': 60.0, '_env_to_module_connector': None, 'add_default_connectors_to_env_to_module_pipeline': True, '_module_to_env_connector': None, 'add_default_connectors_to_module_to_env_pipeline': True, 'merge_env_runner_states': 'training_only', 'broadcast_env_runner_states': True, 'episode_lookback_horizon': 1, 'rollout_fragment_length': 'auto', 'batch_mode': 'truncate_episodes', 'compress_observations': False, 'remote_worker_envs': False, 'remote_env_batch_wait_ms': 0, 'enable_tf1_exec_eagerly': False, 'sample_collector': <class 'ray.rllib.evaluation.collectors.simple_list_collector.SimpleListCollector'>, 'preprocessor_pref': 'deepmind', 'observation_filter': 'NoFilter', 'update_worker_filter_stats': True, 'use_worker_filter_stats': True, 'sampler_perf_stats_ema_coef': None, '_is_online': True, 'num_learners': 0, 'num_gpus_per_learner': 0, 'num_cpus_per_learner': 'auto', 'num_aggregator_actors_per_learner': 0, 'max_requests_in_flight_per_aggregator_actor': 3, 'local_gpu_idx': 0, 'max_requests_in_flight_per_learner': 3, 'gamma': 0.99, 'lr': None, 'grad_clip': None, 'grad_clip_by': 'global_norm', '_train_batch_size_per_learner': 256, 'train_batch_size': 256, 'num_epochs': 1, 'minibatch_size': None, 'shuffle_batch_per_epoch': False, 'model': {'fcnet_hiddens': [256, 256], 'fcnet_activation': 'tanh', 'fcnet_weights_initializer': None, 'fcnet_weights_initializer_config': None, 'fcnet_bias_initializer': None, 'fcnet_bias_initializer_config': None, 'conv_filters': None, 'conv_activation': 'relu', 'conv_kernel_initializer': None, 'conv_kernel_initializer_config': None, 'conv_bias_initializer': None, 'conv_bias_initializer_config': None, 'conv_transpose_kernel_initializer': None, 'conv_transpose_kernel_initializer_config': None, 'conv_transpose_bias_initializer': None, 'conv_transpose_bias_initializer_config': None, 'post_fcnet_hiddens': [], 'post_fcnet_activation': 'relu', 'post_fcnet_weights_initializer': None, 'post_fcnet_weights_initializer_config': None, 'post_fcnet_bias_initializer': None, 'post_fcnet_bias_initializer_config': None, 'free_log_std': False, 'log_std_clip_param': 20.0, 'no_final_linear': False, 'vf_share_layers': True, 'use_lstm': False, 'max_seq_len': 20, 'lstm_cell_size': 256, 'lstm_use_prev_action': False, 'lstm_use_prev_reward': False, 'lstm_weights_initializer': None, 'lstm_weights_initializer_config': None, 'lstm_bias_initializer': None, 'lstm_bias_initializer_config': None, '_time_major': False, 'use_attention': False, 'attention_num_transformer_units': 1, 'attention_dim': 64, 'attention_num_heads': 1, 'attention_head_dim': 32, 'attention_memory_inference': 50, 'attention_memory_training': 50, 'attention_position_wise_mlp_dim': 32, 'attention_init_gru_gate_bias': 2.0, 'attention_use_n_prev_actions': 0, 'attention_use_n_prev_rewards': 0, 'framestack': True, 'dim': 84, 'grayscale': False, 'zero_mean': True, 'custom_model': None, 'custom_model_config': {}, 'custom_action_dist': None, 'custom_preprocessor': None, 'encoder_latent_dim': None, 'always_check_shapes': False, 'lstm_use_prev_action_reward': -1, '_use_default_native_models': -1, '_disable_preprocessor_api': False, '_disable_action_flattening': False}, '_learner_connector': None, 'add_default_connectors_to_learner_pipeline': True, 'learner_config_dict': {}, 'optimizer': {}, '_learner_class': None, 'callbacks_on_algorithm_init': None, 'callbacks_on_env_runners_recreated': None, 'callbacks_on_offline_eval_runners_recreated': None, 'callbacks_on_checkpoint_loaded': None, 'callbacks_on_environment_created': None, 'callbacks_on_episode_created': None, 'callbacks_on_episode_start': None, 'callbacks_on_episode_step': None, 'callbacks_on_episode_end': None, 'callbacks_on_evaluate_start': None, 'callbacks_on_evaluate_end': None, 'callbacks_on_evaluate_offline_start': None, 'callbacks_on_evaluate_offline_end': None, 'callbacks_on_sample_end': None, 'callbacks_on_train_result': None, 'explore': True, 'enable_rl_module_and_learner': False, 'enable_env_runner_and_connector_v2': False, '_prior_exploration_config': None, 'count_steps_by': 'env_steps', 'policy_map_capacity': 100, 'policy_mapping_fn': <function AlgorithmConfig.DEFAULT_POLICY_MAPPING_FN at 0x7c3f0e248cc0>, 'policies_to_train': None, 'policy_states_are_swappable': False, 'observation_fn': None, 'offline_data_class': None, 'input_read_method': 'read_parquet', 'input_read_method_kwargs': {}, 'input_read_schema': {}, 'input_read_episodes': False, 'input_read_sample_batches': False, 'input_read_batch_size': None, 'input_filesystem': None, 'input_filesystem_kwargs': {}, 'input_compress_columns': ['obs', 'new_obs'], 'input_spaces_jsonable': True, 'materialize_data': False, 'materialize_mapped_data': True, 'map_batches_kwargs': {}, 'iter_batches_kwargs': {}, 'ignore_final_observation': False, 'prelearner_class': None, 'prelearner_buffer_class': None, 'prelearner_buffer_kwargs': {}, 'prelearner_module_synch_period': 10, 'prelearner_use_recorded_module_states': False, 'dataset_num_iters_per_learner': None, 'input_config': {}, 'actions_in_input_normalized': False, 'postprocess_inputs': False, 'shuffle_buffer_size': 0, 'output': None, 'output_config': {}, 'output_compress_columns': ['obs', 'new_obs'], 'output_max_file_size': 67108864, 'output_max_rows_per_file': None, 'output_write_remaining_data': False, 'output_write_method': 'write_parquet', 'output_write_method_kwargs': {}, 'output_filesystem': None, 'output_filesystem_kwargs': {}, 'output_write_episodes': True, 'offline_sampling': False, 'evaluation_interval': None, 'evaluation_duration': 10, 'evaluation_duration_unit': 'episodes', 'evaluation_sample_timeout_s': 120.0, 'evaluation_auto_duration_min_env_steps_per_sample': 100, 'evaluation_auto_duration_max_env_steps_per_sample': 2000, 'evaluation_parallel_to_training': False, 'evaluation_force_reset_envs_before_iteration': True, 'evaluation_config': None, 'off_policy_estimation_methods': {}, 'ope_split_batch_by_episode': True, 'evaluation_num_env_runners': 0, 'in_evaluation': False, 'sync_filters_on_rollout_workers_timeout_s': 10.0, 'offline_evaluation_interval': None, 'num_offline_eval_runners': 0, 'offline_evaluation_type': 'eval_loss', 'offline_eval_runner_class': None, 'offline_loss_for_module_fn': None, 'offline_evaluation_duration': 1, 'offline_evaluation_parallel_to_training': False, 'offline_evaluation_timeout_s': 120.0, 'num_cpus_per_offline_eval_runner': 1, 'num_gpus_per_offline_eval_runner': 0, 'custom_resources_per_offline_eval_runner': {}, 'restart_failed_offline_eval_runners': True, 'ignore_offline_eval_runner_failures': False, 'max_num_offline_eval_runner_restarts': 1000, 'offline_eval_runner_restore_timeout_s': 1800.0, 'max_requests_in_flight_per_offline_eval_runner': 1, 'validate_offline_eval_runners_after_construction': True, 'offline_eval_runner_health_probe_timeout_s': 30.0, 'offline_eval_rl_module_inference_only': False, 'broadcast_offline_eval_runner_states': False, 'offline_eval_batch_size_per_runner': 256, 'dataset_num_iters_per_eval_runner': 1, 'keep_per_episode_custom_metrics': False, 'metrics_episode_collection_timeout_s': 60.0, 'metrics_num_episodes_for_smoothing': 100, 'min_time_s_per_iteration': 1, 'min_train_timesteps_per_iteration': 0, 'min_sample_timesteps_per_iteration': 100, 'log_gradients': False, 'stats_cls_lookup': {'mean': <class 'ray.rllib.utils.metrics.stats.mean.MeanStats'>, 'ema': <class 'ray.rllib.utils.metrics.stats.ema.EmaStats'>, 'min': <class 'ray.rllib.utils.metrics.stats.min.MinStats'>, 'max': <class 'ray.rllib.utils.metrics.stats.max.MaxStats'>, 'sum': <class 'ray.rllib.utils.metrics.stats.sum.SumStats'>, 'lifetime_sum': <class 'ray.rllib.utils.metrics.stats.lifetime_sum.LifetimeSumStats'>, 'percentiles': <class 'ray.rllib.utils.metrics.stats.percentiles.PercentilesStats'>, 'item': <class 'ray.rllib.utils.metrics.stats.item.ItemStats'>, 'item_series': <class 'ray.rllib.utils.metrics.stats.item_series.ItemSeriesStats'>}, 'export_native_model_files': False, 'checkpoint_trainable_policies_only': False, 'logger_creator': None, 'logger_config': None, 'log_level': 'WARN', 'log_sys_usage': True, 'fake_sampler': False, 'seed': 42, 'restart_failed_env_runners': True, 'ignore_env_runner_failures': True, 'max_num_env_runner_restarts': 1000, 'delay_between_env_runner_restarts_s': 60.0, 'restart_failed_sub_environments': False, 'num_consecutive_env_runner_failures_tolerance': 100, 'env_runner_health_probe_timeout_s': 30.0, 'env_runner_restore_timeout_s': 1800.0, '_model_config': {}, '_rl_module_spec': None, 'algorithm_config_overrides_per_module': {}, '_per_module_overrides': {}, '_validate_config': True, '_use_msgpack_checkpoints': False, '_torch_grad_scaler_class': None, '_torch_lr_scheduler_classes': None, '_tf_policy_handles_more_than_one_loss': False, '_disable_preprocessor_api': False, '_disable_action_flattening': False, '_disable_initialize_loss_from_dummy_batch': False, '_dont_auto_sync_env_runner_states': False, 'env_task_fn': -1, 'enable_connectors': -1, 'simple_optimizer': False, 'policy_map_cache': -1, 'worker_cls': -1, 'synchronize_filters': -1, 'enable_async_evaluation': -1, 'custom_async_evaluation_function': -1, '_enable_rl_module_api': -1, 'auto_wrap_old_gym_envs': -1, 'always_attach_evaluation_results': -1, 'replay_sequence_length': None, '_disable_execution_plan_api': -1, 'twin_q': True, 'q_model_config': {'fcnet_hiddens': [256, 256], 'fcnet_activation': 'relu', 'post_fcnet_hiddens': [], 'post_fcnet_activation': None, 'custom_model': None, 'custom_model_config': {}}, 'policy_model_config': {'fcnet_hiddens': [256, 256], 'fcnet_activation': 'relu', 'post_fcnet_hiddens': [], 'post_fcnet_activation': None, 'custom_model': None, 'custom_model_config': {}}, 'tau': 0.005, 'initial_alpha': 1.0, 'target_entropy': 'auto', 'n_step': 1, 'replay_buffer_config': {'type': 'MultiAgentReplayBuffer', 'capacity': 25000}, 'store_buffer_in_checkpoints': False, 'training_intensity': None, 'optimization': {'actor_learning_rate': 0.0003, 'critic_learning_rate': 0.0003, 'entropy_learning_rate': 0.0003}, 'actor_lr': 0.0003, 'critic_lr': 0.0003, 'alpha_lr': 0.0003, 'target_network_update_freq': 0, 'num_steps_sampled_before_learning_starts': 1500, '_deterministic_loss': False, '_use_beta_distribution': False, 'use_state_preprocessor': -1, 'worker_side_prioritization': -1, 'class': <class 'ray.rllib.algorithms.sac.sac.SACConfig'>, 'input': 'sampler', 'policies': {'default_policy': (None, None, None, None)}, 'callbacks': <class 'ray.rllib.callbacks.callbacks.RLlibCallback'>, 'create_env_on_driver': False, 'custom_eval_function': None, 'framework': 'torch'}, 'time_since_restore': 1568.4500448703766, 'iterations_since_restore': 130, 'perf': {'cpu_util_percent': np.float64(23.815789473684212), 'ram_util_percent': np.float64(63.800000000000004)}})
[36m(RolloutWorker pid=55171)[0m [EpisodeRecorder] episode end (terminated=True truncated=False) frames_written=0
[36m(RolloutWorker pid=55171)[0m [CarlaEnv] Spawned ego id=213 at sp_idx=128 (32.3,130.5) (attempt 1)
[36m(RolloutWorker pid=55171)[0m [EpisodeRecorder] episode end (terminated=True truncated=False) frames_written=0
[36m(RolloutWorker pid=55171)[0m [CarlaEnv] Spawned ego id=215 at sp_idx=16 (-54.3,137.1) (attempt 1)
[36m(RolloutWorker pid=55171)[0m [EpisodeRecorder] episode end (terminated=True truncated=False) frames_written=0
[36m(RolloutWorker pid=55171)[0m [CarlaEnv] Spawned ego id=217 at sp_idx=37 (79.1,69.8) (attempt 1)
iter=131 R=-245.5 len=205 eps=3 steps=13100
[36m(RolloutWorker pid=55171)[0m [EpisodeRecorder] episode end (terminated=True truncated=False) frames_written=0
[36m(RolloutWorker pid=55171)[0m [CarlaEnv] Spawned ego id=219 at sp_idx=57 (17.1,28.1) (attempt 1)
[36m(RolloutWorker pid=55171)[0m [EpisodeRecorder] recording episode 65 -> artifacts/episodes/ep_00065.mp4
[36m(RolloutWorker pid=55171)[0m [EpisodeRecorder] append failed: All images in a movie should have same size
[36m(RolloutWorker pid=55171)[0m [EpisodeRecorder] episode end (terminated=True truncated=False) frames_written=1
[36m(RolloutWorker pid=55171)[0m [EpisodeRecorder] finalized artifacts/episodes/ep_00065.mp4 (1715 bytes, 1 frames)
[36m(RolloutWorker pid=55171)[0m [CarlaEnv] Spawned ego id=222 at sp_idx=4 (-103.2,-14.4) (attempt 1)
iter=132 R=-236.9 len=200 eps=2 steps=13200
[36m(RolloutWorker pid=55171)[0m [EpisodeRecorder] episode end (terminated=True truncated=False) frames_written=0
[36m(RolloutWorker pid=55171)[0m [CarlaEnv] Spawned ego id=224 at sp_idx=57 (17.1,28.1) (attempt 1)
[36m(RolloutWorker pid=55171)[0m [EpisodeRecorder] episode end (terminated=True truncated=False) frames_written=0
[36m(RolloutWorker pid=55171)[0m [CarlaEnv] Spawned ego id=226 at sp_idx=117 (80.3,16.9) (attempt 1)
iter=133 R=-228.9 len=195 eps=2 steps=13300
[36m(RolloutWorker pid=55171)[0m [EpisodeRecorder] episode end (terminated=True truncated=False) frames_written=0
[36m(RolloutWorker pid=55171)[0m [CarlaEnv] Spawned ego id=228 at sp_idx=140 (-41.7,-41.4) (attempt 1)
iter=134 R=-224.9 len=193 eps=1 steps=13400
[36m(RolloutWorker pid=55171)[0m [EpisodeRecorder] episode end (terminated=True truncated=False) frames_written=0
[36m(RolloutWorker pid=55171)[0m [CarlaEnv] Spawned ego id=230 at sp_idx=62 (106.5,-21.6) (attempt 1)
[36m(RolloutWorker pid=55171)[0m [EpisodeRecorder] recording episode 70 -> artifacts/episodes/ep_00070.mp4
[36m(RolloutWorker pid=55171)[0m [EpisodeRecorder] append failed: All images in a movie should have same size
[36m(RolloutWorker pid=55171)[0m [EpisodeRecorder] episode end (terminated=True truncated=False) frames_written=1
[36m(RolloutWorker pid=55171)[0m [EpisodeRecorder] finalized artifacts/episodes/ep_00070.mp4 (1947 bytes, 1 frames)
[36m(RolloutWorker pid=55171)[0m [CarlaEnv] Spawned ego id=233 at sp_idx=8 (-111.1,72.9) (attempt 1)
iter=135 R=-219.3 len=190 eps=2 steps=13500
[36m(RolloutWorker pid=55171)[0m [EpisodeRecorder] episode end (terminated=True truncated=False) frames_written=0
[36m(RolloutWorker pid=55171)[0m [CarlaEnv] Spawned ego id=235 at sp_idx=84 (52.8,69.8) (attempt 1)
[36m(RolloutWorker pid=55171)[0m [EpisodeRecorder] episode end (terminated=True truncated=False) frames_written=0
[36m(RolloutWorker pid=55171)[0m [CarlaEnv] Spawned ego id=237 at sp_idx=141 (-45.2,-36.5) (attempt 1)
iter=136 R=-216.6 len=186 eps=2 steps=13600
[36m(RolloutWorker pid=55171)[0m [EpisodeRecorder] episode end (terminated=True truncated=False) frames_written=0
[36m(RolloutWorker pid=55171)[0m [CarlaEnv] Spawned ego id=239 at sp_idx=121 (-64.6,-65.2) (attempt 1)
iter=137 R=-214.3 len=185 eps=1 steps=13700
[36m(RolloutWorker pid=55171)[0m [EpisodeRecorder] episode end (terminated=True truncated=False) frames_written=0
[36m(RolloutWorker pid=55171)[0m [CarlaEnv] Spawned ego id=241 at sp_idx=121 (-64.6,-65.2) (attempt 1)
[36m(RolloutWorker pid=55171)[0m [EpisodeRecorder] recording episode 75 -> artifacts/episodes/ep_00075.mp4
[36m(RolloutWorker pid=55171)[0m [EpisodeRecorder] append failed: All images in a movie should have same size
[36m(RolloutWorker pid=55171)[0m [EpisodeRecorder] episode end (terminated=True truncated=False) frames_written=1
[36m(RolloutWorker pid=55171)[0m [EpisodeRecorder] finalized artifacts/episodes/ep_00075.mp4 (1968 bytes, 1 frames)
[36m(RolloutWorker pid=55171)[0m [CarlaEnv] Spawned ego id=244 at sp_idx=152 (57.6,-67.8) (attempt 1)
iter=138 R=-207.3 len=181 eps=2 steps=13800
[36m(RolloutWorker pid=55171)[0m [EpisodeRecorder] episode end (terminated=True truncated=False) frames_written=0
[36m(RolloutWorker pid=55171)[0m [CarlaEnv] Spawned ego id=246 at sp_idx=126 (-52.1,-40.2) (attempt 1)
[36m(RolloutWorker pid=55171)[0m [EpisodeRecorder] episode end (terminated=True truncated=False) frames_written=0
[36m(RolloutWorker pid=55171)[0m [CarlaEnv] Spawned ego id=248 at sp_idx=8 (-111.1,72.9) (attempt 1)
iter=139 R=-203.3 len=178 eps=2 steps=13900
[36m(RolloutWorker pid=55171)[0m [EpisodeRecorder] episode end (terminated=True truncated=False) frames_written=0
[36m(RolloutWorker pid=55171)[0m [CarlaEnv] Spawned ego id=250 at sp_idx=6 (-111.0,59.7) (attempt 1)
[36m(RolloutWorker pid=55171)[0m [EpisodeRecorder] episode end (terminated=True truncated=False) frames_written=0
[36m(RolloutWorker pid=55171)[0m [CarlaEnv] Spawned ego id=252 at sp_idx=109 (-67.0,-68.7) (attempt 1)
[36m(RolloutWorker pid=55171)[0m [EpisodeRecorder] recording episode 80 -> artifacts/episodes/ep_00080.mp4
[36m(RolloutWorker pid=55171)[0m [EpisodeRecorder] append failed: All images in a movie should have same size
iter=140 R=-195.9 len=175 eps=2 steps=14000
  checkpoint saved: TrainingResult(checkpoint=Checkpoint(filesystem=local, path=./checkpoints/gt), metrics={'custom_metrics': {}, 'episode_media': {}, 'info': {'learner': {'default_policy': {'custom_metrics': {}, 'learner_stats': {'actor_loss': np.float64(46.579551696777344), 'critic_loss': np.float64(1.495835304260254), 'alpha_loss': np.float64(1.2293663024902344), 'alpha_value': np.float32(0.03811978), 'log_alpha_value': np.float32(-3.267022), 'target_entropy': np.float32(-3.0), 'policy_t': np.float64(0.2519165873527527), 'mean_q': np.float64(-46.59143829345703), 'max_q': np.float64(1.3451504707336426), 'min_q': np.float64(-169.63446044921875)}, 'model': {}, 'num_grad_updates_lifetime': np.float64(12500.0), 'diff_num_grad_updates_vs_sampler_policy': np.float64(12499.0), 'td_error': array([1.64888382e-01, 2.77412415e-01, 1.30977631e-01, 7.69557953e-02,
       1.24128485e+00, 7.37377167e-01, 1.48559570e-01, 9.17167664e-02,
       2.02739525e+00, 1.52068520e+00, 1.25341415e-01, 7.04555511e-02,
       9.20448303e-01, 5.53834915e-01, 5.86622696e+01, 9.25470352e-01,
       1.20546654e+02, 2.50434875e-01, 1.16658640e+00, 1.26220703e-01,
       8.23976517e-01, 2.26570129e-01, 2.27525711e-01, 2.45546341e-01,
       3.11183929e-01, 3.01147461e-01, 9.96915817e-01, 2.71228790e-01,
       4.67483521e-01, 9.20648575e-01, 4.22740936e-01, 1.04316711e+00,
       5.31476021e-01, 8.41495132e+00, 1.27258301e-01, 1.40211105e-01,
       3.09940338e-01, 7.35464668e+00, 3.69849634e+00, 8.03155899e-01,
       2.47529984e-01, 1.98736191e-01, 8.20552826e-01, 1.15699768e-01,
       6.62120819e-01, 4.34352875e-01, 6.57997131e-02, 8.33671570e-01,
       2.18021393e-01, 4.00171280e-01, 2.32202530e-01, 1.13973618e-01,
       1.00109768e+00, 1.03784561e-01, 2.30862617e-01, 3.11183929e-01,
       7.81803131e-02, 1.08851051e+00, 1.46953392e+00, 4.33429718e-01,
       3.87084007e-01, 2.10800171e-01, 1.19832516e+00, 1.06984177e+01,
       2.36132336e+00, 1.72849655e+00, 3.25662613e-01, 1.85756683e-01,
       1.09960556e-01, 1.44959211e-01, 5.15832901e-01, 2.84049511e+00,
       1.03860474e+00, 6.75889969e-01, 3.02974701e-01, 1.06462479e-01,
       5.78968048e-01, 1.33591652e-01, 7.09428787e-01, 1.84879303e-01,
       2.02796936e-01, 2.56351471e-01, 8.61562729e-01, 6.71279907e-01,
       2.11029053e-02, 1.73507690e-01, 1.22344971e-01, 3.70852852e+00,
       7.95850754e-01, 2.32582092e-01, 7.79266357e-02, 2.64767122e+00,
       9.20431137e-01, 2.43291855e-01, 2.75890350e-01, 6.77783012e-01,
       3.74972343e-01, 4.82963562e-01, 1.74895859e+00, 1.70974064e+00,
       7.74817944e-01, 5.42680740e-01, 3.53330612e-01, 4.08941317e+00,
       4.41759109e-01, 9.62507248e-01, 2.25828123e+00, 3.07061195e-01,
       1.89601898e-01, 1.31307602e-01, 1.48960018e+00, 2.34786797e+00,
       7.49683380e-02, 3.96820068e-01, 1.23800278e-01, 3.07946205e+00,
       2.19710350e-01, 2.07588673e+00, 7.77538300e-01, 3.51448059e-01,
       7.36015320e-01, 1.08198166e-01, 1.12702560e+00, 3.00962448e-01,
       1.12360239e+00, 3.61080170e-01, 1.69809341e-01, 3.36431503e-01,
       2.03732109e+00, 3.49601936e+00, 9.20715332e-02, 9.10702944e-01,
       2.11483002e-01, 5.52692413e-02, 1.24336243e+00, 1.65889740e-01,
       1.65349770e+00, 1.55166626e-01, 1.70259190e+00, 1.72769547e-01,
       1.67961121e-01, 1.88751602e+00, 8.41459274e-01, 2.27206993e+00,
       3.56811523e-01, 1.33023262e-01, 1.12892151e-01, 1.03774548e+00,
       5.40784478e-01, 8.32585335e-01, 4.74755287e-01, 4.49060440e-01,
       2.85439873e+00, 1.32562447e+00, 3.57444763e-01, 1.66246414e-01,
       2.89658642e+00, 3.06892395e-01, 2.54516602e-01, 1.19763565e+00,
       2.02705383e-01, 7.29555130e-01, 1.17031097e-01, 2.46309280e-01,
       1.34241676e+00, 5.97249985e-01, 3.82843018e-02, 7.84816742e-02,
       1.49963856e+00, 5.20218239e+01, 1.97040558e-01, 2.09979820e+00,
       6.29401207e-01, 2.03964233e-01, 1.40234756e+00, 7.82918358e+00,
       5.86800098e-01, 2.84149170e-01, 2.91196823e-01, 1.12459183e-01,
       2.99177170e-01, 6.96152925e-01, 4.25251007e-01, 2.51827621e+00,
       2.01400757e-01, 1.81725025e+00, 1.46743774e+00, 9.95174408e-01,
       1.18583679e-01, 1.60940170e-01, 6.31798506e-01, 7.22488403e-01,
       1.31576729e+00, 1.92494774e+00, 3.82190704e-01, 4.34196472e-01,
       6.13861084e-02, 2.05071068e+00, 3.79396439e-01, 5.16117096e-01,
       1.46659851e-01, 9.94682312e-02, 2.30062485e-01, 6.24948502e-01,
       8.22410583e-02, 3.41461658e-01, 1.61401606e+00, 1.30687714e-01,
       9.54341888e-02, 1.28956223e+00, 2.26648331e-01, 1.78556728e+00,
       1.74816513e+00, 1.59431458e-01, 1.47123337e-01, 2.41012573e-01,
       8.04077148e-01, 3.37753296e-02, 1.05569267e+00, 2.93565750e-01,
       1.72067642e+00, 1.75105858e+00, 2.55342484e-01, 2.98778629e+00,
       1.69298935e+01, 1.63496542e+00, 3.96013260e-01, 4.42245483e-01,
       5.62284470e-01, 2.72787094e-01, 1.90471649e-01, 3.83831024e-01,
       6.56768799e-01, 3.07096481e-01, 1.07662487e+00, 6.70091629e-01,
       1.92954826e+00, 8.67252350e-02, 5.97607613e-01, 1.91814423e-01,
       2.87158966e-01, 2.50104904e-01, 4.52671051e-01, 3.78161430e-01,
       6.82811737e-01, 7.27838516e-01, 8.85899544e-01, 6.46524429e-01,
       2.72939682e-01, 3.40183258e-01, 1.77928925e-01, 4.17503357e-01,
       4.91893768e-01, 8.69407654e-02, 6.89392090e-02, 7.52298355e-01],
      dtype=float32), 'mean_td_error': np.float64(1.8025810718536377)}}, 'num_env_steps_sampled': 14000, 'num_env_steps_trained': 3200000, 'num_agent_steps_sampled': 14000, 'num_agent_steps_trained': 3200000, 'last_target_update_ts': 14000, 'num_target_updates': 12500}, 'env_runners': {'episode_reward_max': np.float64(111.71475269830137), 'episode_reward_min': np.float64(-2104.4038987762196), 'episode_reward_mean': np.float64(-195.94067627807416), 'episode_len_mean': np.float64(174.75), 'episode_media': {}, 'episodes_timesteps_total': 13980, 'policy_reward_min': {'default_policy': np.float64(-2104.4038987762196)}, 'policy_reward_max': {'default_policy': np.float64(111.71475269830137)}, 'policy_reward_mean': {'default_policy': np.float64(-195.94067627807416)}, 'custom_metrics': {}, 'hist_stats': {'episode_reward': [np.float64(-1718.3458937847283), np.float64(-1782.7266933977005), np.float64(-2104.4038987762196), np.float64(-1766.1730804221183), np.float64(-1727.5394835626018), np.float64(-1781.6203710948466), np.float64(-192.38392545077), np.float64(-1590.4878602307615), np.float64(-534.8482516852024), np.float64(-470.6564135257046), np.float64(-244.8575620729081), np.float64(-150.81344794725595), np.float64(-410.68930701357783), np.float64(-101.46301670085873), np.float64(-126.58123696878648), np.float64(-284.0476866541365), np.float64(-7.33299380107993), np.float64(-90.7774064315918), np.float64(-67.16296549776257), np.float64(-55.27535185717099), np.float64(-102.01207659977958), np.float64(-86.33484753069744), np.float64(-93.58923504661026), np.float64(-16.252214088040624), np.float64(8.327454308622986), np.float64(45.70551240683479), np.float64(-190.88174514343973), np.float64(55.24134254250255), np.float64(-116.65505527781768), np.float64(77.87263600274736), np.float64(7.330390181607153), np.float64(29.60862676306957), np.float64(16.829542334336058), np.float64(22.68812735457366), np.float64(-26.55466030204878), np.float64(25.503173257732175), np.float64(64.42742434206286), np.float64(-141.48744136700918), np.float64(86.75803332201498), np.float64(93.62359648147998), np.float64(43.72300219394371), np.float64(18.151846345918727), np.float64(-3.110031115695913), np.float64(-131.17053904135935), np.float64(63.96564201926956), np.float64(64.81171212874601), np.float64(-129.6404854337407), np.float64(23.835056263505628), np.float64(76.12532876940891), np.float64(86.09566564881014), np.float64(29.93444102154405), np.float64(-165.41380311238566), np.float64(98.9118737658849), np.float64(-172.76846066763613), np.float64(-112.13715114749644), np.float64(-145.99572761328568), np.float64(52.614546454746375), np.float64(-1.5611564875098418), np.float64(34.399004163931096), np.float64(19.91671520973093), np.float64(-305.9914438122074), np.float64(76.08470739802897), np.float64(103.73441415768166), np.float64(111.71475269830137), np.float64(73.56444496310837), np.float64(3.383164563824323), np.float64(69.20745959662777), np.float64(3.000754432228819), np.float64(44.82389226103675), np.float64(-125.55560816087053), np.float64(76.17926912080338), np.float64(-100.70132831781513), np.float64(-144.21202385611946), np.float64(-49.60541126294402), np.float64(54.83441672644993), np.float64(55.308307845135026), np.float64(-142.00263595374958), np.float64(33.34093068569441), np.float64(93.26261409115446), np.float64(91.72600414500998)], 'episode_lengths': [1000, 1000, 1000, 1000, 1000, 1000, 181, 1000, 453, 274, 284, 246, 191, 117, 177, 257, 60, 183, 149, 141, 168, 154, 183, 119, 107, 86, 89, 82, 58, 62, 89, 82, 52, 56, 74, 53, 62, 66, 59, 49, 70, 64, 43, 55, 64, 59, 59, 70, 48, 54, 54, 94, 64, 69, 135, 77, 59, 121, 57, 58, 120, 49, 42, 50, 45, 44, 53, 45, 55, 106, 49, 50, 46, 84, 55, 53, 46, 45, 56, 50], 'policy_default_policy_reward': [np.float64(-1718.3458937847283), np.float64(-1782.7266933977005), np.float64(-2104.4038987762196), np.float64(-1766.1730804221183), np.float64(-1727.5394835626018), np.float64(-1781.6203710948466), np.float64(-192.38392545077), np.float64(-1590.4878602307615), np.float64(-534.8482516852024), np.float64(-470.6564135257046), np.float64(-244.8575620729081), np.float64(-150.81344794725595), np.float64(-410.68930701357783), np.float64(-101.46301670085873), np.float64(-126.58123696878648), np.float64(-284.0476866541365), np.float64(-7.33299380107993), np.float64(-90.7774064315918), np.float64(-67.16296549776257), np.float64(-55.27535185717099), np.float64(-102.01207659977958), np.float64(-86.33484753069744), np.float64(-93.58923504661026), np.float64(-16.252214088040624), np.float64(8.327454308622986), np.float64(45.70551240683479), np.float64(-190.88174514343973), np.float64(55.24134254250255), np.float64(-116.65505527781768), np.float64(77.87263600274736), np.float64(7.330390181607153), np.float64(29.60862676306957), np.float64(16.829542334336058), np.float64(22.68812735457366), np.float64(-26.55466030204878), np.float64(25.503173257732175), np.float64(64.42742434206286), np.float64(-141.48744136700918), np.float64(86.75803332201498), np.float64(93.62359648147998), np.float64(43.72300219394371), np.float64(18.151846345918727), np.float64(-3.110031115695913), np.float64(-131.17053904135935), np.float64(63.96564201926956), np.float64(64.81171212874601), np.float64(-129.6404854337407), np.float64(23.835056263505628), np.float64(76.12532876940891), np.float64(86.09566564881014), np.float64(29.93444102154405), np.float64(-165.41380311238566), np.float64(98.9118737658849), np.float64(-172.76846066763613), np.float64(-112.13715114749644), np.float64(-145.99572761328568), np.float64(52.614546454746375), np.float64(-1.5611564875098418), np.float64(34.399004163931096), np.float64(19.91671520973093), np.float64(-305.9914438122074), np.float64(76.08470739802897), np.float64(103.73441415768166), np.float64(111.71475269830137), np.float64(73.56444496310837), np.float64(3.383164563824323), np.float64(69.20745959662777), np.float64(3.000754432228819), np.float64(44.82389226103675), np.float64(-125.55560816087053), np.float64(76.17926912080338), np.float64(-100.70132831781513), np.float64(-144.21202385611946), np.float64(-49.60541126294402), np.float64(54.83441672644993), np.float64(55.308307845135026), np.float64(-142.00263595374958), np.float64(33.34093068569441), np.float64(93.26261409115446), np.float64(91.72600414500998)]}, 'sampler_perf': {'mean_raw_obs_processing_ms': np.float64(0.8710806451008688), 'mean_inference_ms': np.float64(2.665321552421107), 'mean_action_processing_ms': np.float64(0.10266465253738515), 'mean_env_wait_ms': np.float64(5.804721666219772), 'mean_env_render_ms': np.float64(0.0)}, 'num_faulty_episodes': 0, 'connector_metrics': {'ObsPreprocessorConnector_ms': np.float64(0.03754079341888428), 'StateBufferConnector_ms': np.float64(0.003629922866821289), 'ViewRequirementAgentConnector_ms': np.float64(0.11672079563140869)}, 'num_episodes': 2, 'episode_return_max': np.float64(111.71475269830137), 'episode_return_min': np.float64(-2104.4038987762196), 'episode_return_mean': np.float64(-195.94067627807416), 'episodes_this_iter': 2}, 'num_healthy_workers': 1, 'actor_manager_num_outstanding_async_reqs': 0, 'num_remote_worker_restarts': 0, 'num_agent_steps_sampled': 14000, 'num_agent_steps_trained': 3200000, 'num_env_steps_sampled': 14000, 'num_env_steps_trained': 3200000, 'num_env_steps_sampled_this_iter': 100, 'num_env_steps_trained_this_iter': 25600, 'num_env_steps_sampled_throughput_per_sec': 7.449729074376974, 'num_env_steps_trained_throughput_per_sec': 1907.1306430405054, 'timesteps_total': 14000, 'num_env_steps_sampled_lifetime': 14000, 'num_agent_steps_sampled_lifetime': 14000, 'num_steps_trained_this_iter': 25600, 'agent_timesteps_total': 14000, 'timers': {'training_iteration_time_ms': 13379.112, 'restore_workers_time_ms': 0.006, 'training_step_time_ms': 131.49, 'sample_time_ms': 26.84, 'load_time_ms': 5.244, 'load_throughput': 48819.983, 'learn_time_ms': 26.835, 'learn_throughput': 9539.852, 'synch_weights_time_ms': 8.67}, 'counters': {'num_env_steps_sampled': 14000, 'num_env_steps_trained': 3200000, 'num_agent_steps_sampled': 14000, 'num_agent_steps_trained': 3200000, 'last_target_update_ts': 14000, 'num_target_updates': 12500}, 'done': False, 'training_iteration': 140, 'trial_id': 'default', 'date': '2026-04-24_14-39-52', 'timestamp': 1777016392, 'time_this_iter_s': 13.44744348526001, 'time_total_s': 1702.4200539588928, 'pid': 54804, 'hostname': 'supawich-B760M-Pro-RS-D4', 'node_ip': '192.168.110.31', 'config': {'exploration_config': {'type': 'StochasticSampling'}, 'extra_python_environs_for_driver': {}, 'extra_python_environs_for_worker': {}, 'placement_strategy': 'PACK', 'num_gpus': 1, '_fake_gpus': False, 'num_cpus_for_main_process': 1, 'eager_tracing': True, 'eager_max_retraces': 20, 'tf_session_args': {'intra_op_parallelism_threads': 2, 'inter_op_parallelism_threads': 2, 'gpu_options': {'allow_growth': True}, 'log_device_placement': False, 'device_count': {'CPU': 1}, 'allow_soft_placement': True}, 'local_tf_session_args': {'intra_op_parallelism_threads': 8, 'inter_op_parallelism_threads': 8}, 'torch_compile_learner': False, 'torch_compile_learner_what_to_compile': <TorchCompileWhatToCompile.FORWARD_TRAIN: 'forward_train'>, 'torch_compile_learner_dynamo_backend': 'inductor', 'torch_compile_learner_dynamo_mode': None, 'torch_compile_worker': False, 'torch_compile_worker_dynamo_backend': 'onnxrt', 'torch_compile_worker_dynamo_mode': None, 'torch_ddp_kwargs': {}, 'torch_skip_nan_gradients': False, 'env': 'carla_gt_env', 'env_config': {'host': 'localhost', 'port': 2000}, 'observation_space': None, 'action_space': None, 'clip_rewards': None, 'normalize_actions': True, 'clip_actions': False, '_is_atari': None, 'disable_env_checking': False, 'render_env': False, 'action_mask_key': 'action_mask', 'env_runner_cls': None, 'num_env_runners': 1, 'create_local_env_runner': True, 'num_envs_per_env_runner': 1, 'gym_env_vectorize_mode': 'sync', 'num_cpus_per_env_runner': 1, 'num_gpus_per_env_runner': 0, 'custom_resources_per_env_runner': {}, 'validate_env_runners_after_construction': True, 'episodes_to_numpy': True, 'max_requests_in_flight_per_env_runner': 1, 'sample_timeout_s': 60.0, '_env_to_module_connector': None, 'add_default_connectors_to_env_to_module_pipeline': True, '_module_to_env_connector': None, 'add_default_connectors_to_module_to_env_pipeline': True, 'merge_env_runner_states': 'training_only', 'broadcast_env_runner_states': True, 'episode_lookback_horizon': 1, 'rollout_fragment_length': 'auto', 'batch_mode': 'truncate_episodes', 'compress_observations': False, 'remote_worker_envs': False, 'remote_env_batch_wait_ms': 0, 'enable_tf1_exec_eagerly': False, 'sample_collector': <class 'ray.rllib.evaluation.collectors.simple_list_collector.SimpleListCollector'>, 'preprocessor_pref': 'deepmind', 'observation_filter': 'NoFilter', 'update_worker_filter_stats': True, 'use_worker_filter_stats': True, 'sampler_perf_stats_ema_coef': None, '_is_online': True, 'num_learners': 0, 'num_gpus_per_learner': 0, 'num_cpus_per_learner': 'auto', 'num_aggregator_actors_per_learner': 0, 'max_requests_in_flight_per_aggregator_actor': 3, 'local_gpu_idx': 0, 'max_requests_in_flight_per_learner': 3, 'gamma': 0.99, 'lr': None, 'grad_clip': None, 'grad_clip_by': 'global_norm', '_train_batch_size_per_learner': 256, 'train_batch_size': 256, 'num_epochs': 1, 'minibatch_size': None, 'shuffle_batch_per_epoch': False, 'model': {'fcnet_hiddens': [256, 256], 'fcnet_activation': 'tanh', 'fcnet_weights_initializer': None, 'fcnet_weights_initializer_config': None, 'fcnet_bias_initializer': None, 'fcnet_bias_initializer_config': None, 'conv_filters': None, 'conv_activation': 'relu', 'conv_kernel_initializer': None, 'conv_kernel_initializer_config': None, 'conv_bias_initializer': None, 'conv_bias_initializer_config': None, 'conv_transpose_kernel_initializer': None, 'conv_transpose_kernel_initializer_config': None, 'conv_transpose_bias_initializer': None, 'conv_transpose_bias_initializer_config': None, 'post_fcnet_hiddens': [], 'post_fcnet_activation': 'relu', 'post_fcnet_weights_initializer': None, 'post_fcnet_weights_initializer_config': None, 'post_fcnet_bias_initializer': None, 'post_fcnet_bias_initializer_config': None, 'free_log_std': False, 'log_std_clip_param': 20.0, 'no_final_linear': False, 'vf_share_layers': True, 'use_lstm': False, 'max_seq_len': 20, 'lstm_cell_size': 256, 'lstm_use_prev_action': False, 'lstm_use_prev_reward': False, 'lstm_weights_initializer': None, 'lstm_weights_initializer_config': None, 'lstm_bias_initializer': None, 'lstm_bias_initializer_config': None, '_time_major': False, 'use_attention': False, 'attention_num_transformer_units': 1, 'attention_dim': 64, 'attention_num_heads': 1, 'attention_head_dim': 32, 'attention_memory_inference': 50, 'attention_memory_training': 50, 'attention_position_wise_mlp_dim': 32, 'attention_init_gru_gate_bias': 2.0, 'attention_use_n_prev_actions': 0, 'attention_use_n_prev_rewards': 0, 'framestack': True, 'dim': 84, 'grayscale': False, 'zero_mean': True, 'custom_model': None, 'custom_model_config': {}, 'custom_action_dist': None, 'custom_preprocessor': None, 'encoder_latent_dim': None, 'always_check_shapes': False, 'lstm_use_prev_action_reward': -1, '_use_default_native_models': -1, '_disable_preprocessor_api': False, '_disable_action_flattening': False}, '_learner_connector': None, 'add_default_connectors_to_learner_pipeline': True, 'learner_config_dict': {}, 'optimizer': {}, '_learner_class': None, 'callbacks_on_algorithm_init': None, 'callbacks_on_env_runners_recreated': None, 'callbacks_on_offline_eval_runners_recreated': None, 'callbacks_on_checkpoint_loaded': None, 'callbacks_on_environment_created': None, 'callbacks_on_episode_created': None, 'callbacks_on_episode_start': None, 'callbacks_on_episode_step': None, 'callbacks_on_episode_end': None, 'callbacks_on_evaluate_start': None, 'callbacks_on_evaluate_end': None, 'callbacks_on_evaluate_offline_start': None, 'callbacks_on_evaluate_offline_end': None, 'callbacks_on_sample_end': None, 'callbacks_on_train_result': None, 'explore': True, 'enable_rl_module_and_learner': False, 'enable_env_runner_and_connector_v2': False, '_prior_exploration_config': None, 'count_steps_by': 'env_steps', 'policy_map_capacity': 100, 'policy_mapping_fn': <function AlgorithmConfig.DEFAULT_POLICY_MAPPING_FN at 0x7c3f0e248cc0>, 'policies_to_train': None, 'policy_states_are_swappable': False, 'observation_fn': None, 'offline_data_class': None, 'input_read_method': 'read_parquet', 'input_read_method_kwargs': {}, 'input_read_schema': {}, 'input_read_episodes': False, 'input_read_sample_batches': False, 'input_read_batch_size': None, 'input_filesystem': None, 'input_filesystem_kwargs': {}, 'input_compress_columns': ['obs', 'new_obs'], 'input_spaces_jsonable': True, 'materialize_data': False, 'materialize_mapped_data': True, 'map_batches_kwargs': {}, 'iter_batches_kwargs': {}, 'ignore_final_observation': False, 'prelearner_class': None, 'prelearner_buffer_class': None, 'prelearner_buffer_kwargs': {}, 'prelearner_module_synch_period': 10, 'prelearner_use_recorded_module_states': False, 'dataset_num_iters_per_learner': None, 'input_config': {}, 'actions_in_input_normalized': False, 'postprocess_inputs': False, 'shuffle_buffer_size': 0, 'output': None, 'output_config': {}, 'output_compress_columns': ['obs', 'new_obs'], 'output_max_file_size': 67108864, 'output_max_rows_per_file': None, 'output_write_remaining_data': False, 'output_write_method': 'write_parquet', 'output_write_method_kwargs': {}, 'output_filesystem': None, 'output_filesystem_kwargs': {}, 'output_write_episodes': True, 'offline_sampling': False, 'evaluation_interval': None, 'evaluation_duration': 10, 'evaluation_duration_unit': 'episodes', 'evaluation_sample_timeout_s': 120.0, 'evaluation_auto_duration_min_env_steps_per_sample': 100, 'evaluation_auto_duration_max_env_steps_per_sample': 2000, 'evaluation_parallel_to_training': False, 'evaluation_force_reset_envs_before_iteration': True, 'evaluation_config': None, 'off_policy_estimation_methods': {}, 'ope_split_batch_by_episode': True, 'evaluation_num_env_runners': 0, 'in_evaluation': False, 'sync_filters_on_rollout_workers_timeout_s': 10.0, 'offline_evaluation_interval': None, 'num_offline_eval_runners': 0, 'offline_evaluation_type': 'eval_loss', 'offline_eval_runner_class': None, 'offline_loss_for_module_fn': None, 'offline_evaluation_duration': 1, 'offline_evaluation_parallel_to_training': False, 'offline_evaluation_timeout_s': 120.0, 'num_cpus_per_offline_eval_runner': 1, 'num_gpus_per_offline_eval_runner': 0, 'custom_resources_per_offline_eval_runner': {}, 'restart_failed_offline_eval_runners': True, 'ignore_offline_eval_runner_failures': False, 'max_num_offline_eval_runner_restarts': 1000, 'offline_eval_runner_restore_timeout_s': 1800.0, 'max_requests_in_flight_per_offline_eval_runner': 1, 'validate_offline_eval_runners_after_construction': True, 'offline_eval_runner_health_probe_timeout_s': 30.0, 'offline_eval_rl_module_inference_only': False, 'broadcast_offline_eval_runner_states': False, 'offline_eval_batch_size_per_runner': 256, 'dataset_num_iters_per_eval_runner': 1, 'keep_per_episode_custom_metrics': False, 'metrics_episode_collection_timeout_s': 60.0, 'metrics_num_episodes_for_smoothing': 100, 'min_time_s_per_iteration': 1, 'min_train_timesteps_per_iteration': 0, 'min_sample_timesteps_per_iteration': 100, 'log_gradients': False, 'stats_cls_lookup': {'mean': <class 'ray.rllib.utils.metrics.stats.mean.MeanStats'>, 'ema': <class 'ray.rllib.utils.metrics.stats.ema.EmaStats'>, 'min': <class 'ray.rllib.utils.metrics.stats.min.MinStats'>, 'max': <class 'ray.rllib.utils.metrics.stats.max.MaxStats'>, 'sum': <class 'ray.rllib.utils.metrics.stats.sum.SumStats'>, 'lifetime_sum': <class 'ray.rllib.utils.metrics.stats.lifetime_sum.LifetimeSumStats'>, 'percentiles': <class 'ray.rllib.utils.metrics.stats.percentiles.PercentilesStats'>, 'item': <class 'ray.rllib.utils.metrics.stats.item.ItemStats'>, 'item_series': <class 'ray.rllib.utils.metrics.stats.item_series.ItemSeriesStats'>}, 'export_native_model_files': False, 'checkpoint_trainable_policies_only': False, 'logger_creator': None, 'logger_config': None, 'log_level': 'WARN', 'log_sys_usage': True, 'fake_sampler': False, 'seed': 42, 'restart_failed_env_runners': True, 'ignore_env_runner_failures': True, 'max_num_env_runner_restarts': 1000, 'delay_between_env_runner_restarts_s': 60.0, 'restart_failed_sub_environments': False, 'num_consecutive_env_runner_failures_tolerance': 100, 'env_runner_health_probe_timeout_s': 30.0, 'env_runner_restore_timeout_s': 1800.0, '_model_config': {}, '_rl_module_spec': None, 'algorithm_config_overrides_per_module': {}, '_per_module_overrides': {}, '_validate_config': True, '_use_msgpack_checkpoints': False, '_torch_grad_scaler_class': None, '_torch_lr_scheduler_classes': None, '_tf_policy_handles_more_than_one_loss': False, '_disable_preprocessor_api': False, '_disable_action_flattening': False, '_disable_initialize_loss_from_dummy_batch': False, '_dont_auto_sync_env_runner_states': False, 'env_task_fn': -1, 'enable_connectors': -1, 'simple_optimizer': False, 'policy_map_cache': -1, 'worker_cls': -1, 'synchronize_filters': -1, 'enable_async_evaluation': -1, 'custom_async_evaluation_function': -1, '_enable_rl_module_api': -1, 'auto_wrap_old_gym_envs': -1, 'always_attach_evaluation_results': -1, 'replay_sequence_length': None, '_disable_execution_plan_api': -1, 'twin_q': True, 'q_model_config': {'fcnet_hiddens': [256, 256], 'fcnet_activation': 'relu', 'post_fcnet_hiddens': [], 'post_fcnet_activation': None, 'custom_model': None, 'custom_model_config': {}}, 'policy_model_config': {'fcnet_hiddens': [256, 256], 'fcnet_activation': 'relu', 'post_fcnet_hiddens': [], 'post_fcnet_activation': None, 'custom_model': None, 'custom_model_config': {}}, 'tau': 0.005, 'initial_alpha': 1.0, 'target_entropy': 'auto', 'n_step': 1, 'replay_buffer_config': {'type': 'MultiAgentReplayBuffer', 'capacity': 25000}, 'store_buffer_in_checkpoints': False, 'training_intensity': None, 'optimization': {'actor_learning_rate': 0.0003, 'critic_learning_rate': 0.0003, 'entropy_learning_rate': 0.0003}, 'actor_lr': 0.0003, 'critic_lr': 0.0003, 'alpha_lr': 0.0003, 'target_network_update_freq': 0, 'num_steps_sampled_before_learning_starts': 1500, '_deterministic_loss': False, '_use_beta_distribution': False, 'use_state_preprocessor': -1, 'worker_side_prioritization': -1, 'class': <class 'ray.rllib.algorithms.sac.sac.SACConfig'>, 'input': 'sampler', 'policies': {'default_policy': (None, None, None, None)}, 'callbacks': <class 'ray.rllib.callbacks.callbacks.RLlibCallback'>, 'create_env_on_driver': False, 'custom_eval_function': None, 'framework': 'torch'}, 'time_since_restore': 1702.4200539588928, 'iterations_since_restore': 140, 'perf': {'cpu_util_percent': np.float64(24.005000000000003), 'ram_util_percent': np.float64(62.730000000000004)}})
[36m(RolloutWorker pid=55171)[0m [EpisodeRecorder] episode end (terminated=True truncated=False) frames_written=1
[36m(RolloutWorker pid=55171)[0m [EpisodeRecorder] finalized artifacts/episodes/ep_00080.mp4 (2016 bytes, 1 frames)
[36m(RolloutWorker pid=55171)[0m [CarlaEnv] Spawned ego id=255 at sp_idx=7 (-114.4,56.9) (attempt 1)
[36m(RolloutWorker pid=55171)[0m [EpisodeRecorder] episode end (terminated=True truncated=False) frames_written=0
[36m(RolloutWorker pid=55171)[0m [CarlaEnv] Spawned ego id=257 at sp_idx=151 (54.5,-64.3) (attempt 1)
iter=141 R=-189.2 len=171 eps=2 steps=14100
[36m(RolloutWorker pid=55171)[0m [EpisodeRecorder] episode end (terminated=True truncated=False) frames_written=0
[36m(RolloutWorker pid=55171)[0m [CarlaEnv] Spawned ego id=259 at sp_idx=105 (83.1,13.4) (attempt 1)
[36m(RolloutWorker pid=55171)[0m [EpisodeRecorder] episode end (terminated=True truncated=False) frames_written=0
[36m(RolloutWorker pid=55171)[0m [CarlaEnv] Spawned ego id=261 at sp_idx=56 (19.6,24.6) (attempt 1)
iter=142 R=-185.7 len=168 eps=2 steps=14200
[36m(RolloutWorker pid=55171)[0m [EpisodeRecorder] episode end (terminated=True truncated=False) frames_written=0
[36m(RolloutWorker pid=55171)[0m [CarlaEnv] Spawned ego id=263 at sp_idx=127 (103.0,-22.7) (attempt 1)
[36m(RolloutWorker pid=55171)[0m [EpisodeRecorder] recording episode 85 -> artifacts/episodes/ep_00085.mp4
[36m(RolloutWorker pid=55171)[0m IMAGEIO FFMPEG_WRITER WARNING: input image is not divisible by macro_block_size=16, resizing from (1000, 360) to (1008, 368) to ensure video compatibility with most codecs and players. To prevent resizing, make your input image divisible by the macro_block_size or set the macro_block_size to 1 (risking incompatibility).
[36m(RolloutWorker pid=55171)[0m [EpisodeRecorder] episode end (terminated=True truncated=False) frames_written=49
[36m(RolloutWorker pid=55171)[0m [EpisodeRecorder] finalized artifacts/episodes/ep_00085.mp4 (1870949 bytes, 49 frames)
[36m(RolloutWorker pid=55171)[0m [CarlaEnv] Spawned ego id=266 at sp_idx=151 (54.5,-64.3) (attempt 1)
iter=143 R=-184.2 len=166 eps=2 steps=14300
[36m(RolloutWorker pid=55171)[0m [EpisodeRecorder] episode end (terminated=True truncated=False) frames_written=0
[36m(RolloutWorker pid=55171)[0m [CarlaEnv] Spawned ego id=268 at sp_idx=2 (-87.6,13.0) (attempt 1)
iter=144 R=-183.8 len=165 eps=1 steps=14400
[36m(RolloutWorker pid=55171)[0m [EpisodeRecorder] episode end (terminated=True truncated=False) frames_written=0
[36m(RolloutWorker pid=55171)[0m [CarlaEnv] Spawned ego id=270 at sp_idx=67 (-41.9,-30.4) (attempt 1)
[36m(RolloutWorker pid=55171)[0m [EpisodeRecorder] episode end (terminated=True truncated=False) frames_written=0
[36m(RolloutWorker pid=55171)[0m [CarlaEnv] Spawned ego id=272 at sp_idx=117 (80.3,16.9) (attempt 1)
iter=145 R=-179.3 len=163 eps=2 steps=14500
[36m(RolloutWorker pid=55171)[0m [EpisodeRecorder] episode end (terminated=True truncated=False) frames_written=0
[36m(RolloutWorker pid=55171)[0m [CarlaEnv] Spawned ego id=274 at sp_idx=5 (-106.6,-17.1) (attempt 1)
[36m(RolloutWorker pid=55171)[0m [EpisodeRecorder] recording episode 90 -> artifacts/episodes/ep_00090.mp4
[36m(RolloutWorker pid=55171)[0m [EpisodeRecorder] append failed: All images in a movie should have same size
[36m(RolloutWorker pid=55171)[0m [EpisodeRecorder] episode end (terminated=True truncated=False) frames_written=1
[36m(RolloutWorker pid=55171)[0m [EpisodeRecorder] finalized artifacts/episodes/ep_00090.mp4 (1902 bytes, 1 frames)
[36m(RolloutWorker pid=55171)[0m [CarlaEnv] Spawned ego id=277 at sp_idx=72 (11.2,-64.4) (attempt 1)
iter=146 R=-174.1 len=160 eps=2 steps=14600
[36m(RolloutWorker pid=55171)[0m [EpisodeRecorder] episode end (terminated=True truncated=False) frames_written=0
[36m(RolloutWorker pid=55171)[0m [CarlaEnv] Spawned ego id=279 at sp_idx=131 (109.9,-6.9) (attempt 1)
[36m(RolloutWorker pid=55171)[0m [EpisodeRecorder] episode end (terminated=True truncated=False) frames_written=0
[36m(RolloutWorker pid=55171)[0m [CarlaEnv] Spawned ego id=281 at sp_idx=115 (-41.8,-16.6) (attempt 1)
iter=147 R=-169.1 len=158 eps=2 steps=14700
[36m(RolloutWorker pid=55171)[0m [EpisodeRecorder] episode end (terminated=True truncated=False) frames_written=0
[36m(RolloutWorker pid=55171)[0m [CarlaEnv] Spawned ego id=283 at sp_idx=112 (102.6,44.0) (attempt 1)
[36m(RolloutWorker pid=55171)[0m [EpisodeRecorder] episode end (terminated=True truncated=False) frames_written=0
[36m(RolloutWorker pid=55171)[0m [CarlaEnv] Spawned ego id=285 at sp_idx=110 (-48.8,-17.2) (attempt 1)
[36m(RolloutWorker pid=55171)[0m IMAGEIO FFMPEG_WRITER WARNING: input image is not divisible by macro_block_size=16, resizing from (1000, 360) to (1008, 368) to ensure video compatibility with most codecs and players. To prevent resizing, make your input image divisible by the macro_block_size or set the macro_block_size to 1 (risking incompatibility).
[36m(RolloutWorker pid=55171)[0m [EpisodeRecorder] recording episode 95 -> artifacts/episodes/ep_00095.mp4
iter=148 R=-164.6 len=155 eps=2 steps=14800
[36m(RolloutWorker pid=55171)[0m [EpisodeRecorder] episode end (terminated=True truncated=False) frames_written=49
[36m(RolloutWorker pid=55171)[0m [EpisodeRecorder] finalized artifacts/episodes/ep_00095.mp4 (1629133 bytes, 49 frames)
[36m(RolloutWorker pid=55171)[0m [CarlaEnv] Spawned ego id=288 at sp_idx=22 (53.1,133.9) (attempt 1)
[36m(RolloutWorker pid=55171)[0m [EpisodeRecorder] episode end (terminated=True truncated=False) frames_written=0
[36m(RolloutWorker pid=55171)[0m [CarlaEnv] Spawned ego id=290 at sp_idx=36 (67.7,69.8) (attempt 1)
iter=149 R=-162.0 len=153 eps=2 steps=14900
[36m(RolloutWorker pid=55171)[0m [EpisodeRecorder] episode end (terminated=True truncated=False) frames_written=0
[36m(RolloutWorker pid=55171)[0m [CarlaEnv] Spawned ego id=292 at sp_idx=148 (33.0,-67.9) (attempt 1)
[36m(RolloutWorker pid=55171)[0m [EpisodeRecorder] episode end (terminated=True truncated=False) frames_written=0
[36m(RolloutWorker pid=55171)[0m [CarlaEnv] Spawned ego id=294 at sp_idx=129 (-41.5,111.9) (attempt 1)
[36m(RolloutWorker pid=55171)[0m [EpisodeRecorder] episode end (terminated=True truncated=False) frames_written=0
[36m(RolloutWorker pid=55171)[0m [CarlaEnv] Spawned ego id=296 at sp_idx=62 (106.5,-21.6) (attempt 1)
[36m(RolloutWorker pid=55171)[0m [EpisodeRecorder] recording episode 100 -> artifacts/episodes/ep_00100.mp4
[36m(RolloutWorker pid=55171)[0m [EpisodeRecorder] append failed: All images in a movie should have same size
iter=150 R=-157.1 len=150 eps=3 steps=15000
  checkpoint saved: TrainingResult(checkpoint=Checkpoint(filesystem=local, path=./checkpoints/gt), metrics={'custom_metrics': {}, 'episode_media': {}, 'info': {'learner': {'default_policy': {'custom_metrics': {}, 'learner_stats': {'actor_loss': np.float64(46.81757354736328), 'critic_loss': np.float64(0.7675227522850037), 'alpha_loss': np.float64(2.9628067016601562), 'alpha_value': np.float32(0.04412235), 'log_alpha_value': np.float32(-3.1207888), 'target_entropy': np.float32(-3.0), 'policy_t': np.float64(0.2591891586780548), 'mean_q': np.float64(-46.929664611816406), 'max_q': np.float64(6.835066318511963), 'min_q': np.float64(-135.81948852539062)}, 'model': {}, 'num_grad_updates_lifetime': np.float64(13500.0), 'diff_num_grad_updates_vs_sampler_policy': np.float64(13499.0), 'td_error': array([2.42075253e+00, 1.83248520e-01, 2.17266083e-01, 4.32353973e-01,
       1.12189007e+00, 1.72313690e-01, 4.01981354e-01, 8.16265106e-01,
       5.37834883e-01, 5.05386353e-01, 1.16078186e+00, 6.93880081e-01,
       2.99318886e+00, 3.57827187e-01, 3.77624512e-01, 4.87739563e-01,
       1.70326233e-01, 2.08683014e-01, 7.34748840e-01, 4.54355240e-01,
       2.11040497e-01, 1.56819153e+00, 5.80394745e-01, 4.11828995e-01,
       1.12636566e-01, 2.34153748e-01, 2.30333471e+00, 6.26877546e-01,
       1.74213600e+00, 1.38475418e-01, 6.11081123e-01, 1.55626297e-01,
       1.58626556e-01, 2.22104168e+00, 4.86843109e-01, 1.38549805e-01,
       1.27383251e+01, 1.07404637e+00, 3.20014954e-01, 1.88301086e+00,
       1.10654497e+00, 4.03135300e-01, 4.61341858e-01, 2.66895294e-01,
       3.02782059e-01, 3.56231689e-01, 2.95543671e-01, 1.07069111e+00,
       1.84377670e-01, 8.17108154e-02, 3.34556770e+00, 3.97542000e-01,
       3.67546082e-01, 1.95270538e-01, 1.77371979e-01, 2.33129501e-01,
       2.98986435e-01, 6.00846481e+00, 3.93114090e-01, 1.31931305e-01,
       4.38528061e-01, 7.27502346e-01, 6.20967865e-01, 4.83779907e-01,
       8.75671387e-01, 1.82191849e-01, 2.88715363e-01, 6.72601700e-01,
       1.74564362e-01, 2.72414637e+00, 1.57035828e-01, 3.94813538e-01,
       1.48376465e-01, 1.46023941e+00, 3.50782394e-01, 2.01290131e-01,
       1.79075241e-01, 1.48608351e+00, 8.33340168e-01, 1.22861862e-01,
       1.27037668e+00, 5.47224045e-01, 7.73421478e+00, 1.10410690e-01,
       1.74560547e-01, 1.00876427e+00, 2.96564102e-01, 2.45162964e-01,
       9.05402946e+00, 7.76947975e-01, 1.87787604e+00, 6.08127594e-01,
       1.14988899e+00, 3.44032288e-01, 9.25430298e-01, 2.65670776e-01,
       5.27036095e+00, 2.93739319e-01, 8.13636780e-02, 2.69783020e-01,
       1.84776306e-01, 8.91088486e-01, 3.93115997e-01, 2.28199005e-01,
       5.98176956e-01, 6.35974884e-01, 3.20838928e-01, 4.99181747e+00,
       4.48598862e-01, 3.36210251e-01, 1.15722656e-01, 2.99185562e+00,
       8.91732216e-01, 1.24874115e-01, 1.77757263e-01, 2.24615097e-01,
       5.78912735e-01, 1.33704643e+01, 2.17529297e-01, 2.85686493e-01,
       1.53352737e-01, 3.22107315e-01, 8.30530167e-01, 8.52071524e-01,
       1.74007893e-01, 5.19546509e-01, 1.83953762e+00, 1.08886719e-01,
       1.33285522e-01, 3.41794968e-01, 7.32282639e-01, 2.34031677e-01,
       6.73625946e-01, 1.68136597e-01, 1.81917191e-01, 3.71452332e-01,
       6.23912811e-01, 2.19844818e-01, 3.32463455e+00, 2.14946747e+00,
       2.54367828e-01, 1.92121506e-01, 1.25803375e+00, 3.01239014e-01,
       1.77745831e+00, 2.93254852e-02, 6.62078857e-01, 1.90876007e-01,
       6.05707169e-01, 3.49151611e-01, 1.61883163e+00, 1.56723022e-01,
       1.92375088e+00, 9.91411209e-01, 3.39944839e-01, 1.73974037e+00,
       5.97625732e-01, 2.71396637e-01, 3.91710091e+00, 2.13431573e+00,
       1.23804665e+00, 2.87438011e+00, 4.91262436e-01, 1.13433838e-01,
       2.21773148e-01, 1.35891724e+00, 3.63620758e-01, 7.44262695e-01,
       1.30233765e-01, 9.47394371e-01, 3.47520351e-01, 1.50079060e+00,
       2.70167351e-01, 1.98016167e-01, 3.64246368e-01, 1.60781288e+00,
       6.09862804e-01, 6.11099243e-01, 2.82155991e+00, 2.12942123e-01,
       7.38220215e-02, 2.01457977e-01, 3.00804138e+00, 7.68376350e-01,
       6.01749420e-01, 4.57982063e-01, 4.20305252e-01, 1.70562172e+00,
       8.27636719e-01, 3.27288857e+01, 1.45725250e-01, 1.01040459e+00,
       2.69937515e-01, 1.29925919e+00, 5.13751984e-01, 2.06717873e+00,
       2.23045349e-01, 1.37759924e-01, 1.54756355e+00, 3.87033463e-01,
       9.63354111e-01, 1.96972597e+00, 1.32823372e+00, 5.54893494e-01,
       2.34443665e-01, 1.37172699e-01, 5.30700684e-01, 4.43929672e-01,
       2.24622726e-01, 4.25685883e-01, 1.29524422e+00, 3.11832428e-01,
       3.16088200e-01, 4.43271637e-01, 2.55966187e-01, 5.22323608e-01,
       2.04399109e-01, 2.18944550e-01, 3.04838181e-01, 2.21354008e+00,
       2.14588165e-01, 8.75476837e-01, 2.52950668e-01, 2.49443054e-01,
       4.90656853e-01, 1.26672649e+00, 7.52561760e+00, 1.08826637e+00,
       1.66054726e-01, 9.85119820e-01, 7.69593239e-01, 1.25854468e+00,
       4.57679749e-01, 1.91680908e-01, 4.00332451e-01, 1.36940002e-01,
       4.23635483e-01, 1.54623711e+00, 2.28931427e-01, 5.55988312e-01,
       2.65010834e-01, 1.24023342e+00, 2.34144211e-01, 1.60466576e+00,
       3.01906586e+00, 7.93380737e-02, 4.58458900e+00, 5.01224518e-01,
       3.81563187e-01, 3.40488434e-01, 1.41106606e+00, 9.03573990e-01,
       7.21199036e-01, 1.89569473e-01, 4.88456726e-01, 3.13211441e-01],
      dtype=float32), 'mean_td_error': np.float64(1.0860447883605957)}}, 'num_env_steps_sampled': 15000, 'num_env_steps_trained': 3456000, 'num_agent_steps_sampled': 15000, 'num_agent_steps_trained': 3456000, 'last_target_update_ts': 15000, 'num_target_updates': 13500}, 'env_runners': {'episode_reward_max': np.float64(111.71475269830137), 'episode_reward_min': np.float64(-2104.4038987762196), 'episode_reward_mean': np.float64(-157.0772636504704), 'episode_len_mean': np.float64(149.9), 'episode_media': {}, 'episodes_timesteps_total': 14990, 'policy_reward_min': {'default_policy': np.float64(-2104.4038987762196)}, 'policy_reward_max': {'default_policy': np.float64(111.71475269830137)}, 'policy_reward_mean': {'default_policy': np.float64(-157.0772636504704)}, 'custom_metrics': {}, 'hist_stats': {'episode_reward': [np.float64(-1718.3458937847283), np.float64(-1782.7266933977005), np.float64(-2104.4038987762196), np.float64(-1766.1730804221183), np.float64(-1727.5394835626018), np.float64(-1781.6203710948466), np.float64(-192.38392545077), np.float64(-1590.4878602307615), np.float64(-534.8482516852024), np.float64(-470.6564135257046), np.float64(-244.8575620729081), np.float64(-150.81344794725595), np.float64(-410.68930701357783), np.float64(-101.46301670085873), np.float64(-126.58123696878648), np.float64(-284.0476866541365), np.float64(-7.33299380107993), np.float64(-90.7774064315918), np.float64(-67.16296549776257), np.float64(-55.27535185717099), np.float64(-102.01207659977958), np.float64(-86.33484753069744), np.float64(-93.58923504661026), np.float64(-16.252214088040624), np.float64(8.327454308622986), np.float64(45.70551240683479), np.float64(-190.88174514343973), np.float64(55.24134254250255), np.float64(-116.65505527781768), np.float64(77.87263600274736), np.float64(7.330390181607153), np.float64(29.60862676306957), np.float64(16.829542334336058), np.float64(22.68812735457366), np.float64(-26.55466030204878), np.float64(25.503173257732175), np.float64(64.42742434206286), np.float64(-141.48744136700918), np.float64(86.75803332201498), np.float64(93.62359648147998), np.float64(43.72300219394371), np.float64(18.151846345918727), np.float64(-3.110031115695913), np.float64(-131.17053904135935), np.float64(63.96564201926956), np.float64(64.81171212874601), np.float64(-129.6404854337407), np.float64(23.835056263505628), np.float64(76.12532876940891), np.float64(86.09566564881014), np.float64(29.93444102154405), np.float64(-165.41380311238566), np.float64(98.9118737658849), np.float64(-172.76846066763613), np.float64(-112.13715114749644), np.float64(-145.99572761328568), np.float64(52.614546454746375), np.float64(-1.5611564875098418), np.float64(34.399004163931096), np.float64(19.91671520973093), np.float64(-305.9914438122074), np.float64(76.08470739802897), np.float64(103.73441415768166), np.float64(111.71475269830137), np.float64(73.56444496310837), np.float64(3.383164563824323), np.float64(69.20745959662777), np.float64(3.000754432228819), np.float64(44.82389226103675), np.float64(-125.55560816087053), np.float64(76.17926912080338), np.float64(-100.70132831781513), np.float64(-144.21202385611946), np.float64(-49.60541126294402), np.float64(54.83441672644993), np.float64(55.308307845135026), np.float64(-142.00263595374958), np.float64(33.34093068569441), np.float64(93.26261409115446), np.float64(91.72600414500998), np.float64(64.77461027200084), np.float64(98.80895592012327), np.float64(-144.44013093585124), np.float64(55.41297773610765), np.float64(-312.1115839938078), np.float64(70.71486703966247), np.float64(-144.38714391352386), np.float64(6.572858512392374), np.float64(21.441153313874796), np.float64(47.33333279478658), np.float64(70.23336714976043), np.float64(30.466042818339957), np.float64(80.08769878608094), np.float64(15.534425229806487), np.float64(77.73216552652804), np.float64(-182.1265129981365), np.float64(107.95118976137115), np.float64(-131.46252493133665), np.float64(46.37764522233885), np.float64(88.61434388837273)], 'episode_lengths': [1000, 1000, 1000, 1000, 1000, 1000, 181, 1000, 453, 274, 284, 246, 191, 117, 177, 257, 60, 183, 149, 141, 168, 154, 183, 119, 107, 86, 89, 82, 58, 62, 89, 82, 52, 56, 74, 53, 62, 66, 59, 49, 70, 64, 43, 55, 64, 59, 59, 70, 48, 54, 54, 94, 64, 69, 135, 77, 59, 121, 57, 58, 120, 49, 42, 50, 45, 44, 53, 45, 55, 106, 49, 50, 46, 84, 55, 53, 46, 45, 56, 50, 42, 40, 47, 40, 101, 49, 47, 89, 42, 49, 55, 51, 42, 42, 50, 49, 52, 39, 41, 43], 'policy_default_policy_reward': [np.float64(-1718.3458937847283), np.float64(-1782.7266933977005), np.float64(-2104.4038987762196), np.float64(-1766.1730804221183), np.float64(-1727.5394835626018), np.float64(-1781.6203710948466), np.float64(-192.38392545077), np.float64(-1590.4878602307615), np.float64(-534.8482516852024), np.float64(-470.6564135257046), np.float64(-244.8575620729081), np.float64(-150.81344794725595), np.float64(-410.68930701357783), np.float64(-101.46301670085873), np.float64(-126.58123696878648), np.float64(-284.0476866541365), np.float64(-7.33299380107993), np.float64(-90.7774064315918), np.float64(-67.16296549776257), np.float64(-55.27535185717099), np.float64(-102.01207659977958), np.float64(-86.33484753069744), np.float64(-93.58923504661026), np.float64(-16.252214088040624), np.float64(8.327454308622986), np.float64(45.70551240683479), np.float64(-190.88174514343973), np.float64(55.24134254250255), np.float64(-116.65505527781768), np.float64(77.87263600274736), np.float64(7.330390181607153), np.float64(29.60862676306957), np.float64(16.829542334336058), np.float64(22.68812735457366), np.float64(-26.55466030204878), np.float64(25.503173257732175), np.float64(64.42742434206286), np.float64(-141.48744136700918), np.float64(86.75803332201498), np.float64(93.62359648147998), np.float64(43.72300219394371), np.float64(18.151846345918727), np.float64(-3.110031115695913), np.float64(-131.17053904135935), np.float64(63.96564201926956), np.float64(64.81171212874601), np.float64(-129.6404854337407), np.float64(23.835056263505628), np.float64(76.12532876940891), np.float64(86.09566564881014), np.float64(29.93444102154405), np.float64(-165.41380311238566), np.float64(98.9118737658849), np.float64(-172.76846066763613), np.float64(-112.13715114749644), np.float64(-145.99572761328568), np.float64(52.614546454746375), np.float64(-1.5611564875098418), np.float64(34.399004163931096), np.float64(19.91671520973093), np.float64(-305.9914438122074), np.float64(76.08470739802897), np.float64(103.73441415768166), np.float64(111.71475269830137), np.float64(73.56444496310837), np.float64(3.383164563824323), np.float64(69.20745959662777), np.float64(3.000754432228819), np.float64(44.82389226103675), np.float64(-125.55560816087053), np.float64(76.17926912080338), np.float64(-100.70132831781513), np.float64(-144.21202385611946), np.float64(-49.60541126294402), np.float64(54.83441672644993), np.float64(55.308307845135026), np.float64(-142.00263595374958), np.float64(33.34093068569441), np.float64(93.26261409115446), np.float64(91.72600414500998), np.float64(64.77461027200084), np.float64(98.80895592012327), np.float64(-144.44013093585124), np.float64(55.41297773610765), np.float64(-312.1115839938078), np.float64(70.71486703966247), np.float64(-144.38714391352386), np.float64(6.572858512392374), np.float64(21.441153313874796), np.float64(47.33333279478658), np.float64(70.23336714976043), np.float64(30.466042818339957), np.float64(80.08769878608094), np.float64(15.534425229806487), np.float64(77.73216552652804), np.float64(-182.1265129981365), np.float64(107.95118976137115), np.float64(-131.46252493133665), np.float64(46.37764522233885), np.float64(88.61434388837273)]}, 'sampler_perf': {'mean_raw_obs_processing_ms': np.float64(0.9109943168086712), 'mean_inference_ms': np.float64(2.6499668280473894), 'mean_action_processing_ms': np.float64(0.10216589441934586), 'mean_env_wait_ms': np.float64(5.6171228565802656), 'mean_env_render_ms': np.float64(0.0)}, 'num_faulty_episodes': 0, 'connector_metrics': {'ObsPreprocessorConnector_ms': np.float64(0.03728771209716797), 'StateBufferConnector_ms': np.float64(0.0036182403564453125), 'ViewRequirementAgentConnector_ms': np.float64(0.11645126342773438)}, 'num_episodes': 3, 'episode_return_max': np.float64(111.71475269830137), 'episode_return_min': np.float64(-2104.4038987762196), 'episode_return_mean': np.float64(-157.0772636504704), 'episodes_this_iter': 3}, 'num_healthy_workers': 1, 'actor_manager_num_outstanding_async_reqs': 0, 'num_remote_worker_restarts': 0, 'num_agent_steps_sampled': 15000, 'num_agent_steps_trained': 3456000, 'num_env_steps_sampled': 15000, 'num_env_steps_trained': 3456000, 'num_env_steps_sampled_this_iter': 100, 'num_env_steps_trained_this_iter': 25600, 'num_env_steps_sampled_throughput_per_sec': 7.45667738218197, 'num_env_steps_trained_throughput_per_sec': 1908.9094098385842, 'timesteps_total': 15000, 'num_env_steps_sampled_lifetime': 15000, 'num_agent_steps_sampled_lifetime': 15000, 'num_steps_trained_this_iter': 25600, 'agent_timesteps_total': 15000, 'timers': {'training_iteration_time_ms': 13388.979, 'restore_workers_time_ms': 0.007, 'training_step_time_ms': 132.237, 'sample_time_ms': 25.62, 'load_time_ms': 5.15, 'load_throughput': 49709.349, 'learn_time_ms': 26.279, 'learn_throughput': 9741.62, 'synch_weights_time_ms': 8.617}, 'counters': {'num_env_steps_sampled': 15000, 'num_env_steps_trained': 3456000, 'num_agent_steps_sampled': 15000, 'num_agent_steps_trained': 3456000, 'last_target_update_ts': 15000, 'num_target_updates': 13500}, 'done': False, 'training_iteration': 150, 'trial_id': 'default', 'date': '2026-04-24_14-42-06', 'timestamp': 1777016526, 'time_this_iter_s': 13.440636396408081, 'time_total_s': 1836.4901723861694, 'pid': 54804, 'hostname': 'supawich-B760M-Pro-RS-D4', 'node_ip': '192.168.110.31', 'config': {'exploration_config': {'type': 'StochasticSampling'}, 'extra_python_environs_for_driver': {}, 'extra_python_environs_for_worker': {}, 'placement_strategy': 'PACK', 'num_gpus': 1, '_fake_gpus': False, 'num_cpus_for_main_process': 1, 'eager_tracing': True, 'eager_max_retraces': 20, 'tf_session_args': {'intra_op_parallelism_threads': 2, 'inter_op_parallelism_threads': 2, 'gpu_options': {'allow_growth': True}, 'log_device_placement': False, 'device_count': {'CPU': 1}, 'allow_soft_placement': True}, 'local_tf_session_args': {'intra_op_parallelism_threads': 8, 'inter_op_parallelism_threads': 8}, 'torch_compile_learner': False, 'torch_compile_learner_what_to_compile': <TorchCompileWhatToCompile.FORWARD_TRAIN: 'forward_train'>, 'torch_compile_learner_dynamo_backend': 'inductor', 'torch_compile_learner_dynamo_mode': None, 'torch_compile_worker': False, 'torch_compile_worker_dynamo_backend': 'onnxrt', 'torch_compile_worker_dynamo_mode': None, 'torch_ddp_kwargs': {}, 'torch_skip_nan_gradients': False, 'env': 'carla_gt_env', 'env_config': {'host': 'localhost', 'port': 2000}, 'observation_space': None, 'action_space': None, 'clip_rewards': None, 'normalize_actions': True, 'clip_actions': False, '_is_atari': None, 'disable_env_checking': False, 'render_env': False, 'action_mask_key': 'action_mask', 'env_runner_cls': None, 'num_env_runners': 1, 'create_local_env_runner': True, 'num_envs_per_env_runner': 1, 'gym_env_vectorize_mode': 'sync', 'num_cpus_per_env_runner': 1, 'num_gpus_per_env_runner': 0, 'custom_resources_per_env_runner': {}, 'validate_env_runners_after_construction': True, 'episodes_to_numpy': True, 'max_requests_in_flight_per_env_runner': 1, 'sample_timeout_s': 60.0, '_env_to_module_connector': None, 'add_default_connectors_to_env_to_module_pipeline': True, '_module_to_env_connector': None, 'add_default_connectors_to_module_to_env_pipeline': True, 'merge_env_runner_states': 'training_only', 'broadcast_env_runner_states': True, 'episode_lookback_horizon': 1, 'rollout_fragment_length': 'auto', 'batch_mode': 'truncate_episodes', 'compress_observations': False, 'remote_worker_envs': False, 'remote_env_batch_wait_ms': 0, 'enable_tf1_exec_eagerly': False, 'sample_collector': <class 'ray.rllib.evaluation.collectors.simple_list_collector.SimpleListCollector'>, 'preprocessor_pref': 'deepmind', 'observation_filter': 'NoFilter', 'update_worker_filter_stats': True, 'use_worker_filter_stats': True, 'sampler_perf_stats_ema_coef': None, '_is_online': True, 'num_learners': 0, 'num_gpus_per_learner': 0, 'num_cpus_per_learner': 'auto', 'num_aggregator_actors_per_learner': 0, 'max_requests_in_flight_per_aggregator_actor': 3, 'local_gpu_idx': 0, 'max_requests_in_flight_per_learner': 3, 'gamma': 0.99, 'lr': None, 'grad_clip': None, 'grad_clip_by': 'global_norm', '_train_batch_size_per_learner': 256, 'train_batch_size': 256, 'num_epochs': 1, 'minibatch_size': None, 'shuffle_batch_per_epoch': False, 'model': {'fcnet_hiddens': [256, 256], 'fcnet_activation': 'tanh', 'fcnet_weights_initializer': None, 'fcnet_weights_initializer_config': None, 'fcnet_bias_initializer': None, 'fcnet_bias_initializer_config': None, 'conv_filters': None, 'conv_activation': 'relu', 'conv_kernel_initializer': None, 'conv_kernel_initializer_config': None, 'conv_bias_initializer': None, 'conv_bias_initializer_config': None, 'conv_transpose_kernel_initializer': None, 'conv_transpose_kernel_initializer_config': None, 'conv_transpose_bias_initializer': None, 'conv_transpose_bias_initializer_config': None, 'post_fcnet_hiddens': [], 'post_fcnet_activation': 'relu', 'post_fcnet_weights_initializer': None, 'post_fcnet_weights_initializer_config': None, 'post_fcnet_bias_initializer': None, 'post_fcnet_bias_initializer_config': None, 'free_log_std': False, 'log_std_clip_param': 20.0, 'no_final_linear': False, 'vf_share_layers': True, 'use_lstm': False, 'max_seq_len': 20, 'lstm_cell_size': 256, 'lstm_use_prev_action': False, 'lstm_use_prev_reward': False, 'lstm_weights_initializer': None, 'lstm_weights_initializer_config': None, 'lstm_bias_initializer': None, 'lstm_bias_initializer_config': None, '_time_major': False, 'use_attention': False, 'attention_num_transformer_units': 1, 'attention_dim': 64, 'attention_num_heads': 1, 'attention_head_dim': 32, 'attention_memory_inference': 50, 'attention_memory_training': 50, 'attention_position_wise_mlp_dim': 32, 'attention_init_gru_gate_bias': 2.0, 'attention_use_n_prev_actions': 0, 'attention_use_n_prev_rewards': 0, 'framestack': True, 'dim': 84, 'grayscale': False, 'zero_mean': True, 'custom_model': None, 'custom_model_config': {}, 'custom_action_dist': None, 'custom_preprocessor': None, 'encoder_latent_dim': None, 'always_check_shapes': False, 'lstm_use_prev_action_reward': -1, '_use_default_native_models': -1, '_disable_preprocessor_api': False, '_disable_action_flattening': False}, '_learner_connector': None, 'add_default_connectors_to_learner_pipeline': True, 'learner_config_dict': {}, 'optimizer': {}, '_learner_class': None, 'callbacks_on_algorithm_init': None, 'callbacks_on_env_runners_recreated': None, 'callbacks_on_offline_eval_runners_recreated': None, 'callbacks_on_checkpoint_loaded': None, 'callbacks_on_environment_created': None, 'callbacks_on_episode_created': None, 'callbacks_on_episode_start': None, 'callbacks_on_episode_step': None, 'callbacks_on_episode_end': None, 'callbacks_on_evaluate_start': None, 'callbacks_on_evaluate_end': None, 'callbacks_on_evaluate_offline_start': None, 'callbacks_on_evaluate_offline_end': None, 'callbacks_on_sample_end': None, 'callbacks_on_train_result': None, 'explore': True, 'enable_rl_module_and_learner': False, 'enable_env_runner_and_connector_v2': False, '_prior_exploration_config': None, 'count_steps_by': 'env_steps', 'policy_map_capacity': 100, 'policy_mapping_fn': <function AlgorithmConfig.DEFAULT_POLICY_MAPPING_FN at 0x7c3f0e248cc0>, 'policies_to_train': None, 'policy_states_are_swappable': False, 'observation_fn': None, 'offline_data_class': None, 'input_read_method': 'read_parquet', 'input_read_method_kwargs': {}, 'input_read_schema': {}, 'input_read_episodes': False, 'input_read_sample_batches': False, 'input_read_batch_size': None, 'input_filesystem': None, 'input_filesystem_kwargs': {}, 'input_compress_columns': ['obs', 'new_obs'], 'input_spaces_jsonable': True, 'materialize_data': False, 'materialize_mapped_data': True, 'map_batches_kwargs': {}, 'iter_batches_kwargs': {}, 'ignore_final_observation': False, 'prelearner_class': None, 'prelearner_buffer_class': None, 'prelearner_buffer_kwargs': {}, 'prelearner_module_synch_period': 10, 'prelearner_use_recorded_module_states': False, 'dataset_num_iters_per_learner': None, 'input_config': {}, 'actions_in_input_normalized': False, 'postprocess_inputs': False, 'shuffle_buffer_size': 0, 'output': None, 'output_config': {}, 'output_compress_columns': ['obs', 'new_obs'], 'output_max_file_size': 67108864, 'output_max_rows_per_file': None, 'output_write_remaining_data': False, 'output_write_method': 'write_parquet', 'output_write_method_kwargs': {}, 'output_filesystem': None, 'output_filesystem_kwargs': {}, 'output_write_episodes': True, 'offline_sampling': False, 'evaluation_interval': None, 'evaluation_duration': 10, 'evaluation_duration_unit': 'episodes', 'evaluation_sample_timeout_s': 120.0, 'evaluation_auto_duration_min_env_steps_per_sample': 100, 'evaluation_auto_duration_max_env_steps_per_sample': 2000, 'evaluation_parallel_to_training': False, 'evaluation_force_reset_envs_before_iteration': True, 'evaluation_config': None, 'off_policy_estimation_methods': {}, 'ope_split_batch_by_episode': True, 'evaluation_num_env_runners': 0, 'in_evaluation': False, 'sync_filters_on_rollout_workers_timeout_s': 10.0, 'offline_evaluation_interval': None, 'num_offline_eval_runners': 0, 'offline_evaluation_type': 'eval_loss', 'offline_eval_runner_class': None, 'offline_loss_for_module_fn': None, 'offline_evaluation_duration': 1, 'offline_evaluation_parallel_to_training': False, 'offline_evaluation_timeout_s': 120.0, 'num_cpus_per_offline_eval_runner': 1, 'num_gpus_per_offline_eval_runner': 0, 'custom_resources_per_offline_eval_runner': {}, 'restart_failed_offline_eval_runners': True, 'ignore_offline_eval_runner_failures': False, 'max_num_offline_eval_runner_restarts': 1000, 'offline_eval_runner_restore_timeout_s': 1800.0, 'max_requests_in_flight_per_offline_eval_runner': 1, 'validate_offline_eval_runners_after_construction': True, 'offline_eval_runner_health_probe_timeout_s': 30.0, 'offline_eval_rl_module_inference_only': False, 'broadcast_offline_eval_runner_states': False, 'offline_eval_batch_size_per_runner': 256, 'dataset_num_iters_per_eval_runner': 1, 'keep_per_episode_custom_metrics': False, 'metrics_episode_collection_timeout_s': 60.0, 'metrics_num_episodes_for_smoothing': 100, 'min_time_s_per_iteration': 1, 'min_train_timesteps_per_iteration': 0, 'min_sample_timesteps_per_iteration': 100, 'log_gradients': False, 'stats_cls_lookup': {'mean': <class 'ray.rllib.utils.metrics.stats.mean.MeanStats'>, 'ema': <class 'ray.rllib.utils.metrics.stats.ema.EmaStats'>, 'min': <class 'ray.rllib.utils.metrics.stats.min.MinStats'>, 'max': <class 'ray.rllib.utils.metrics.stats.max.MaxStats'>, 'sum': <class 'ray.rllib.utils.metrics.stats.sum.SumStats'>, 'lifetime_sum': <class 'ray.rllib.utils.metrics.stats.lifetime_sum.LifetimeSumStats'>, 'percentiles': <class 'ray.rllib.utils.metrics.stats.percentiles.PercentilesStats'>, 'item': <class 'ray.rllib.utils.metrics.stats.item.ItemStats'>, 'item_series': <class 'ray.rllib.utils.metrics.stats.item_series.ItemSeriesStats'>}, 'export_native_model_files': False, 'checkpoint_trainable_policies_only': False, 'logger_creator': None, 'logger_config': None, 'log_level': 'WARN', 'log_sys_usage': True, 'fake_sampler': False, 'seed': 42, 'restart_failed_env_runners': True, 'ignore_env_runner_failures': True, 'max_num_env_runner_restarts': 1000, 'delay_between_env_runner_restarts_s': 60.0, 'restart_failed_sub_environments': False, 'num_consecutive_env_runner_failures_tolerance': 100, 'env_runner_health_probe_timeout_s': 30.0, 'env_runner_restore_timeout_s': 1800.0, '_model_config': {}, '_rl_module_spec': None, 'algorithm_config_overrides_per_module': {}, '_per_module_overrides': {}, '_validate_config': True, '_use_msgpack_checkpoints': False, '_torch_grad_scaler_class': None, '_torch_lr_scheduler_classes': None, '_tf_policy_handles_more_than_one_loss': False, '_disable_preprocessor_api': False, '_disable_action_flattening': False, '_disable_initialize_loss_from_dummy_batch': False, '_dont_auto_sync_env_runner_states': False, 'env_task_fn': -1, 'enable_connectors': -1, 'simple_optimizer': False, 'policy_map_cache': -1, 'worker_cls': -1, 'synchronize_filters': -1, 'enable_async_evaluation': -1, 'custom_async_evaluation_function': -1, '_enable_rl_module_api': -1, 'auto_wrap_old_gym_envs': -1, 'always_attach_evaluation_results': -1, 'replay_sequence_length': None, '_disable_execution_plan_api': -1, 'twin_q': True, 'q_model_config': {'fcnet_hiddens': [256, 256], 'fcnet_activation': 'relu', 'post_fcnet_hiddens': [], 'post_fcnet_activation': None, 'custom_model': None, 'custom_model_config': {}}, 'policy_model_config': {'fcnet_hiddens': [256, 256], 'fcnet_activation': 'relu', 'post_fcnet_hiddens': [], 'post_fcnet_activation': None, 'custom_model': None, 'custom_model_config': {}}, 'tau': 0.005, 'initial_alpha': 1.0, 'target_entropy': 'auto', 'n_step': 1, 'replay_buffer_config': {'type': 'MultiAgentReplayBuffer', 'capacity': 25000}, 'store_buffer_in_checkpoints': False, 'training_intensity': None, 'optimization': {'actor_learning_rate': 0.0003, 'critic_learning_rate': 0.0003, 'entropy_learning_rate': 0.0003}, 'actor_lr': 0.0003, 'critic_lr': 0.0003, 'alpha_lr': 0.0003, 'target_network_update_freq': 0, 'num_steps_sampled_before_learning_starts': 1500, '_deterministic_loss': False, '_use_beta_distribution': False, 'use_state_preprocessor': -1, 'worker_side_prioritization': -1, 'class': <class 'ray.rllib.algorithms.sac.sac.SACConfig'>, 'input': 'sampler', 'policies': {'default_policy': (None, None, None, None)}, 'callbacks': <class 'ray.rllib.callbacks.callbacks.RLlibCallback'>, 'create_env_on_driver': False, 'custom_eval_function': None, 'framework': 'torch'}, 'time_since_restore': 1836.4901723861694, 'iterations_since_restore': 150, 'perf': {'cpu_util_percent': np.float64(23.57894736842105), 'ram_util_percent': np.float64(61.300000000000004)}})
[36m(RolloutWorker pid=55171)[0m [EpisodeRecorder] episode end (terminated=True truncated=False) frames_written=1
[36m(RolloutWorker pid=55171)[0m [EpisodeRecorder] finalized artifacts/episodes/ep_00100.mp4 (1947 bytes, 1 frames)
[36m(RolloutWorker pid=55171)[0m [CarlaEnv] Spawned ego id=299 at sp_idx=109 (-67.0,-68.7) (attempt 1)
[36m(RolloutWorker pid=55171)[0m [EpisodeRecorder] episode end (terminated=True truncated=False) frames_written=0
[36m(RolloutWorker pid=55171)[0m [CarlaEnv] Spawned ego id=301 at sp_idx=38 (73.6,66.4) (attempt 1)
iter=151 R=-120.6 len=131 eps=2 steps=15100
[36m(RolloutWorker pid=55171)[0m [EpisodeRecorder] episode end (terminated=True truncated=False) frames_written=0
[36m(RolloutWorker pid=55171)[0m [CarlaEnv] Spawned ego id=303 at sp_idx=135 (-48.6,-43.4) (attempt 1)
[36m(RolloutWorker pid=55171)[0m [EpisodeRecorder] episode end (terminated=True truncated=False) frames_written=0
[36m(RolloutWorker pid=55171)[0m [CarlaEnv] Spawned ego id=305 at sp_idx=74 (14.3,-67.9) (attempt 1)
iter=152 R=-80.9 len=112 eps=2 steps=15200
[36m(RolloutWorker pid=55171)[0m [EpisodeRecorder] episode end (terminated=True truncated=False) frames_written=0
[36m(RolloutWorker pid=55171)[0m [CarlaEnv] Spawned ego id=307 at sp_idx=153 (-2.6,-68.0) (attempt 1)
[36m(RolloutWorker pid=55171)[0m [EpisodeRecorder] recording episode 105 -> artifacts/episodes/ep_00105.mp4
[36m(RolloutWorker pid=55171)[0m [EpisodeRecorder] append failed: All images in a movie should have same size
[36m(RolloutWorker pid=55171)[0m [EpisodeRecorder] episode end (terminated=True truncated=False) frames_written=1
[36m(RolloutWorker pid=55171)[0m [EpisodeRecorder] finalized artifacts/episodes/ep_00105.mp4 (1729 bytes, 1 frames)
[36m(RolloutWorker pid=55171)[0m [CarlaEnv] Spawned ego id=310 at sp_idx=18 (5.6,133.7) (attempt 1)
[36m(RolloutWorker pid=55171)[0m [EpisodeRecorder] episode end (terminated=True truncated=False) frames_written=0
[36m(RolloutWorker pid=55171)[0m [CarlaEnv] Spawned ego id=312 at sp_idx=101 (-28.7,28.1) (attempt 1)
iter=153 R=-48.1 len=91 eps=3 steps=15300
[36m(RolloutWorker pid=55171)[0m [EpisodeRecorder] episode end (terminated=True truncated=False) frames_written=0
[36m(RolloutWorker pid=55171)[0m [CarlaEnv] Spawned ego id=314 at sp_idx=53 (-0.8,24.6) (attempt 1)
[36m(RolloutWorker pid=55171)[0m [EpisodeRecorder] episode end (terminated=True truncated=False) frames_written=0
[36m(RolloutWorker pid=55171)[0m [CarlaEnv] Spawned ego id=316 at sp_idx=96 (-75.3,16.5) (attempt 1)
iter=154 R=-28.8 len=77 eps=2 steps=15400
[36m(RolloutWorker pid=55171)[0m [EpisodeRecorder] episode end (terminated=True truncated=False) frames_written=0
[36m(RolloutWorker pid=55171)[0m [CarlaEnv] Spawned ego id=318 at sp_idx=17 (3.0,130.2) (attempt 1)
[36m(RolloutWorker pid=55171)[0m [EpisodeRecorder] recording episode 110 -> artifacts/episodes/ep_00110.mp4
[36m(RolloutWorker pid=55171)[0m IMAGEIO FFMPEG_WRITER WARNING: input image is not divisible by macro_block_size=16, resizing from (1000, 360) to (1008, 368) to ensure video compatibility with most codecs and players. To prevent resizing, make your input image divisible by the macro_block_size or set the macro_block_size to 1 (risking incompatibility).
[36m(RolloutWorker pid=55171)[0m [EpisodeRecorder] episode end (terminated=True truncated=False) frames_written=42
[36m(RolloutWorker pid=55171)[0m [EpisodeRecorder] finalized artifacts/episodes/ep_00110.mp4 (1484481 bytes, 42 frames)
[36m(RolloutWorker pid=55171)[0m [CarlaEnv] Spawned ego id=321 at sp_idx=83 (-27.2,137.0) (attempt 1)
iter=155 R=-22.3 len=73 eps=2 steps=15500
[36m(RolloutWorker pid=55171)[0m [EpisodeRecorder] episode end (terminated=True truncated=False) frames_written=0
[36m(RolloutWorker pid=55171)[0m [CarlaEnv] Spawned ego id=323 at sp_idx=123 (-13.3,-61.1) (attempt 1)
[36m(RolloutWorker pid=55171)[0m [EpisodeRecorder] episode end (terminated=True truncated=False) frames_written=0
[36m(RolloutWorker pid=55171)[0m [CarlaEnv] Spawned ego id=325 at sp_idx=48 (43.4,16.9) (attempt 1)
iter=156 R=-15.3 len=69 eps=2 steps=15600
[36m(RolloutWorker pid=55171)[0m [EpisodeRecorder] episode end (terminated=True truncated=False) frames_written=0
[36m(RolloutWorker pid=55171)[0m [CarlaEnv] Spawned ego id=327 at sp_idx=60 (10.9,-57.4) (attempt 1)
[36m(RolloutWorker pid=55171)[0m [EpisodeRecorder] episode end (terminated=True truncated=False) frames_written=0
[36m(RolloutWorker pid=55171)[0m [CarlaEnv] Spawned ego id=329 at sp_idx=34 (6.0,66.3) (attempt 1)
[36m(RolloutWorker pid=55171)[0m [EpisodeRecorder] recording episode 115 -> artifacts/episodes/ep_00115.mp4
[36m(RolloutWorker pid=55171)[0m IMAGEIO FFMPEG_WRITER WARNING: input image is not divisible by macro_block_size=16, resizing from (1000, 360) to (1008, 368) to ensure video compatibility with most codecs and players. To prevent resizing, make your input image divisible by the macro_block_size or set the macro_block_size to 1 (risking incompatibility).
iter=157 R=-16.6 len=67 eps=2 steps=15700
[36m(RolloutWorker pid=55171)[0m [EpisodeRecorder] episode end (terminated=True truncated=False) frames_written=42
[36m(RolloutWorker pid=55171)[0m [EpisodeRecorder] finalized artifacts/episodes/ep_00115.mp4 (1731975 bytes, 42 frames)
[36m(RolloutWorker pid=55171)[0m [CarlaEnv] Spawned ego id=332 at sp_idx=77 (-78.0,13.0) (attempt 1)
[36m(RolloutWorker pid=55171)[0m [EpisodeRecorder] episode end (terminated=True truncated=False) frames_written=0
[36m(RolloutWorker pid=55171)[0m [CarlaEnv] Spawned ego id=334 at sp_idx=114 (29.2,16.8) (attempt 1)
iter=158 R=-12.8 len=65 eps=2 steps=15800
[36m(RolloutWorker pid=55171)[0m [EpisodeRecorder] episode end (terminated=True truncated=False) frames_written=0
[36m(RolloutWorker pid=55171)[0m [CarlaEnv] Spawned ego id=336 at sp_idx=75 (-110.8,46.7) (attempt 1)
[36m(RolloutWorker pid=55171)[0m [EpisodeRecorder] episode end (terminated=True truncated=False) frames_written=0
[36m(RolloutWorker pid=55171)[0m [CarlaEnv] Spawned ego id=338 at sp_idx=115 (-41.8,-16.6) (attempt 1)
[36m(RolloutWorker pid=55171)[0m [EpisodeRecorder] episode end (terminated=True truncated=False) frames_written=0
[36m(RolloutWorker pid=55171)[0m [CarlaEnv] Spawned ego id=340 at sp_idx=41 (109.5,71.2) (attempt 1)
[36m(RolloutWorker pid=55171)[0m [EpisodeRecorder] recording episode 120 -> artifacts/episodes/ep_00120.mp4
[36m(RolloutWorker pid=55171)[0m [EpisodeRecorder] append failed: All images in a movie should have same size
iter=159 R=-9.7 len=62 eps=3 steps=15900
[36m(RolloutWorker pid=55171)[0m [EpisodeRecorder] episode end (terminated=True truncated=False) frames_written=1
[36m(RolloutWorker pid=55171)[0m [EpisodeRecorder] finalized artifacts/episodes/ep_00120.mp4 (1729 bytes, 1 frames)
[36m(RolloutWorker pid=55171)[0m [CarlaEnv] Spawned ego id=343 at sp_idx=105 (83.1,13.4) (attempt 1)
[36m(RolloutWorker pid=55171)[0m [EpisodeRecorder] episode end (terminated=True truncated=False) frames_written=0
[36m(RolloutWorker pid=55171)[0m [CarlaEnv] Spawned ego id=345 at sp_idx=76 (99.1,42.1) (attempt 1)
iter=160 R=-8.3 len=59 eps=2 steps=16000
  checkpoint saved: TrainingResult(checkpoint=Checkpoint(filesystem=local, path=./checkpoints/gt), metrics={'custom_metrics': {}, 'episode_media': {}, 'info': {'learner': {'default_policy': {'custom_metrics': {}, 'learner_stats': {'actor_loss': np.float64(50.09449005126953), 'critic_loss': np.float64(1.37289297580719), 'alpha_loss': np.float64(2.0595779418945312), 'alpha_value': np.float32(0.05267455), 'log_alpha_value': np.float32(-2.9436228), 'target_entropy': np.float32(-3.0), 'policy_t': np.float64(0.27304160594940186), 'mean_q': np.float64(-50.165794372558594), 'max_q': np.float64(4.1980204582214355), 'min_q': np.float64(-94.29890441894531)}, 'model': {}, 'num_grad_updates_lifetime': np.float64(14500.0), 'diff_num_grad_updates_vs_sampler_policy': np.float64(14499.0), 'td_error': array([5.1273346e-01, 8.5338593e-02, 9.6586227e-01, 8.0869102e-01,
       2.9497218e-01, 1.4929581e-01, 1.1485934e+00, 3.4498978e-01,
       6.4873314e-01, 5.9964085e-01, 6.6667938e-01, 6.4272690e-01,
       7.1386194e-01, 1.9519424e-01, 4.2049408e-02, 1.2574110e+00,
       1.3367422e+01, 2.4168015e-01, 1.0878592e+01, 5.8138275e-01,
       2.4670162e+00, 7.3390388e-01, 1.3882446e-01, 4.5361328e-01,
       2.3176575e-01, 3.0990982e-01, 8.7877369e-01, 1.6892624e-01,
       1.9935513e+00, 1.3875961e-01, 2.1417236e-01, 1.1652784e+00,
       2.0722027e+00, 3.0224609e-01, 2.2688317e+00, 2.9176331e-01,
       1.2977680e+00, 2.5839233e-01, 4.7454453e-01, 8.4078598e-01,
       3.9990616e-01, 1.2953186e-01, 3.2861328e-01, 2.3444366e-01,
       6.1178970e-01, 2.6858521e-01, 7.5362015e-01, 3.0316544e-01,
       6.7067719e-01, 6.1174583e-01, 4.2833099e+00, 2.5775909e-01,
       6.9511986e+00, 2.2134209e-01, 2.8515244e-01, 2.0767975e-01,
       9.9130321e-01, 2.7470779e-01, 1.2778473e+00, 1.1711836e-01,
       2.1097565e-01, 2.5880446e+00, 5.0836182e-01, 2.4702477e+01,
       7.2343063e-01, 4.1506195e-01, 5.2548676e+00, 2.1500015e-01,
       7.3970222e-01, 1.5790195e+00, 2.5253677e-01, 1.1515427e-01,
       8.1817627e-02, 4.2412033e+00, 5.8981705e-01, 7.3160076e-01,
       3.0671692e-01, 4.4424820e-01, 1.5030956e+00, 1.7370224e-01,
       1.0903969e+00, 2.9433823e-01, 8.5648537e-01, 2.3545456e-01,
       6.0395432e-01, 9.3396759e-01, 3.0704117e-01, 2.2272491e-01,
       3.7590523e+00, 1.9893608e+00, 1.3148584e+00, 1.7712660e+00,
       8.3975220e-01, 1.0442564e+02, 4.4468498e-01, 2.1567001e+00,
       2.5312805e-01, 1.1706543e-01, 9.6177626e-01, 1.0536652e+00,
       4.0805054e-01, 4.8622894e-01, 2.4413300e-01, 2.0328217e+00,
       6.9536591e-01, 7.4790497e+00, 9.3276310e-01, 1.9393921e-01,
       5.4045200e-02, 2.1822357e-01, 6.4095116e-01, 3.4747314e-01,
       1.9062424e-01, 4.3924999e-01, 5.0304794e-01, 4.1534758e-01,
       2.3885345e-01, 6.3306808e-01, 4.9763680e-01, 4.2585087e-01,
       2.1846771e-01, 2.2123718e+00, 4.2984390e-01, 1.2956328e+00,
       1.7329874e+00, 2.5598717e-01, 1.7514553e+00, 3.3584595e-01,
       9.2181015e-01, 5.1792450e+00, 1.8622932e+00, 1.3531442e+00,
       2.4509430e-01, 5.5250680e-01, 1.2084150e+00, 5.7625151e-01,
       5.3118515e-01, 8.4381104e-01, 1.4525833e+00, 1.0320024e+00,
       2.1717796e+00, 2.6011467e-01, 2.8158569e-01, 1.6477203e-01,
       3.9809341e+00, 1.1874676e+00, 6.0122814e+00, 4.8071289e-01,
       4.4823647e-01, 2.9559326e-01, 5.8731079e-01, 1.9088745e-02,
       2.7117920e-01, 5.0145054e-01, 1.8088238e+01, 6.9726658e-01,
       5.0041389e-01, 1.4528465e-01, 4.2150116e-01, 8.7972546e-01,
       5.5632839e+00, 1.0597153e+00, 6.3985157e-01, 1.6244011e+00,
       2.9396057e-02, 1.3876057e+00, 8.4037781e-02, 1.6191483e-01,
       2.4657059e-01, 2.5496674e-01, 3.4323235e+00, 1.6207809e+00,
       1.2275620e+00, 3.9093208e-01, 9.0778255e-01, 4.0809059e-01,
       6.6818237e-02, 5.4552078e-01, 7.4256897e-02, 3.2057953e-01,
       2.1873837e+00, 1.4367485e-01, 4.5294189e-01, 1.6770267e-01,
       6.1345458e+00, 9.5164490e-01, 3.0725479e-01, 8.2341623e-01,
       1.3505220e-01, 8.9396429e-01, 2.9227829e-01, 1.1365259e+00,
       6.4946175e-02, 5.5290604e-01, 1.3385315e+00, 1.3728943e+00,
       8.6643314e-01, 2.1911430e-01, 3.6528397e-01, 2.0621872e-01,
       1.7140503e+00, 2.6963043e-01, 1.9748363e+00, 1.1491947e+00,
       1.6492844e-01, 1.9828224e-01, 5.3073883e-02, 4.4057083e-01,
       1.6808090e+00, 3.3289719e-01, 1.8658066e-01, 4.0237808e-01,
       7.2343063e-01, 1.3808575e+00, 3.9032745e-01, 4.8773174e+00,
       3.2606852e+00, 1.3787014e+01, 1.0196414e+00, 1.0006371e+00,
       4.0644836e-01, 2.0808029e+00, 1.9963837e-01, 1.3602066e-01,
       1.2102098e+00, 5.7262039e-01, 4.2110825e-01, 2.4069595e-01,
       1.3667717e+00, 2.4226379e-01, 2.8796864e-01, 6.7266846e-01,
       3.0743706e+00, 5.6203079e-01, 6.6660547e-01, 4.5444489e-01,
       1.0544586e-01, 1.2528076e+00, 2.5674057e-01, 1.5143585e-01,
       3.5298729e+00, 1.4638920e+00, 3.5408783e-01, 1.1000614e+01,
       5.0840063e+00, 5.4196930e-01, 2.8030014e-01, 1.4808655e-01,
       5.9337997e-01, 5.7291412e-01, 3.3365250e-01, 3.4408951e-01,
       4.9003601e-01, 6.1049747e-01, 4.8178577e+00, 5.7148743e-01],
      dtype=float32), 'mean_td_error': np.float64(1.7041453123092651)}}, 'num_env_steps_sampled': 16000, 'num_env_steps_trained': 3712000, 'num_agent_steps_sampled': 16000, 'num_agent_steps_trained': 3712000, 'last_target_update_ts': 16000, 'num_target_updates': 14500}, 'env_runners': {'episode_reward_max': np.float64(111.71475269830137), 'episode_reward_min': np.float64(-312.1115839938078), 'episode_reward_mean': np.float64(-8.305889957790988), 'episode_len_mean': np.float64(59.41), 'episode_media': {}, 'episodes_timesteps_total': 5941, 'policy_reward_min': {'default_policy': np.float64(-312.1115839938078)}, 'policy_reward_max': {'default_policy': np.float64(111.71475269830137)}, 'policy_reward_mean': {'default_policy': np.float64(-8.305889957790988)}, 'custom_metrics': {}, 'hist_stats': {'episode_reward': [np.float64(-93.58923504661026), np.float64(-16.252214088040624), np.float64(8.327454308622986), np.float64(45.70551240683479), np.float64(-190.88174514343973), np.float64(55.24134254250255), np.float64(-116.65505527781768), np.float64(77.87263600274736), np.float64(7.330390181607153), np.float64(29.60862676306957), np.float64(16.829542334336058), np.float64(22.68812735457366), np.float64(-26.55466030204878), np.float64(25.503173257732175), np.float64(64.42742434206286), np.float64(-141.48744136700918), np.float64(86.75803332201498), np.float64(93.62359648147998), np.float64(43.72300219394371), np.float64(18.151846345918727), np.float64(-3.110031115695913), np.float64(-131.17053904135935), np.float64(63.96564201926956), np.float64(64.81171212874601), np.float64(-129.6404854337407), np.float64(23.835056263505628), np.float64(76.12532876940891), np.float64(86.09566564881014), np.float64(29.93444102154405), np.float64(-165.41380311238566), np.float64(98.9118737658849), np.float64(-172.76846066763613), np.float64(-112.13715114749644), np.float64(-145.99572761328568), np.float64(52.614546454746375), np.float64(-1.5611564875098418), np.float64(34.399004163931096), np.float64(19.91671520973093), np.float64(-305.9914438122074), np.float64(76.08470739802897), np.float64(103.73441415768166), np.float64(111.71475269830137), np.float64(73.56444496310837), np.float64(3.383164563824323), np.float64(69.20745959662777), np.float64(3.000754432228819), np.float64(44.82389226103675), np.float64(-125.55560816087053), np.float64(76.17926912080338), np.float64(-100.70132831781513), np.float64(-144.21202385611946), np.float64(-49.60541126294402), np.float64(54.83441672644993), np.float64(55.308307845135026), np.float64(-142.00263595374958), np.float64(33.34093068569441), np.float64(93.26261409115446), np.float64(91.72600414500998), np.float64(64.77461027200084), np.float64(98.80895592012327), np.float64(-144.44013093585124), np.float64(55.41297773610765), np.float64(-312.1115839938078), np.float64(70.71486703966247), np.float64(-144.38714391352386), np.float64(6.572858512392374), np.float64(21.441153313874796), np.float64(47.33333279478658), np.float64(70.23336714976043), np.float64(30.466042818339957), np.float64(80.08769878608094), np.float64(15.534425229806487), np.float64(77.73216552652804), np.float64(-182.1265129981365), np.float64(107.95118976137115), np.float64(-131.46252493133665), np.float64(46.37764522233885), np.float64(88.61434388837273), np.float64(75.83081994620143), np.float64(67.14530995100134), np.float64(68.85941799108505), np.float64(31.988469179088163), np.float64(-160.0983409591538), np.float64(-159.1249383142461), np.float64(-99.07296780697688), np.float64(10.172449732476114), np.float64(-208.98658198622962), np.float64(39.4248187388471), np.float64(-99.285307165589), np.float64(105.14406553877495), np.float64(26.025458133872228), np.float64(-187.31608998789818), np.float64(-169.78014363865572), np.float64(36.651634548990806), np.float64(50.24986941109969), np.float64(-1.2474468708798077), np.float64(85.43032490563662), np.float64(15.45823780923405), np.float64(-101.14669028130794), np.float64(54.281229386312695)], 'episode_lengths': [183, 119, 107, 86, 89, 82, 58, 62, 89, 82, 52, 56, 74, 53, 62, 66, 59, 49, 70, 64, 43, 55, 64, 59, 59, 70, 48, 54, 54, 94, 64, 69, 135, 77, 59, 121, 57, 58, 120, 49, 42, 50, 45, 44, 53, 45, 55, 106, 49, 50, 46, 84, 55, 53, 46, 45, 56, 50, 42, 40, 47, 40, 101, 49, 47, 89, 42, 49, 55, 51, 42, 42, 50, 49, 52, 39, 41, 43, 49, 39, 44, 49, 41, 30, 49, 43, 49, 54, 42, 49, 50, 50, 40, 42, 42, 51, 50, 42, 40, 41], 'policy_default_policy_reward': [np.float64(-93.58923504661026), np.float64(-16.252214088040624), np.float64(8.327454308622986), np.float64(45.70551240683479), np.float64(-190.88174514343973), np.float64(55.24134254250255), np.float64(-116.65505527781768), np.float64(77.87263600274736), np.float64(7.330390181607153), np.float64(29.60862676306957), np.float64(16.829542334336058), np.float64(22.68812735457366), np.float64(-26.55466030204878), np.float64(25.503173257732175), np.float64(64.42742434206286), np.float64(-141.48744136700918), np.float64(86.75803332201498), np.float64(93.62359648147998), np.float64(43.72300219394371), np.float64(18.151846345918727), np.float64(-3.110031115695913), np.float64(-131.17053904135935), np.float64(63.96564201926956), np.float64(64.81171212874601), np.float64(-129.6404854337407), np.float64(23.835056263505628), np.float64(76.12532876940891), np.float64(86.09566564881014), np.float64(29.93444102154405), np.float64(-165.41380311238566), np.float64(98.9118737658849), np.float64(-172.76846066763613), np.float64(-112.13715114749644), np.float64(-145.99572761328568), np.float64(52.614546454746375), np.float64(-1.5611564875098418), np.float64(34.399004163931096), np.float64(19.91671520973093), np.float64(-305.9914438122074), np.float64(76.08470739802897), np.float64(103.73441415768166), np.float64(111.71475269830137), np.float64(73.56444496310837), np.float64(3.383164563824323), np.float64(69.20745959662777), np.float64(3.000754432228819), np.float64(44.82389226103675), np.float64(-125.55560816087053), np.float64(76.17926912080338), np.float64(-100.70132831781513), np.float64(-144.21202385611946), np.float64(-49.60541126294402), np.float64(54.83441672644993), np.float64(55.308307845135026), np.float64(-142.00263595374958), np.float64(33.34093068569441), np.float64(93.26261409115446), np.float64(91.72600414500998), np.float64(64.77461027200084), np.float64(98.80895592012327), np.float64(-144.44013093585124), np.float64(55.41297773610765), np.float64(-312.1115839938078), np.float64(70.71486703966247), np.float64(-144.38714391352386), np.float64(6.572858512392374), np.float64(21.441153313874796), np.float64(47.33333279478658), np.float64(70.23336714976043), np.float64(30.466042818339957), np.float64(80.08769878608094), np.float64(15.534425229806487), np.float64(77.73216552652804), np.float64(-182.1265129981365), np.float64(107.95118976137115), np.float64(-131.46252493133665), np.float64(46.37764522233885), np.float64(88.61434388837273), np.float64(75.83081994620143), np.float64(67.14530995100134), np.float64(68.85941799108505), np.float64(31.988469179088163), np.float64(-160.0983409591538), np.float64(-159.1249383142461), np.float64(-99.07296780697688), np.float64(10.172449732476114), np.float64(-208.98658198622962), np.float64(39.4248187388471), np.float64(-99.285307165589), np.float64(105.14406553877495), np.float64(26.025458133872228), np.float64(-187.31608998789818), np.float64(-169.78014363865572), np.float64(36.651634548990806), np.float64(50.24986941109969), np.float64(-1.2474468708798077), np.float64(85.43032490563662), np.float64(15.45823780923405), np.float64(-101.14669028130794), np.float64(54.281229386312695)]}, 'sampler_perf': {'mean_raw_obs_processing_ms': np.float64(0.9985041053801044), 'mean_inference_ms': np.float64(2.6029228390789596), 'mean_action_processing_ms': np.float64(0.10062161935492099), 'mean_env_wait_ms': np.float64(5.030495160015366), 'mean_env_render_ms': np.float64(0.0)}, 'num_faulty_episodes': 0, 'connector_metrics': {'ObsPreprocessorConnector_ms': np.float64(0.0361783504486084), 'StateBufferConnector_ms': np.float64(0.0035767555236816406), 'ViewRequirementAgentConnector_ms': np.float64(0.11588358879089355)}, 'num_episodes': 2, 'episode_return_max': np.float64(111.71475269830137), 'episode_return_min': np.float64(-312.1115839938078), 'episode_return_mean': np.float64(-8.305889957790988), 'episodes_this_iter': 2}, 'num_healthy_workers': 1, 'actor_manager_num_outstanding_async_reqs': 0, 'num_remote_worker_restarts': 0, 'num_agent_steps_sampled': 16000, 'num_agent_steps_trained': 3712000, 'num_env_steps_sampled': 16000, 'num_env_steps_trained': 3712000, 'num_env_steps_sampled_this_iter': 100, 'num_env_steps_trained_this_iter': 25600, 'num_env_steps_sampled_throughput_per_sec': 7.421074305773342, 'num_env_steps_trained_throughput_per_sec': 1899.7950222779755, 'timesteps_total': 16000, 'num_env_steps_sampled_lifetime': 16000, 'num_agent_steps_sampled_lifetime': 16000, 'num_steps_trained_this_iter': 25600, 'agent_timesteps_total': 16000, 'timers': {'training_iteration_time_ms': 13461.187, 'restore_workers_time_ms': 0.007, 'training_step_time_ms': 139.805, 'sample_time_ms': 33.463, 'load_time_ms': 5.177, 'load_throughput': 49447.693, 'learn_time_ms': 27.674, 'learn_throughput': 9250.597, 'synch_weights_time_ms': 8.446}, 'counters': {'num_env_steps_sampled': 16000, 'num_env_steps_trained': 3712000, 'num_agent_steps_sampled': 16000, 'num_agent_steps_trained': 3712000, 'last_target_update_ts': 16000, 'num_target_updates': 14500}, 'done': False, 'training_iteration': 160, 'trial_id': 'default', 'date': '2026-04-24_14-44-21', 'timestamp': 1777016661, 'time_this_iter_s': 13.495943307876587, 'time_total_s': 1971.298968553543, 'pid': 54804, 'hostname': 'supawich-B760M-Pro-RS-D4', 'node_ip': '192.168.110.31', 'config': {'exploration_config': {'type': 'StochasticSampling'}, 'extra_python_environs_for_driver': {}, 'extra_python_environs_for_worker': {}, 'placement_strategy': 'PACK', 'num_gpus': 1, '_fake_gpus': False, 'num_cpus_for_main_process': 1, 'eager_tracing': True, 'eager_max_retraces': 20, 'tf_session_args': {'intra_op_parallelism_threads': 2, 'inter_op_parallelism_threads': 2, 'gpu_options': {'allow_growth': True}, 'log_device_placement': False, 'device_count': {'CPU': 1}, 'allow_soft_placement': True}, 'local_tf_session_args': {'intra_op_parallelism_threads': 8, 'inter_op_parallelism_threads': 8}, 'torch_compile_learner': False, 'torch_compile_learner_what_to_compile': <TorchCompileWhatToCompile.FORWARD_TRAIN: 'forward_train'>, 'torch_compile_learner_dynamo_backend': 'inductor', 'torch_compile_learner_dynamo_mode': None, 'torch_compile_worker': False, 'torch_compile_worker_dynamo_backend': 'onnxrt', 'torch_compile_worker_dynamo_mode': None, 'torch_ddp_kwargs': {}, 'torch_skip_nan_gradients': False, 'env': 'carla_gt_env', 'env_config': {'host': 'localhost', 'port': 2000}, 'observation_space': None, 'action_space': None, 'clip_rewards': None, 'normalize_actions': True, 'clip_actions': False, '_is_atari': None, 'disable_env_checking': False, 'render_env': False, 'action_mask_key': 'action_mask', 'env_runner_cls': None, 'num_env_runners': 1, 'create_local_env_runner': True, 'num_envs_per_env_runner': 1, 'gym_env_vectorize_mode': 'sync', 'num_cpus_per_env_runner': 1, 'num_gpus_per_env_runner': 0, 'custom_resources_per_env_runner': {}, 'validate_env_runners_after_construction': True, 'episodes_to_numpy': True, 'max_requests_in_flight_per_env_runner': 1, 'sample_timeout_s': 60.0, '_env_to_module_connector': None, 'add_default_connectors_to_env_to_module_pipeline': True, '_module_to_env_connector': None, 'add_default_connectors_to_module_to_env_pipeline': True, 'merge_env_runner_states': 'training_only', 'broadcast_env_runner_states': True, 'episode_lookback_horizon': 1, 'rollout_fragment_length': 'auto', 'batch_mode': 'truncate_episodes', 'compress_observations': False, 'remote_worker_envs': False, 'remote_env_batch_wait_ms': 0, 'enable_tf1_exec_eagerly': False, 'sample_collector': <class 'ray.rllib.evaluation.collectors.simple_list_collector.SimpleListCollector'>, 'preprocessor_pref': 'deepmind', 'observation_filter': 'NoFilter', 'update_worker_filter_stats': True, 'use_worker_filter_stats': True, 'sampler_perf_stats_ema_coef': None, '_is_online': True, 'num_learners': 0, 'num_gpus_per_learner': 0, 'num_cpus_per_learner': 'auto', 'num_aggregator_actors_per_learner': 0, 'max_requests_in_flight_per_aggregator_actor': 3, 'local_gpu_idx': 0, 'max_requests_in_flight_per_learner': 3, 'gamma': 0.99, 'lr': None, 'grad_clip': None, 'grad_clip_by': 'global_norm', '_train_batch_size_per_learner': 256, 'train_batch_size': 256, 'num_epochs': 1, 'minibatch_size': None, 'shuffle_batch_per_epoch': False, 'model': {'fcnet_hiddens': [256, 256], 'fcnet_activation': 'tanh', 'fcnet_weights_initializer': None, 'fcnet_weights_initializer_config': None, 'fcnet_bias_initializer': None, 'fcnet_bias_initializer_config': None, 'conv_filters': None, 'conv_activation': 'relu', 'conv_kernel_initializer': None, 'conv_kernel_initializer_config': None, 'conv_bias_initializer': None, 'conv_bias_initializer_config': None, 'conv_transpose_kernel_initializer': None, 'conv_transpose_kernel_initializer_config': None, 'conv_transpose_bias_initializer': None, 'conv_transpose_bias_initializer_config': None, 'post_fcnet_hiddens': [], 'post_fcnet_activation': 'relu', 'post_fcnet_weights_initializer': None, 'post_fcnet_weights_initializer_config': None, 'post_fcnet_bias_initializer': None, 'post_fcnet_bias_initializer_config': None, 'free_log_std': False, 'log_std_clip_param': 20.0, 'no_final_linear': False, 'vf_share_layers': True, 'use_lstm': False, 'max_seq_len': 20, 'lstm_cell_size': 256, 'lstm_use_prev_action': False, 'lstm_use_prev_reward': False, 'lstm_weights_initializer': None, 'lstm_weights_initializer_config': None, 'lstm_bias_initializer': None, 'lstm_bias_initializer_config': None, '_time_major': False, 'use_attention': False, 'attention_num_transformer_units': 1, 'attention_dim': 64, 'attention_num_heads': 1, 'attention_head_dim': 32, 'attention_memory_inference': 50, 'attention_memory_training': 50, 'attention_position_wise_mlp_dim': 32, 'attention_init_gru_gate_bias': 2.0, 'attention_use_n_prev_actions': 0, 'attention_use_n_prev_rewards': 0, 'framestack': True, 'dim': 84, 'grayscale': False, 'zero_mean': True, 'custom_model': None, 'custom_model_config': {}, 'custom_action_dist': None, 'custom_preprocessor': None, 'encoder_latent_dim': None, 'always_check_shapes': False, 'lstm_use_prev_action_reward': -1, '_use_default_native_models': -1, '_disable_preprocessor_api': False, '_disable_action_flattening': False}, '_learner_connector': None, 'add_default_connectors_to_learner_pipeline': True, 'learner_config_dict': {}, 'optimizer': {}, '_learner_class': None, 'callbacks_on_algorithm_init': None, 'callbacks_on_env_runners_recreated': None, 'callbacks_on_offline_eval_runners_recreated': None, 'callbacks_on_checkpoint_loaded': None, 'callbacks_on_environment_created': None, 'callbacks_on_episode_created': None, 'callbacks_on_episode_start': None, 'callbacks_on_episode_step': None, 'callbacks_on_episode_end': None, 'callbacks_on_evaluate_start': None, 'callbacks_on_evaluate_end': None, 'callbacks_on_evaluate_offline_start': None, 'callbacks_on_evaluate_offline_end': None, 'callbacks_on_sample_end': None, 'callbacks_on_train_result': None, 'explore': True, 'enable_rl_module_and_learner': False, 'enable_env_runner_and_connector_v2': False, '_prior_exploration_config': None, 'count_steps_by': 'env_steps', 'policy_map_capacity': 100, 'policy_mapping_fn': <function AlgorithmConfig.DEFAULT_POLICY_MAPPING_FN at 0x7c3f0e248cc0>, 'policies_to_train': None, 'policy_states_are_swappable': False, 'observation_fn': None, 'offline_data_class': None, 'input_read_method': 'read_parquet', 'input_read_method_kwargs': {}, 'input_read_schema': {}, 'input_read_episodes': False, 'input_read_sample_batches': False, 'input_read_batch_size': None, 'input_filesystem': None, 'input_filesystem_kwargs': {}, 'input_compress_columns': ['obs', 'new_obs'], 'input_spaces_jsonable': True, 'materialize_data': False, 'materialize_mapped_data': True, 'map_batches_kwargs': {}, 'iter_batches_kwargs': {}, 'ignore_final_observation': False, 'prelearner_class': None, 'prelearner_buffer_class': None, 'prelearner_buffer_kwargs': {}, 'prelearner_module_synch_period': 10, 'prelearner_use_recorded_module_states': False, 'dataset_num_iters_per_learner': None, 'input_config': {}, 'actions_in_input_normalized': False, 'postprocess_inputs': False, 'shuffle_buffer_size': 0, 'output': None, 'output_config': {}, 'output_compress_columns': ['obs', 'new_obs'], 'output_max_file_size': 67108864, 'output_max_rows_per_file': None, 'output_write_remaining_data': False, 'output_write_method': 'write_parquet', 'output_write_method_kwargs': {}, 'output_filesystem': None, 'output_filesystem_kwargs': {}, 'output_write_episodes': True, 'offline_sampling': False, 'evaluation_interval': None, 'evaluation_duration': 10, 'evaluation_duration_unit': 'episodes', 'evaluation_sample_timeout_s': 120.0, 'evaluation_auto_duration_min_env_steps_per_sample': 100, 'evaluation_auto_duration_max_env_steps_per_sample': 2000, 'evaluation_parallel_to_training': False, 'evaluation_force_reset_envs_before_iteration': True, 'evaluation_config': None, 'off_policy_estimation_methods': {}, 'ope_split_batch_by_episode': True, 'evaluation_num_env_runners': 0, 'in_evaluation': False, 'sync_filters_on_rollout_workers_timeout_s': 10.0, 'offline_evaluation_interval': None, 'num_offline_eval_runners': 0, 'offline_evaluation_type': 'eval_loss', 'offline_eval_runner_class': None, 'offline_loss_for_module_fn': None, 'offline_evaluation_duration': 1, 'offline_evaluation_parallel_to_training': False, 'offline_evaluation_timeout_s': 120.0, 'num_cpus_per_offline_eval_runner': 1, 'num_gpus_per_offline_eval_runner': 0, 'custom_resources_per_offline_eval_runner': {}, 'restart_failed_offline_eval_runners': True, 'ignore_offline_eval_runner_failures': False, 'max_num_offline_eval_runner_restarts': 1000, 'offline_eval_runner_restore_timeout_s': 1800.0, 'max_requests_in_flight_per_offline_eval_runner': 1, 'validate_offline_eval_runners_after_construction': True, 'offline_eval_runner_health_probe_timeout_s': 30.0, 'offline_eval_rl_module_inference_only': False, 'broadcast_offline_eval_runner_states': False, 'offline_eval_batch_size_per_runner': 256, 'dataset_num_iters_per_eval_runner': 1, 'keep_per_episode_custom_metrics': False, 'metrics_episode_collection_timeout_s': 60.0, 'metrics_num_episodes_for_smoothing': 100, 'min_time_s_per_iteration': 1, 'min_train_timesteps_per_iteration': 0, 'min_sample_timesteps_per_iteration': 100, 'log_gradients': False, 'stats_cls_lookup': {'mean': <class 'ray.rllib.utils.metrics.stats.mean.MeanStats'>, 'ema': <class 'ray.rllib.utils.metrics.stats.ema.EmaStats'>, 'min': <class 'ray.rllib.utils.metrics.stats.min.MinStats'>, 'max': <class 'ray.rllib.utils.metrics.stats.max.MaxStats'>, 'sum': <class 'ray.rllib.utils.metrics.stats.sum.SumStats'>, 'lifetime_sum': <class 'ray.rllib.utils.metrics.stats.lifetime_sum.LifetimeSumStats'>, 'percentiles': <class 'ray.rllib.utils.metrics.stats.percentiles.PercentilesStats'>, 'item': <class 'ray.rllib.utils.metrics.stats.item.ItemStats'>, 'item_series': <class 'ray.rllib.utils.metrics.stats.item_series.ItemSeriesStats'>}, 'export_native_model_files': False, 'checkpoint_trainable_policies_only': False, 'logger_creator': None, 'logger_config': None, 'log_level': 'WARN', 'log_sys_usage': True, 'fake_sampler': False, 'seed': 42, 'restart_failed_env_runners': True, 'ignore_env_runner_failures': True, 'max_num_env_runner_restarts': 1000, 'delay_between_env_runner_restarts_s': 60.0, 'restart_failed_sub_environments': False, 'num_consecutive_env_runner_failures_tolerance': 100, 'env_runner_health_probe_timeout_s': 30.0, 'env_runner_restore_timeout_s': 1800.0, '_model_config': {}, '_rl_module_spec': None, 'algorithm_config_overrides_per_module': {}, '_per_module_overrides': {}, '_validate_config': True, '_use_msgpack_checkpoints': False, '_torch_grad_scaler_class': None, '_torch_lr_scheduler_classes': None, '_tf_policy_handles_more_than_one_loss': False, '_disable_preprocessor_api': False, '_disable_action_flattening': False, '_disable_initialize_loss_from_dummy_batch': False, '_dont_auto_sync_env_runner_states': False, 'env_task_fn': -1, 'enable_connectors': -1, 'simple_optimizer': False, 'policy_map_cache': -1, 'worker_cls': -1, 'synchronize_filters': -1, 'enable_async_evaluation': -1, 'custom_async_evaluation_function': -1, '_enable_rl_module_api': -1, 'auto_wrap_old_gym_envs': -1, 'always_attach_evaluation_results': -1, 'replay_sequence_length': None, '_disable_execution_plan_api': -1, 'twin_q': True, 'q_model_config': {'fcnet_hiddens': [256, 256], 'fcnet_activation': 'relu', 'post_fcnet_hiddens': [], 'post_fcnet_activation': None, 'custom_model': None, 'custom_model_config': {}}, 'policy_model_config': {'fcnet_hiddens': [256, 256], 'fcnet_activation': 'relu', 'post_fcnet_hiddens': [], 'post_fcnet_activation': None, 'custom_model': None, 'custom_model_config': {}}, 'tau': 0.005, 'initial_alpha': 1.0, 'target_entropy': 'auto', 'n_step': 1, 'replay_buffer_config': {'type': 'MultiAgentReplayBuffer', 'capacity': 25000}, 'store_buffer_in_checkpoints': False, 'training_intensity': None, 'optimization': {'actor_learning_rate': 0.0003, 'critic_learning_rate': 0.0003, 'entropy_learning_rate': 0.0003}, 'actor_lr': 0.0003, 'critic_lr': 0.0003, 'alpha_lr': 0.0003, 'target_network_update_freq': 0, 'num_steps_sampled_before_learning_starts': 1500, '_deterministic_loss': False, '_use_beta_distribution': False, 'use_state_preprocessor': -1, 'worker_side_prioritization': -1, 'class': <class 'ray.rllib.algorithms.sac.sac.SACConfig'>, 'input': 'sampler', 'policies': {'default_policy': (None, None, None, None)}, 'callbacks': <class 'ray.rllib.callbacks.callbacks.RLlibCallback'>, 'create_env_on_driver': False, 'custom_eval_function': None, 'framework': 'torch'}, 'time_since_restore': 1971.298968553543, 'iterations_since_restore': 160, 'perf': {'cpu_util_percent': np.float64(23.778947368421054), 'ram_util_percent': np.float64(60.23157894736841)}})
[36m(RolloutWorker pid=55171)[0m [EpisodeRecorder] episode end (terminated=True truncated=False) frames_written=0
[36m(RolloutWorker pid=55171)[0m [CarlaEnv] Spawned ego id=347 at sp_idx=59 (74.8,28.3) (attempt 1)
[36m(RolloutWorker pid=55171)[0m [EpisodeRecorder] episode end (terminated=True truncated=False) frames_written=0
[36m(RolloutWorker pid=55171)[0m [CarlaEnv] Spawned ego id=349 at sp_idx=24 (-52.1,100.2) (attempt 1)
[36m(RolloutWorker pid=55171)[0m [EpisodeRecorder] episode end (terminated=True truncated=False) frames_written=0
[36m(RolloutWorker pid=55171)[0m [CarlaEnv] Spawned ego id=351 at sp_idx=27 (-48.6,60.6) (attempt 1)
[36m(RolloutWorker pid=55171)[0m [EpisodeRecorder] recording episode 125 -> artifacts/episodes/ep_00125.mp4
[36m(RolloutWorker pid=55171)[0m IMAGEIO FFMPEG_WRITER WARNING: input image is not divisible by macro_block_size=16, resizing from (1000, 360) to (1008, 368) to ensure video compatibility with most codecs and players. To prevent resizing, make your input image divisible by the macro_block_size or set the macro_block_size to 1 (risking incompatibility).
iter=161 R=-5.2 len=57 eps=3 steps=16100
[36m(RolloutWorker pid=55171)[0m [EpisodeRecorder] episode end (terminated=True truncated=False) frames_written=50
[36m(RolloutWorker pid=55171)[0m [EpisodeRecorder] finalized artifacts/episodes/ep_00125.mp4 (1819147 bytes, 50 frames)
[36m(RolloutWorker pid=55171)[0m [CarlaEnv] Spawned ego id=354 at sp_idx=21 (99.4,-6.3) (attempt 1)
[36m(RolloutWorker pid=55171)[0m [EpisodeRecorder] episode end (terminated=True truncated=False) frames_written=0
[36m(RolloutWorker pid=55171)[0m [CarlaEnv] Spawned ego id=356 at sp_idx=20 (48.5,141.0) (attempt 1)
iter=162 R=-2.6 len=56 eps=2 steps=16200
[36m(RolloutWorker pid=55171)[0m [EpisodeRecorder] episode end (terminated=True truncated=False) frames_written=0
[36m(RolloutWorker pid=55171)[0m [CarlaEnv] Spawned ego id=358 at sp_idx=103 (-45.3,-1.7) (attempt 1)
[36m(RolloutWorker pid=55171)[0m [EpisodeRecorder] episode end (terminated=True truncated=False) frames_written=0
[36m(RolloutWorker pid=55171)[0m [CarlaEnv] Spawned ego id=360 at sp_idx=58 (77.0,24.8) (attempt 1)
iter=163 R=-0.7 len=55 eps=2 steps=16300
[36m(RolloutWorker pid=55171)[0m [EpisodeRecorder] episode end (terminated=True truncated=False) frames_written=0
[36m(RolloutWorker pid=55171)[0m [CarlaEnv] Spawned ego id=362 at sp_idx=152 (57.6,-67.8) (attempt 1)
[36m(RolloutWorker pid=55171)[0m [EpisodeRecorder] recording episode 130 -> artifacts/episodes/ep_00130.mp4
[36m(RolloutWorker pid=55171)[0m [EpisodeRecorder] append failed: All images in a movie should have same size
[36m(RolloutWorker pid=55171)[0m [EpisodeRecorder] episode end (terminated=True truncated=False) frames_written=1
[36m(RolloutWorker pid=55171)[0m [EpisodeRecorder] finalized artifacts/episodes/ep_00130.mp4 (1716 bytes, 1 frames)
[36m(RolloutWorker pid=55171)[0m [CarlaEnv] Spawned ego id=365 at sp_idx=25 (-48.6,102.5) (attempt 1)
iter=164 R=-0.5 len=55 eps=2 steps=16400
[36m(RolloutWorker pid=55171)[0m [EpisodeRecorder] episode end (terminated=True truncated=False) frames_written=0
[36m(RolloutWorker pid=55171)[0m [CarlaEnv] Spawned ego id=367 at sp_idx=122 (-48.6,85.6) (attempt 1)
[36m(RolloutWorker pid=55171)[0m [EpisodeRecorder] episode end (terminated=True truncated=False) frames_written=0
[36m(RolloutWorker pid=55171)[0m [CarlaEnv] Spawned ego id=369 at sp_idx=150 (44.1,-60.7) (attempt 1)
iter=165 R=+0.5 len=54 eps=2 steps=16500
[36m(RolloutWorker pid=55171)[0m [EpisodeRecorder] episode end (terminated=True truncated=False) frames_written=0
[36m(RolloutWorker pid=55171)[0m [CarlaEnv] Spawned ego id=371 at sp_idx=8 (-111.1,72.9) (attempt 1)
[36m(RolloutWorker pid=55171)[0m [EpisodeRecorder] episode end (terminated=True truncated=False) frames_written=0
[36m(RolloutWorker pid=55171)[0m [CarlaEnv] Spawned ego id=373 at sp_idx=34 (6.0,66.3) (attempt 1)
[36m(RolloutWorker pid=55171)[0m [EpisodeRecorder] recording episode 135 -> artifacts/episodes/ep_00135.mp4
[36m(RolloutWorker pid=55171)[0m IMAGEIO FFMPEG_WRITER WARNING: input image is not divisible by macro_block_size=16, resizing from (1000, 360) to (1008, 368) to ensure video compatibility with most codecs and players. To prevent resizing, make your input image divisible by the macro_block_size or set the macro_block_size to 1 (risking incompatibility).
[36m(RolloutWorker pid=55171)[0m [EpisodeRecorder] episode end (terminated=True truncated=False) frames_written=28
[36m(RolloutWorker pid=55171)[0m [EpisodeRecorder] finalized artifacts/episodes/ep_00135.mp4 (1159810 bytes, 28 frames)
[36m(RolloutWorker pid=55171)[0m [CarlaEnv] Spawned ego id=376 at sp_idx=69 (-28.6,140.5) (attempt 1)
iter=166 R=-3.9 len=54 eps=3 steps=16600
[36m(RolloutWorker pid=55171)[0m [EpisodeRecorder] episode end (terminated=True truncated=False) frames_written=0
[36m(RolloutWorker pid=55171)[0m [CarlaEnv] Spawned ego id=378 at sp_idx=147 (29.9,-64.4) (attempt 1)
[36m(RolloutWorker pid=55171)[0m [EpisodeRecorder] episode end (terminated=True truncated=False) frames_written=0
[36m(RolloutWorker pid=55171)[0m [CarlaEnv] Spawned ego id=380 at sp_idx=154 (106.4,-12.7) (attempt 1)
iter=167 R=-3.6 len=53 eps=2 steps=16700
[36m(RolloutWorker pid=55171)[0m [EpisodeRecorder] episode end (terminated=True truncated=False) frames_written=0
[36m(RolloutWorker pid=55171)[0m [CarlaEnv] Spawned ego id=382 at sp_idx=71 (-9.9,-57.6) (attempt 1)
[36m(RolloutWorker pid=55171)[0m [EpisodeRecorder] episode end (terminated=True truncated=False) frames_written=0
[36m(RolloutWorker pid=55171)[0m [CarlaEnv] Spawned ego id=384 at sp_idx=44 (109.5,89.8) (attempt 1)
[36m(RolloutWorker pid=55171)[0m [EpisodeRecorder] recording episode 140 -> artifacts/episodes/ep_00140.mp4
[36m(RolloutWorker pid=55171)[0m [EpisodeRecorder] append failed: All images in a movie should have same size
iter=168 R=-4.4 len=53 eps=2 steps=16800
[36m(RolloutWorker pid=55171)[0m [EpisodeRecorder] episode end (terminated=True truncated=False) frames_written=1
[36m(RolloutWorker pid=55171)[0m [EpisodeRecorder] finalized artifacts/episodes/ep_00140.mp4 (1737 bytes, 1 frames)
[36m(RolloutWorker pid=55171)[0m [CarlaEnv] Spawned ego id=387 at sp_idx=81 (-5.8,-64.5) (attempt 1)
[36m(RolloutWorker pid=55171)[0m [EpisodeRecorder] episode end (terminated=True truncated=False) frames_written=0
[36m(RolloutWorker pid=55171)[0m [CarlaEnv] Spawned ego id=389 at sp_idx=61 (7.4,-60.9) (attempt 1)
iter=169 R=-3.6 len=53 eps=2 steps=16900
[36m(RolloutWorker pid=55171)[0m [EpisodeRecorder] episode end (terminated=True truncated=False) frames_written=0
[36m(RolloutWorker pid=55171)[0m [CarlaEnv] Spawned ego id=391 at sp_idx=80 (-87.3,24.4) (attempt 1)
[36m(RolloutWorker pid=55171)[0m [EpisodeRecorder] episode end (terminated=True truncated=False) frames_written=0
[36m(RolloutWorker pid=55171)[0m [CarlaEnv] Spawned ego id=393 at sp_idx=141 (-45.2,-36.5) (attempt 1)
iter=170 R=-3.4 len=53 eps=2 steps=17000
  checkpoint saved: TrainingResult(checkpoint=Checkpoint(filesystem=local, path=./checkpoints/gt), metrics={'custom_metrics': {}, 'episode_media': {}, 'info': {'learner': {'default_policy': {'custom_metrics': {}, 'learner_stats': {'actor_loss': np.float64(48.82719421386719), 'critic_loss': np.float64(2.968562602996826), 'alpha_loss': np.float64(0.1457034945487976), 'alpha_value': np.float32(0.06025135), 'log_alpha_value': np.float32(-2.8092303), 'target_entropy': np.float32(-3.0), 'policy_t': np.float64(0.25102895498275757), 'mean_q': np.float64(-48.70597839355469), 'max_q': np.float64(-1.078782320022583), 'min_q': np.float64(-159.3247833251953)}, 'model': {}, 'num_grad_updates_lifetime': np.float64(15500.0), 'diff_num_grad_updates_vs_sampler_policy': np.float64(15499.0), 'td_error': array([5.53817749e-01, 2.03094879e+02, 5.08518219e-01, 1.17628860e+00,
       2.14341998e+00, 8.55073452e-01, 5.84852314e+00, 2.63168144e+00,
       2.61021233e+00, 2.35572815e-01, 1.17035675e+00, 7.16598511e-01,
       2.25390625e+00, 1.03045044e+01, 1.22959614e+00, 1.56829834e-01,
       1.30361843e+00, 7.31307983e-01, 2.93592072e+00, 7.98183441e-01,
       4.78183746e-01, 5.39691257e+00, 1.75716400e-01, 3.50279617e+00,
       3.93608093e-01, 3.62792969e-01, 1.46899724e+00, 4.46918488e-01,
       1.40111732e+00, 2.43806839e-01, 2.67469072e+00, 7.74185181e-01,
       8.34369659e-01, 4.30494308e-01, 2.67726040e+00, 3.81354713e+00,
       2.08232880e-01, 6.78245163e+00, 8.76628876e-01, 4.83345032e-01,
       1.76568890e+00, 1.14976120e+00, 2.65860081e-01, 4.64664459e-01,
       9.70329285e-01, 1.15492630e+00, 2.38945007e-01, 4.55871582e-01,
       4.60650444e-01, 5.76939583e-01, 3.56590271e-01, 2.68268585e+00,
       2.74147034e-01, 1.32048607e-01, 3.80798340e-01, 9.99212265e-01,
       5.17442703e-01, 6.32291794e-01, 2.03018188e-01, 2.93418884e-01,
       9.00123596e-01, 1.85680485e+00, 1.21075058e+00, 1.41448975e-01,
       9.88025665e-02, 1.77528381e-01, 6.73065186e-02, 2.86149979e-01,
       5.47424316e-01, 3.24010372e-01, 1.87985516e+00, 9.86537933e-01,
       2.64108658e-01, 2.08290100e-01, 2.96208572e+00, 1.86241317e+00,
       1.75693512e-01, 1.90158844e-01, 2.29667664e-01, 7.08406448e-01,
       4.55207710e+01, 1.19694138e+00, 8.73304129e-01, 3.18187714e-01,
       5.14431953e-01, 1.11780453e+00, 2.51497917e+01, 1.09570713e+01,
       1.70937443e+00, 3.94776535e+00, 6.34132385e-01, 4.77819443e-01,
       7.65205383e-01, 2.44241238e+00, 1.02502251e+00, 1.19312096e+00,
       5.89382172e-01, 1.46224022e+00, 1.28177452e+00, 1.43638420e+00,
       2.95303345e-01, 2.45056152e+00, 1.79249740e+00, 8.05450439e-01,
       1.58068943e+00, 2.50361538e+00, 3.08895111e-01, 1.61105478e+00,
       2.02283096e+00, 5.66282082e+00, 3.04821014e-01, 8.62350464e-02,
       1.21200180e+00, 6.01196289e-01, 1.41563225e+00, 4.82154846e-01,
       2.63221741e-01, 2.70931244e-01, 6.06880188e-01, 3.40962887e-01,
       1.99612255e+01, 1.01665688e+00, 6.51977539e-01, 1.83654118e+00,
       5.90641975e-01, 1.06426239e-01, 2.32005453e+00, 7.71301270e-01,
       2.10798264e+00, 1.24674225e+00, 1.66117382e+00, 5.32337189e-01,
       4.57935333e-01, 2.75089264e-01, 2.23842621e-01, 3.43647003e-01,
       8.92688751e-01, 2.13495636e+00, 1.63402557e-01, 7.37967491e-02,
       3.80683899e-01, 3.42082977e-01, 6.50001526e-01, 1.12929344e-01,
       2.40386963e-01, 8.04056168e-01, 1.67724323e+00, 2.07542992e+00,
       6.04234657e+01, 1.42822289e+00, 8.38708878e-01, 3.88280869e-01,
       5.19123077e-01, 5.76110840e-01, 3.47569752e+00, 2.65922546e-01,
       3.61929893e-01, 1.32203102e+00, 1.79367065e-01, 8.41608047e-01,
       2.27798653e+00, 2.71347046e-01, 7.73696899e-01, 6.41654968e-01,
       1.08924484e+00, 2.01728940e+00, 2.13735676e+00, 2.98893929e-01,
       1.55723572e-01, 2.90010452e-01, 1.05436420e+00, 4.41155672e+00,
       2.82644272e-01, 2.16232300e-01, 2.87368202e+00, 9.28849220e-01,
       1.67607307e-01, 4.70524406e+00, 8.67652893e-02, 1.74285889e-01,
       6.13533020e-01, 1.28491783e+00, 8.47144699e+00, 1.33669472e+00,
       1.48844337e+00, 2.45857239e-01, 3.34660149e+00, 7.51000404e-01,
       2.38121986e-01, 2.16381764e+00, 6.20342255e-01, 7.94109344e-01,
       6.82194901e+00, 1.09142876e+00, 2.82270241e+00, 2.58345184e+01,
       3.65200043e-01, 1.06855011e+00, 4.69509125e-01, 5.17870140e+00,
       5.67980766e-01, 4.73518372e-01, 5.04348755e-01, 3.18904686e+00,
       1.48167944e+00, 3.71497154e-01, 1.33515215e+00, 2.44903946e+00,
       2.27073669e-01, 5.31639099e-01, 3.38916779e-01, 1.16441345e+00,
       3.81800652e-01, 4.43962097e-01, 3.43353271e-01, 6.43636703e-01,
       7.38689423e-01, 1.13869953e+00, 2.94918060e-01, 1.61977310e+01,
       3.09306145e+00, 6.22577667e-01, 1.08744049e+00, 2.16226578e-01,
       6.44856930e-01, 1.15675735e+00, 1.36840820e-01, 7.78805733e-01,
       1.45449591e+00, 1.66143799e+00, 6.56168938e-01, 2.36473083e-01,
       3.05599213e-01, 5.06513596e+00, 2.33734131e-01, 1.92180824e+00,
       4.43829060e-01, 1.42253876e-01, 8.29597473e-01, 7.79710913e+00,
       2.23026276e+00, 2.47325897e-01, 1.06232452e+00, 1.61105478e+00,
       1.58715773e+00, 1.50056839e+00, 5.72380066e-01, 1.24914551e+00,
       6.76040649e-02, 4.32628632e-01, 7.40224838e-01, 2.77142406e+00,
       7.18082428e-01, 1.13408852e+00, 1.43304840e+02, 7.48182297e-01],
      dtype=float32), 'mean_td_error': np.float64(3.3452367782592773)}}, 'num_env_steps_sampled': 17000, 'num_env_steps_trained': 3968000, 'num_agent_steps_sampled': 17000, 'num_agent_steps_trained': 3968000, 'last_target_update_ts': 17000, 'num_target_updates': 15500}, 'env_runners': {'episode_reward_max': np.float64(119.44549326981222), 'episode_reward_min': np.float64(-312.1115839938078), 'episode_reward_mean': np.float64(-3.4196392163690796), 'episode_len_mean': np.float64(52.65), 'episode_media': {}, 'episodes_timesteps_total': 5265, 'policy_reward_min': {'default_policy': np.float64(-312.1115839938078)}, 'policy_reward_max': {'default_policy': np.float64(119.44549326981222)}, 'policy_reward_mean': {'default_policy': np.float64(-3.4196392163690796)}, 'custom_metrics': {}, 'hist_stats': {'episode_reward': [np.float64(63.96564201926956), np.float64(64.81171212874601), np.float64(-129.6404854337407), np.float64(23.835056263505628), np.float64(76.12532876940891), np.float64(86.09566564881014), np.float64(29.93444102154405), np.float64(-165.41380311238566), np.float64(98.9118737658849), np.float64(-172.76846066763613), np.float64(-112.13715114749644), np.float64(-145.99572761328568), np.float64(52.614546454746375), np.float64(-1.5611564875098418), np.float64(34.399004163931096), np.float64(19.91671520973093), np.float64(-305.9914438122074), np.float64(76.08470739802897), np.float64(103.73441415768166), np.float64(111.71475269830137), np.float64(73.56444496310837), np.float64(3.383164563824323), np.float64(69.20745959662777), np.float64(3.000754432228819), np.float64(44.82389226103675), np.float64(-125.55560816087053), np.float64(76.17926912080338), np.float64(-100.70132831781513), np.float64(-144.21202385611946), np.float64(-49.60541126294402), np.float64(54.83441672644993), np.float64(55.308307845135026), np.float64(-142.00263595374958), np.float64(33.34093068569441), np.float64(93.26261409115446), np.float64(91.72600414500998), np.float64(64.77461027200084), np.float64(98.80895592012327), np.float64(-144.44013093585124), np.float64(55.41297773610765), np.float64(-312.1115839938078), np.float64(70.71486703966247), np.float64(-144.38714391352386), np.float64(6.572858512392374), np.float64(21.441153313874796), np.float64(47.33333279478658), np.float64(70.23336714976043), np.float64(30.466042818339957), np.float64(80.08769878608094), np.float64(15.534425229806487), np.float64(77.73216552652804), np.float64(-182.1265129981365), np.float64(107.95118976137115), np.float64(-131.46252493133665), np.float64(46.37764522233885), np.float64(88.61434388837273), np.float64(75.83081994620143), np.float64(67.14530995100134), np.float64(68.85941799108505), np.float64(31.988469179088163), np.float64(-160.0983409591538), np.float64(-159.1249383142461), np.float64(-99.07296780697688), np.float64(10.172449732476114), np.float64(-208.98658198622962), np.float64(39.4248187388471), np.float64(-99.285307165589), np.float64(105.14406553877495), np.float64(26.025458133872228), np.float64(-187.31608998789818), np.float64(-169.78014363865572), np.float64(36.651634548990806), np.float64(50.24986941109969), np.float64(-1.2474468708798077), np.float64(85.43032490563662), np.float64(15.45823780923405), np.float64(-101.14669028130794), np.float64(54.281229386312695), np.float64(79.27653931824605), np.float64(50.880493221696035), np.float64(82.89053411590668), np.float64(42.91946236498149), np.float64(67.70791929365754), np.float64(119.44549326981222), np.float64(11.069503698194064), np.float64(45.23271276959331), np.float64(59.86720197382249), np.float64(79.59781126617828), np.float64(65.55018301953284), np.float64(-159.6791237492031), np.float64(-98.50653373660666), np.float64(-159.41736123301058), np.float64(113.83591004794899), np.float64(-158.1985447213739), np.float64(72.96777120628977), np.float64(28.266088821067545), np.float64(109.97867610833457), np.float64(28.960295431020178), np.float64(-173.8196081717012), np.float64(55.88943628322926)], 'episode_lengths': [64, 59, 59, 70, 48, 54, 54, 94, 64, 69, 135, 77, 59, 121, 57, 58, 120, 49, 42, 50, 45, 44, 53, 45, 55, 106, 49, 50, 46, 84, 55, 53, 46, 45, 56, 50, 42, 40, 47, 40, 101, 49, 47, 89, 42, 49, 55, 51, 42, 42, 50, 49, 52, 39, 41, 43, 49, 39, 44, 49, 41, 30, 49, 43, 49, 54, 42, 49, 50, 50, 40, 42, 42, 51, 50, 42, 40, 41, 40, 41, 41, 50, 43, 42, 49, 52, 41, 49, 48, 49, 46, 28, 41, 44, 48, 40, 40, 51, 51, 50], 'policy_default_policy_reward': [np.float64(63.96564201926956), np.float64(64.81171212874601), np.float64(-129.6404854337407), np.float64(23.835056263505628), np.float64(76.12532876940891), np.float64(86.09566564881014), np.float64(29.93444102154405), np.float64(-165.41380311238566), np.float64(98.9118737658849), np.float64(-172.76846066763613), np.float64(-112.13715114749644), np.float64(-145.99572761328568), np.float64(52.614546454746375), np.float64(-1.5611564875098418), np.float64(34.399004163931096), np.float64(19.91671520973093), np.float64(-305.9914438122074), np.float64(76.08470739802897), np.float64(103.73441415768166), np.float64(111.71475269830137), np.float64(73.56444496310837), np.float64(3.383164563824323), np.float64(69.20745959662777), np.float64(3.000754432228819), np.float64(44.82389226103675), np.float64(-125.55560816087053), np.float64(76.17926912080338), np.float64(-100.70132831781513), np.float64(-144.21202385611946), np.float64(-49.60541126294402), np.float64(54.83441672644993), np.float64(55.308307845135026), np.float64(-142.00263595374958), np.float64(33.34093068569441), np.float64(93.26261409115446), np.float64(91.72600414500998), np.float64(64.77461027200084), np.float64(98.80895592012327), np.float64(-144.44013093585124), np.float64(55.41297773610765), np.float64(-312.1115839938078), np.float64(70.71486703966247), np.float64(-144.38714391352386), np.float64(6.572858512392374), np.float64(21.441153313874796), np.float64(47.33333279478658), np.float64(70.23336714976043), np.float64(30.466042818339957), np.float64(80.08769878608094), np.float64(15.534425229806487), np.float64(77.73216552652804), np.float64(-182.1265129981365), np.float64(107.95118976137115), np.float64(-131.46252493133665), np.float64(46.37764522233885), np.float64(88.61434388837273), np.float64(75.83081994620143), np.float64(67.14530995100134), np.float64(68.85941799108505), np.float64(31.988469179088163), np.float64(-160.0983409591538), np.float64(-159.1249383142461), np.float64(-99.07296780697688), np.float64(10.172449732476114), np.float64(-208.98658198622962), np.float64(39.4248187388471), np.float64(-99.285307165589), np.float64(105.14406553877495), np.float64(26.025458133872228), np.float64(-187.31608998789818), np.float64(-169.78014363865572), np.float64(36.651634548990806), np.float64(50.24986941109969), np.float64(-1.2474468708798077), np.float64(85.43032490563662), np.float64(15.45823780923405), np.float64(-101.14669028130794), np.float64(54.281229386312695), np.float64(79.27653931824605), np.float64(50.880493221696035), np.float64(82.89053411590668), np.float64(42.91946236498149), np.float64(67.70791929365754), np.float64(119.44549326981222), np.float64(11.069503698194064), np.float64(45.23271276959331), np.float64(59.86720197382249), np.float64(79.59781126617828), np.float64(65.55018301953284), np.float64(-159.6791237492031), np.float64(-98.50653373660666), np.float64(-159.41736123301058), np.float64(113.83591004794899), np.float64(-158.1985447213739), np.float64(72.96777120628977), np.float64(28.266088821067545), np.float64(109.97867610833457), np.float64(28.960295431020178), np.float64(-173.8196081717012), np.float64(55.88943628322926)]}, 'sampler_perf': {'mean_raw_obs_processing_ms': np.float64(1.0794845677231084), 'mean_inference_ms': np.float64(2.589766084034046), 'mean_action_processing_ms': np.float64(0.10021493241071841), 'mean_env_wait_ms': np.float64(4.894588883200463), 'mean_env_render_ms': np.float64(0.0)}, 'num_faulty_episodes': 0, 'connector_metrics': {'ObsPreprocessorConnector_ms': np.float64(0.03647613525390625), 'StateBufferConnector_ms': np.float64(0.0035855770111083984), 'ViewRequirementAgentConnector_ms': np.float64(0.11588478088378906)}, 'num_episodes': 2, 'episode_return_max': np.float64(119.44549326981222), 'episode_return_min': np.float64(-312.1115839938078), 'episode_return_mean': np.float64(-3.4196392163690796), 'episodes_this_iter': 2}, 'num_healthy_workers': 1, 'actor_manager_num_outstanding_async_reqs': 0, 'num_remote_worker_restarts': 0, 'num_agent_steps_sampled': 17000, 'num_agent_steps_trained': 3968000, 'num_env_steps_sampled': 17000, 'num_env_steps_trained': 3968000, 'num_env_steps_sampled_this_iter': 100, 'num_env_steps_trained_this_iter': 25600, 'num_env_steps_sampled_throughput_per_sec': 7.4315195420446285, 'num_env_steps_trained_throughput_per_sec': 1902.469002763425, 'timesteps_total': 17000, 'num_env_steps_sampled_lifetime': 17000, 'num_agent_steps_sampled_lifetime': 17000, 'num_steps_trained_this_iter': 25600, 'agent_timesteps_total': 17000, 'timers': {'training_iteration_time_ms': 13512.955, 'restore_workers_time_ms': 0.006, 'training_step_time_ms': 131.189, 'sample_time_ms': 24.761, 'load_time_ms': 5.259, 'load_throughput': 48681.424, 'learn_time_ms': 27.478, 'learn_throughput': 9316.591, 'synch_weights_time_ms': 8.591}, 'counters': {'num_env_steps_sampled': 17000, 'num_env_steps_trained': 3968000, 'num_agent_steps_sampled': 17000, 'num_agent_steps_trained': 3968000, 'last_target_update_ts': 17000, 'num_target_updates': 15500}, 'done': False, 'training_iteration': 170, 'trial_id': 'default', 'date': '2026-04-24_14-46-37', 'timestamp': 1777016797, 'time_this_iter_s': 13.471733093261719, 'time_total_s': 2106.624064683914, 'pid': 54804, 'hostname': 'supawich-B760M-Pro-RS-D4', 'node_ip': '192.168.110.31', 'config': {'exploration_config': {'type': 'StochasticSampling'}, 'extra_python_environs_for_driver': {}, 'extra_python_environs_for_worker': {}, 'placement_strategy': 'PACK', 'num_gpus': 1, '_fake_gpus': False, 'num_cpus_for_main_process': 1, 'eager_tracing': True, 'eager_max_retraces': 20, 'tf_session_args': {'intra_op_parallelism_threads': 2, 'inter_op_parallelism_threads': 2, 'gpu_options': {'allow_growth': True}, 'log_device_placement': False, 'device_count': {'CPU': 1}, 'allow_soft_placement': True}, 'local_tf_session_args': {'intra_op_parallelism_threads': 8, 'inter_op_parallelism_threads': 8}, 'torch_compile_learner': False, 'torch_compile_learner_what_to_compile': <TorchCompileWhatToCompile.FORWARD_TRAIN: 'forward_train'>, 'torch_compile_learner_dynamo_backend': 'inductor', 'torch_compile_learner_dynamo_mode': None, 'torch_compile_worker': False, 'torch_compile_worker_dynamo_backend': 'onnxrt', 'torch_compile_worker_dynamo_mode': None, 'torch_ddp_kwargs': {}, 'torch_skip_nan_gradients': False, 'env': 'carla_gt_env', 'env_config': {'host': 'localhost', 'port': 2000}, 'observation_space': None, 'action_space': None, 'clip_rewards': None, 'normalize_actions': True, 'clip_actions': False, '_is_atari': None, 'disable_env_checking': False, 'render_env': False, 'action_mask_key': 'action_mask', 'env_runner_cls': None, 'num_env_runners': 1, 'create_local_env_runner': True, 'num_envs_per_env_runner': 1, 'gym_env_vectorize_mode': 'sync', 'num_cpus_per_env_runner': 1, 'num_gpus_per_env_runner': 0, 'custom_resources_per_env_runner': {}, 'validate_env_runners_after_construction': True, 'episodes_to_numpy': True, 'max_requests_in_flight_per_env_runner': 1, 'sample_timeout_s': 60.0, '_env_to_module_connector': None, 'add_default_connectors_to_env_to_module_pipeline': True, '_module_to_env_connector': None, 'add_default_connectors_to_module_to_env_pipeline': True, 'merge_env_runner_states': 'training_only', 'broadcast_env_runner_states': True, 'episode_lookback_horizon': 1, 'rollout_fragment_length': 'auto', 'batch_mode': 'truncate_episodes', 'compress_observations': False, 'remote_worker_envs': False, 'remote_env_batch_wait_ms': 0, 'enable_tf1_exec_eagerly': False, 'sample_collector': <class 'ray.rllib.evaluation.collectors.simple_list_collector.SimpleListCollector'>, 'preprocessor_pref': 'deepmind', 'observation_filter': 'NoFilter', 'update_worker_filter_stats': True, 'use_worker_filter_stats': True, 'sampler_perf_stats_ema_coef': None, '_is_online': True, 'num_learners': 0, 'num_gpus_per_learner': 0, 'num_cpus_per_learner': 'auto', 'num_aggregator_actors_per_learner': 0, 'max_requests_in_flight_per_aggregator_actor': 3, 'local_gpu_idx': 0, 'max_requests_in_flight_per_learner': 3, 'gamma': 0.99, 'lr': None, 'grad_clip': None, 'grad_clip_by': 'global_norm', '_train_batch_size_per_learner': 256, 'train_batch_size': 256, 'num_epochs': 1, 'minibatch_size': None, 'shuffle_batch_per_epoch': False, 'model': {'fcnet_hiddens': [256, 256], 'fcnet_activation': 'tanh', 'fcnet_weights_initializer': None, 'fcnet_weights_initializer_config': None, 'fcnet_bias_initializer': None, 'fcnet_bias_initializer_config': None, 'conv_filters': None, 'conv_activation': 'relu', 'conv_kernel_initializer': None, 'conv_kernel_initializer_config': None, 'conv_bias_initializer': None, 'conv_bias_initializer_config': None, 'conv_transpose_kernel_initializer': None, 'conv_transpose_kernel_initializer_config': None, 'conv_transpose_bias_initializer': None, 'conv_transpose_bias_initializer_config': None, 'post_fcnet_hiddens': [], 'post_fcnet_activation': 'relu', 'post_fcnet_weights_initializer': None, 'post_fcnet_weights_initializer_config': None, 'post_fcnet_bias_initializer': None, 'post_fcnet_bias_initializer_config': None, 'free_log_std': False, 'log_std_clip_param': 20.0, 'no_final_linear': False, 'vf_share_layers': True, 'use_lstm': False, 'max_seq_len': 20, 'lstm_cell_size': 256, 'lstm_use_prev_action': False, 'lstm_use_prev_reward': False, 'lstm_weights_initializer': None, 'lstm_weights_initializer_config': None, 'lstm_bias_initializer': None, 'lstm_bias_initializer_config': None, '_time_major': False, 'use_attention': False, 'attention_num_transformer_units': 1, 'attention_dim': 64, 'attention_num_heads': 1, 'attention_head_dim': 32, 'attention_memory_inference': 50, 'attention_memory_training': 50, 'attention_position_wise_mlp_dim': 32, 'attention_init_gru_gate_bias': 2.0, 'attention_use_n_prev_actions': 0, 'attention_use_n_prev_rewards': 0, 'framestack': True, 'dim': 84, 'grayscale': False, 'zero_mean': True, 'custom_model': None, 'custom_model_config': {}, 'custom_action_dist': None, 'custom_preprocessor': None, 'encoder_latent_dim': None, 'always_check_shapes': False, 'lstm_use_prev_action_reward': -1, '_use_default_native_models': -1, '_disable_preprocessor_api': False, '_disable_action_flattening': False}, '_learner_connector': None, 'add_default_connectors_to_learner_pipeline': True, 'learner_config_dict': {}, 'optimizer': {}, '_learner_class': None, 'callbacks_on_algorithm_init': None, 'callbacks_on_env_runners_recreated': None, 'callbacks_on_offline_eval_runners_recreated': None, 'callbacks_on_checkpoint_loaded': None, 'callbacks_on_environment_created': None, 'callbacks_on_episode_created': None, 'callbacks_on_episode_start': None, 'callbacks_on_episode_step': None, 'callbacks_on_episode_end': None, 'callbacks_on_evaluate_start': None, 'callbacks_on_evaluate_end': None, 'callbacks_on_evaluate_offline_start': None, 'callbacks_on_evaluate_offline_end': None, 'callbacks_on_sample_end': None, 'callbacks_on_train_result': None, 'explore': True, 'enable_rl_module_and_learner': False, 'enable_env_runner_and_connector_v2': False, '_prior_exploration_config': None, 'count_steps_by': 'env_steps', 'policy_map_capacity': 100, 'policy_mapping_fn': <function AlgorithmConfig.DEFAULT_POLICY_MAPPING_FN at 0x7c3f0e248cc0>, 'policies_to_train': None, 'policy_states_are_swappable': False, 'observation_fn': None, 'offline_data_class': None, 'input_read_method': 'read_parquet', 'input_read_method_kwargs': {}, 'input_read_schema': {}, 'input_read_episodes': False, 'input_read_sample_batches': False, 'input_read_batch_size': None, 'input_filesystem': None, 'input_filesystem_kwargs': {}, 'input_compress_columns': ['obs', 'new_obs'], 'input_spaces_jsonable': True, 'materialize_data': False, 'materialize_mapped_data': True, 'map_batches_kwargs': {}, 'iter_batches_kwargs': {}, 'ignore_final_observation': False, 'prelearner_class': None, 'prelearner_buffer_class': None, 'prelearner_buffer_kwargs': {}, 'prelearner_module_synch_period': 10, 'prelearner_use_recorded_module_states': False, 'dataset_num_iters_per_learner': None, 'input_config': {}, 'actions_in_input_normalized': False, 'postprocess_inputs': False, 'shuffle_buffer_size': 0, 'output': None, 'output_config': {}, 'output_compress_columns': ['obs', 'new_obs'], 'output_max_file_size': 67108864, 'output_max_rows_per_file': None, 'output_write_remaining_data': False, 'output_write_method': 'write_parquet', 'output_write_method_kwargs': {}, 'output_filesystem': None, 'output_filesystem_kwargs': {}, 'output_write_episodes': True, 'offline_sampling': False, 'evaluation_interval': None, 'evaluation_duration': 10, 'evaluation_duration_unit': 'episodes', 'evaluation_sample_timeout_s': 120.0, 'evaluation_auto_duration_min_env_steps_per_sample': 100, 'evaluation_auto_duration_max_env_steps_per_sample': 2000, 'evaluation_parallel_to_training': False, 'evaluation_force_reset_envs_before_iteration': True, 'evaluation_config': None, 'off_policy_estimation_methods': {}, 'ope_split_batch_by_episode': True, 'evaluation_num_env_runners': 0, 'in_evaluation': False, 'sync_filters_on_rollout_workers_timeout_s': 10.0, 'offline_evaluation_interval': None, 'num_offline_eval_runners': 0, 'offline_evaluation_type': 'eval_loss', 'offline_eval_runner_class': None, 'offline_loss_for_module_fn': None, 'offline_evaluation_duration': 1, 'offline_evaluation_parallel_to_training': False, 'offline_evaluation_timeout_s': 120.0, 'num_cpus_per_offline_eval_runner': 1, 'num_gpus_per_offline_eval_runner': 0, 'custom_resources_per_offline_eval_runner': {}, 'restart_failed_offline_eval_runners': True, 'ignore_offline_eval_runner_failures': False, 'max_num_offline_eval_runner_restarts': 1000, 'offline_eval_runner_restore_timeout_s': 1800.0, 'max_requests_in_flight_per_offline_eval_runner': 1, 'validate_offline_eval_runners_after_construction': True, 'offline_eval_runner_health_probe_timeout_s': 30.0, 'offline_eval_rl_module_inference_only': False, 'broadcast_offline_eval_runner_states': False, 'offline_eval_batch_size_per_runner': 256, 'dataset_num_iters_per_eval_runner': 1, 'keep_per_episode_custom_metrics': False, 'metrics_episode_collection_timeout_s': 60.0, 'metrics_num_episodes_for_smoothing': 100, 'min_time_s_per_iteration': 1, 'min_train_timesteps_per_iteration': 0, 'min_sample_timesteps_per_iteration': 100, 'log_gradients': False, 'stats_cls_lookup': {'mean': <class 'ray.rllib.utils.metrics.stats.mean.MeanStats'>, 'ema': <class 'ray.rllib.utils.metrics.stats.ema.EmaStats'>, 'min': <class 'ray.rllib.utils.metrics.stats.min.MinStats'>, 'max': <class 'ray.rllib.utils.metrics.stats.max.MaxStats'>, 'sum': <class 'ray.rllib.utils.metrics.stats.sum.SumStats'>, 'lifetime_sum': <class 'ray.rllib.utils.metrics.stats.lifetime_sum.LifetimeSumStats'>, 'percentiles': <class 'ray.rllib.utils.metrics.stats.percentiles.PercentilesStats'>, 'item': <class 'ray.rllib.utils.metrics.stats.item.ItemStats'>, 'item_series': <class 'ray.rllib.utils.metrics.stats.item_series.ItemSeriesStats'>}, 'export_native_model_files': False, 'checkpoint_trainable_policies_only': False, 'logger_creator': None, 'logger_config': None, 'log_level': 'WARN', 'log_sys_usage': True, 'fake_sampler': False, 'seed': 42, 'restart_failed_env_runners': True, 'ignore_env_runner_failures': True, 'max_num_env_runner_restarts': 1000, 'delay_between_env_runner_restarts_s': 60.0, 'restart_failed_sub_environments': False, 'num_consecutive_env_runner_failures_tolerance': 100, 'env_runner_health_probe_timeout_s': 30.0, 'env_runner_restore_timeout_s': 1800.0, '_model_config': {}, '_rl_module_spec': None, 'algorithm_config_overrides_per_module': {}, '_per_module_overrides': {}, '_validate_config': True, '_use_msgpack_checkpoints': False, '_torch_grad_scaler_class': None, '_torch_lr_scheduler_classes': None, '_tf_policy_handles_more_than_one_loss': False, '_disable_preprocessor_api': False, '_disable_action_flattening': False, '_disable_initialize_loss_from_dummy_batch': False, '_dont_auto_sync_env_runner_states': False, 'env_task_fn': -1, 'enable_connectors': -1, 'simple_optimizer': False, 'policy_map_cache': -1, 'worker_cls': -1, 'synchronize_filters': -1, 'enable_async_evaluation': -1, 'custom_async_evaluation_function': -1, '_enable_rl_module_api': -1, 'auto_wrap_old_gym_envs': -1, 'always_attach_evaluation_results': -1, 'replay_sequence_length': None, '_disable_execution_plan_api': -1, 'twin_q': True, 'q_model_config': {'fcnet_hiddens': [256, 256], 'fcnet_activation': 'relu', 'post_fcnet_hiddens': [], 'post_fcnet_activation': None, 'custom_model': None, 'custom_model_config': {}}, 'policy_model_config': {'fcnet_hiddens': [256, 256], 'fcnet_activation': 'relu', 'post_fcnet_hiddens': [], 'post_fcnet_activation': None, 'custom_model': None, 'custom_model_config': {}}, 'tau': 0.005, 'initial_alpha': 1.0, 'target_entropy': 'auto', 'n_step': 1, 'replay_buffer_config': {'type': 'MultiAgentReplayBuffer', 'capacity': 25000}, 'store_buffer_in_checkpoints': False, 'training_intensity': None, 'optimization': {'actor_learning_rate': 0.0003, 'critic_learning_rate': 0.0003, 'entropy_learning_rate': 0.0003}, 'actor_lr': 0.0003, 'critic_lr': 0.0003, 'alpha_lr': 0.0003, 'target_network_update_freq': 0, 'num_steps_sampled_before_learning_starts': 1500, '_deterministic_loss': False, '_use_beta_distribution': False, 'use_state_preprocessor': -1, 'worker_side_prioritization': -1, 'class': <class 'ray.rllib.algorithms.sac.sac.SACConfig'>, 'input': 'sampler', 'policies': {'default_policy': (None, None, None, None)}, 'callbacks': <class 'ray.rllib.callbacks.callbacks.RLlibCallback'>, 'create_env_on_driver': False, 'custom_eval_function': None, 'framework': 'torch'}, 'time_since_restore': 2106.624064683914, 'iterations_since_restore': 170, 'perf': {'cpu_util_percent': np.float64(23.86315789473684), 'ram_util_percent': np.float64(59.03157894736843)}})
[36m(RolloutWorker pid=55171)[0m [EpisodeRecorder] episode end (terminated=True truncated=False) frames_written=0
[36m(RolloutWorker pid=55171)[0m [CarlaEnv] Spawned ego id=395 at sp_idx=44 (109.5,89.8) (attempt 1)
[36m(RolloutWorker pid=55171)[0m [EpisodeRecorder] recording episode 145 -> artifacts/episodes/ep_00145.mp4
[36m(RolloutWorker pid=55171)[0m [EpisodeRecorder] append failed: All images in a movie should have same size
[36m(RolloutWorker pid=55171)[0m [EpisodeRecorder] episode end (terminated=True truncated=False) frames_written=1
[36m(RolloutWorker pid=55171)[0m [EpisodeRecorder] finalized artifacts/episodes/ep_00145.mp4 (1737 bytes, 1 frames)
[36m(RolloutWorker pid=55171)[0m [CarlaEnv] Spawned ego id=398 at sp_idx=151 (54.5,-64.3) (attempt 1)
iter=171 R=-4.0 len=53 eps=2 steps=17100
[36m(RolloutWorker pid=55171)[0m [EpisodeRecorder] episode end (terminated=True truncated=False) frames_written=0
[36m(RolloutWorker pid=55171)[0m [CarlaEnv] Spawned ego id=400 at sp_idx=76 (99.1,42.1) (attempt 1)
[36m(RolloutWorker pid=55171)[0m [EpisodeRecorder] episode end (terminated=True truncated=False) frames_written=0
[36m(RolloutWorker pid=55171)[0m [CarlaEnv] Spawned ego id=402 at sp_idx=83 (-27.2,137.0) (attempt 1)
iter=172 R=-3.6 len=52 eps=2 steps=17200
[36m(RolloutWorker pid=55171)[0m [EpisodeRecorder] episode end (terminated=True truncated=False) frames_written=0
[36m(RolloutWorker pid=55171)[0m [CarlaEnv] Spawned ego id=404 at sp_idx=132 (106.4,-1.6) (attempt 1)
[36m(RolloutWorker pid=55171)[0m [EpisodeRecorder] episode end (terminated=True truncated=False) frames_written=0
[36m(RolloutWorker pid=55171)[0m [CarlaEnv] Spawned ego id=406 at sp_idx=66 (-6.6,137.2) (attempt 1)
[36m(RolloutWorker pid=55171)[0m [EpisodeRecorder] recording episode 150 -> artifacts/episodes/ep_00150.mp4
[36m(RolloutWorker pid=55171)[0m [EpisodeRecorder] append failed: All images in a movie should have same size
iter=173 R=-3.4 len=52 eps=2 steps=17300
[36m(RolloutWorker pid=55171)[0m [EpisodeRecorder] episode end (terminated=True truncated=False) frames_written=1
[36m(RolloutWorker pid=55171)[0m [EpisodeRecorder] finalized artifacts/episodes/ep_00150.mp4 (1729 bytes, 1 frames)
[36m(RolloutWorker pid=55171)[0m [CarlaEnv] Spawned ego id=409 at sp_idx=86 (-66.8,13.0) (attempt 1)
[36m(RolloutWorker pid=55171)[0m [EpisodeRecorder] episode end (terminated=True truncated=False) frames_written=0
[36m(RolloutWorker pid=55171)[0m [CarlaEnv] Spawned ego id=411 at sp_idx=48 (43.4,16.9) (attempt 1)
iter=174 R=-2.6 len=52 eps=2 steps=17400
[36m(RolloutWorker pid=55171)[0m [EpisodeRecorder] episode end (terminated=True truncated=False) frames_written=0
[36m(RolloutWorker pid=55171)[0m [CarlaEnv] Spawned ego id=413 at sp_idx=126 (-52.1,-40.2) (attempt 1)
[36m(RolloutWorker pid=55171)[0m [EpisodeRecorder] episode end (terminated=True truncated=False) frames_written=0
[36m(RolloutWorker pid=55171)[0m [CarlaEnv] Spawned ego id=415 at sp_idx=13 (-109.9,-23.4) (attempt 1)
iter=175 R=-3.4 len=51 eps=2 steps=17500
[36m(RolloutWorker pid=55171)[0m [EpisodeRecorder] episode end (terminated=True truncated=False) frames_written=0
[36m(RolloutWorker pid=55171)[0m [CarlaEnv] Spawned ego id=417 at sp_idx=53 (-0.8,24.6) (attempt 1)
[36m(RolloutWorker pid=55171)[0m [EpisodeRecorder] recording episode 155 -> artifacts/episodes/ep_00155.mp4
[36m(RolloutWorker pid=55171)[0m [EpisodeRecorder] append failed: All images in a movie should have same size
[36m(RolloutWorker pid=55171)[0m [EpisodeRecorder] episode end (terminated=True truncated=False) frames_written=1
[36m(RolloutWorker pid=55171)[0m [EpisodeRecorder] finalized artifacts/episodes/ep_00155.mp4 (1729 bytes, 1 frames)
[36m(RolloutWorker pid=55171)[0m [CarlaEnv] Spawned ego id=420 at sp_idx=6 (-111.0,59.7) (attempt 1)
iter=176 R=-0.2 len=50 eps=2 steps=17600
[36m(RolloutWorker pid=55171)[0m [EpisodeRecorder] episode end (terminated=True truncated=False) frames_written=0
[36m(RolloutWorker pid=55171)[0m [CarlaEnv] Spawned ego id=422 at sp_idx=84 (52.8,69.8) (attempt 1)
[36m(RolloutWorker pid=55171)[0m [EpisodeRecorder] episode end (terminated=True truncated=False) frames_written=0
[36m(RolloutWorker pid=55171)[0m [CarlaEnv] Spawned ego id=424 at sp_idx=81 (-5.8,-64.5) (attempt 1)
iter=177 R=-3.2 len=50 eps=2 steps=17700
[36m(RolloutWorker pid=55171)[0m [EpisodeRecorder] episode end (terminated=True truncated=False) frames_written=0
[36m(RolloutWorker pid=55171)[0m [CarlaEnv] Spawned ego id=426 at sp_idx=102 (-48.8,-4.8) (attempt 1)
[36m(RolloutWorker pid=55171)[0m [EpisodeRecorder] episode end (terminated=True truncated=False) frames_written=0
[36m(RolloutWorker pid=55171)[0m [CarlaEnv] Spawned ego id=428 at sp_idx=2 (-87.6,13.0) (attempt 1)
[36m(RolloutWorker pid=55171)[0m [EpisodeRecorder] recording episode 160 -> artifacts/episodes/ep_00160.mp4
[36m(RolloutWorker pid=55171)[0m [EpisodeRecorder] append failed: All images in a movie should have same size
iter=178 R=-7.5 len=50 eps=2 steps=17800
[36m(RolloutWorker pid=55171)[0m [EpisodeRecorder] episode end (terminated=True truncated=False) frames_written=1
[36m(RolloutWorker pid=55171)[0m [EpisodeRecorder] finalized artifacts/episodes/ep_00160.mp4 (1955 bytes, 1 frames)
[36m(RolloutWorker pid=55171)[0m [CarlaEnv] Spawned ego id=431 at sp_idx=144 (22.9,-60.9) (attempt 1)
iter=179 R=-5.1 len=49 eps=1 steps=17900
[36m(RolloutWorker pid=55171)[0m [EpisodeRecorder] episode end (terminated=True truncated=False) frames_written=0
[36m(RolloutWorker pid=55171)[0m [CarlaEnv] Spawned ego id=433 at sp_idx=64 (30.0,133.9) (attempt 1)
iter=180 R=-5.6 len=49 eps=1 steps=18000
  checkpoint saved: TrainingResult(checkpoint=Checkpoint(filesystem=local, path=./checkpoints/gt), metrics={'custom_metrics': {}, 'episode_media': {}, 'info': {'learner': {'default_policy': {'custom_metrics': {}, 'learner_stats': {'actor_loss': np.float64(48.70795440673828), 'critic_loss': np.float64(2.114345073699951), 'alpha_loss': np.float64(-0.6402897238731384), 'alpha_value': np.float32(0.060619984), 'log_alpha_value': np.float32(-2.8031306), 'target_entropy': np.float32(-3.0), 'policy_t': np.float64(0.23496949672698975), 'mean_q': np.float64(-48.13437271118164), 'max_q': np.float64(2.497666597366333), 'min_q': np.float64(-200.03298950195312)}, 'model': {}, 'num_grad_updates_lifetime': np.float64(16500.0), 'diff_num_grad_updates_vs_sampler_policy': np.float64(16499.0), 'td_error': array([4.18716431e-01, 3.37684631e-01, 4.05852795e-01, 4.00558472e-01,
       3.51673317e+00, 3.53282928e-01, 4.23351288e-01, 1.27613068e-01,
       9.67605591e-01, 7.43122101e-01, 1.17902756e+00, 1.33487320e+00,
       3.30043793e-01, 1.12591171e+00, 1.43271399e+00, 1.91177368e-01,
       1.28082275e-01, 6.65406227e-01, 1.25758743e+00, 2.73406029e+00,
       1.28836250e+00, 3.43464041e+00, 3.62476730e+00, 2.65876770e-01,
       6.88029289e-01, 3.47106934e-01, 5.09037018e-01, 1.17147923e+00,
       1.85512543e+00, 3.76155853e-01, 1.14085674e+00, 4.91329193e-01,
       1.47659397e+00, 4.19578552e-01, 3.56567383e-01, 2.16629028e-01,
       5.44666290e+00, 3.41048241e-01, 2.13825226e-01, 4.33824730e+00,
       1.08092117e+00, 2.41236496e+00, 2.65575409e-01, 8.96433830e-01,
       1.36368752e-01, 1.60379028e+00, 1.29935074e+00, 2.94414520e-01,
       1.32462788e+00, 4.63806152e-01, 9.51625824e-01, 4.44129944e-01,
       8.02560806e-01, 1.69615269e+00, 7.60847855e+00, 2.02662277e+00,
       6.37744904e-01, 7.63387299e+00, 1.30961990e+00, 2.71915436e-01,
       9.89940643e-01, 8.36055756e-01, 6.71886444e-01, 8.98698330e-01,
       2.20421791e+00, 5.24305344e-01, 3.60305786e-01, 5.84133148e-01,
       6.33989334e-01, 1.24588013e-01, 9.06975269e-01, 1.19644165e+00,
       1.22817993e-01, 1.78372335e+00, 1.78004265e-01, 6.11132622e-01,
       2.12741804e+00, 3.17295074e-01, 1.13953686e+00, 4.45735931e-01,
       1.46911621e-01, 2.04363823e-01, 3.45012665e-01, 3.83487701e-01,
       4.59379196e-01, 2.14152718e+00, 1.18097520e+00, 4.50251770e+00,
       1.13523483e+00, 3.53130341e-01, 3.08403015e-01, 4.56256866e-01,
       5.24791718e-01, 6.65332794e-01, 6.04686737e-01, 1.12773895e-01,
       2.45700836e-01, 3.78398895e-01, 2.38805294e+00, 6.11316681e-01,
       8.18264008e-01, 2.24001598e+00, 7.46231079e-01, 2.21760178e+00,
       6.36377335e-01, 4.08504486e-01, 3.84006500e-01, 8.10043335e-01,
       1.59931183e+00, 1.07148361e+00, 8.72999191e-01, 1.61735535e-01,
       1.16514015e+00, 2.06290531e+00, 6.67331696e-01, 2.32734108e+00,
       7.98036575e-01, 5.90229034e-01, 1.00970078e+00, 5.39085388e-01,
       2.78800964e-01, 9.41200256e-02, 1.38571930e+00, 2.20466614e-01,
       9.39873695e-01, 1.47187424e+00, 5.97720718e+00, 3.81362915e-01,
       3.76074791e-01, 5.98224640e-01, 2.24264145e-01, 3.51688385e-01,
       6.43874359e+00, 1.82235193e+00, 2.53387451e-01, 6.87426605e+01,
       8.25192451e-01, 1.00855350e+00, 3.85608673e-01, 1.56798935e+00,
       4.48829651e-01, 1.94568634e-01, 2.99839020e-01, 3.14179897e-01,
       5.10634422e-01, 2.39690876e+01, 4.52146530e-01, 1.20005417e+00,
       4.58030701e-01, 9.14160728e-01, 5.15563965e-01, 7.93659687e-01,
       1.41594315e+00, 1.21970367e+00, 2.39587784e-01, 1.04081154e+00,
       4.63384628e-01, 1.17741203e+00, 4.89779472e-01, 3.82350922e-01,
       2.44628906e-01, 2.39434981e+00, 1.20793581e+00, 1.29467010e-01,
       5.04984856e-01, 5.65209389e-01, 4.89459991e-01, 5.48255920e-01,
       5.69776917e+00, 1.92440510e-01, 2.42835999e-01, 2.50053406e-01,
       4.49157715e-01, 9.65820312e-01, 1.81421375e+00, 2.49355316e-01,
       6.94713593e-01, 5.42740822e-01, 8.52965355e-01, 8.69472504e-01,
       1.05095959e+00, 2.42649078e+00, 6.60916328e-01, 2.81539917e-01,
       6.49085999e-01, 6.92004204e-01, 1.66325712e+00, 6.23396873e-01,
       7.99446106e-02, 1.04665327e+00, 2.80570984e-01, 1.33505869e+00,
       1.03399134e+00, 1.93821287e+00, 3.08801842e+00, 1.66717339e+00,
       2.19149780e+00, 1.36621666e+00, 6.75265789e-01, 4.27679062e-01,
       5.66857338e-01, 2.61356831e-01, 5.94541550e-01, 3.30826187e+00,
       1.54753828e+00, 9.14160728e-01, 3.95435333e-01, 1.86279297e-01,
       1.77780151e-01, 2.61802673e-01, 2.18654633e-01, 1.60703659e-01,
       1.98431015e+00, 4.48085785e-01, 5.60226440e-01, 7.01107025e-01,
       7.30917816e+01, 3.11321497e+00, 7.79069901e-01, 2.84754610e+00,
       5.14060974e-01, 9.41473579e+00, 1.55781460e+00, 1.07665634e+00,
       7.05437660e-01, 2.08057404e-01, 1.85451508e-01, 6.10149384e-01,
       5.39691925e-01, 2.83317566e-02, 5.05496979e-01, 1.93924904e-01,
       1.83088196e+02, 1.44062328e+00, 1.52965260e+00, 4.08679962e-01,
       7.44792938e-01, 2.31576920e-01, 4.50977325e-01, 1.19288635e+00,
       7.63637543e-01, 1.18957901e+00, 2.47137785e-01, 2.72087193e+00,
       1.85183430e+00, 3.35723877e-01, 1.80950699e+01, 4.21165466e-01,
       1.04641151e+00, 1.25216293e+00, 3.04683685e-01, 1.01066303e+00,
       2.02873230e-01, 1.92665100e-01, 2.29183197e-01, 4.54868317e-01],
      dtype=float32), 'mean_td_error': np.float64(2.4732797145843506)}}, 'num_env_steps_sampled': 18000, 'num_env_steps_trained': 4224000, 'num_agent_steps_sampled': 18000, 'num_agent_steps_trained': 4224000, 'last_target_update_ts': 18000, 'num_target_updates': 16500}, 'env_runners': {'episode_reward_max': np.float64(119.44549326981222), 'episode_reward_min': np.float64(-312.1115839938078), 'episode_reward_mean': np.float64(-5.620115094811504), 'episode_len_mean': np.float64(49.47), 'episode_media': {}, 'episodes_timesteps_total': 4947, 'policy_reward_min': {'default_policy': np.float64(-312.1115839938078)}, 'policy_reward_max': {'default_policy': np.float64(119.44549326981222)}, 'policy_reward_mean': {'default_policy': np.float64(-5.620115094811504)}, 'custom_metrics': {}, 'hist_stats': {'episode_reward': [np.float64(103.73441415768166), np.float64(111.71475269830137), np.float64(73.56444496310837), np.float64(3.383164563824323), np.float64(69.20745959662777), np.float64(3.000754432228819), np.float64(44.82389226103675), np.float64(-125.55560816087053), np.float64(76.17926912080338), np.float64(-100.70132831781513), np.float64(-144.21202385611946), np.float64(-49.60541126294402), np.float64(54.83441672644993), np.float64(55.308307845135026), np.float64(-142.00263595374958), np.float64(33.34093068569441), np.float64(93.26261409115446), np.float64(91.72600414500998), np.float64(64.77461027200084), np.float64(98.80895592012327), np.float64(-144.44013093585124), np.float64(55.41297773610765), np.float64(-312.1115839938078), np.float64(70.71486703966247), np.float64(-144.38714391352386), np.float64(6.572858512392374), np.float64(21.441153313874796), np.float64(47.33333279478658), np.float64(70.23336714976043), np.float64(30.466042818339957), np.float64(80.08769878608094), np.float64(15.534425229806487), np.float64(77.73216552652804), np.float64(-182.1265129981365), np.float64(107.95118976137115), np.float64(-131.46252493133665), np.float64(46.37764522233885), np.float64(88.61434388837273), np.float64(75.83081994620143), np.float64(67.14530995100134), np.float64(68.85941799108505), np.float64(31.988469179088163), np.float64(-160.0983409591538), np.float64(-159.1249383142461), np.float64(-99.07296780697688), np.float64(10.172449732476114), np.float64(-208.98658198622962), np.float64(39.4248187388471), np.float64(-99.285307165589), np.float64(105.14406553877495), np.float64(26.025458133872228), np.float64(-187.31608998789818), np.float64(-169.78014363865572), np.float64(36.651634548990806), np.float64(50.24986941109969), np.float64(-1.2474468708798077), np.float64(85.43032490563662), np.float64(15.45823780923405), np.float64(-101.14669028130794), np.float64(54.281229386312695), np.float64(79.27653931824605), np.float64(50.880493221696035), np.float64(82.89053411590668), np.float64(42.91946236498149), np.float64(67.70791929365754), np.float64(119.44549326981222), np.float64(11.069503698194064), np.float64(45.23271276959331), np.float64(59.86720197382249), np.float64(79.59781126617828), np.float64(65.55018301953284), np.float64(-159.6791237492031), np.float64(-98.50653373660666), np.float64(-159.41736123301058), np.float64(113.83591004794899), np.float64(-158.1985447213739), np.float64(72.96777120628977), np.float64(28.266088821067545), np.float64(109.97867610833457), np.float64(28.960295431020178), np.float64(-173.8196081717012), np.float64(55.88943628322926), np.float64(-34.6984015716776), np.float64(109.76143683828693), np.float64(-145.18191753615275), np.float64(77.39349427330758), np.float64(105.49139106063292), np.float64(71.58339373148034), np.float64(-93.90895068587871), np.float64(36.802004779175505), np.float64(-187.84183119815958), np.float64(35.7448855235751), np.float64(79.26592422151536), np.float64(-12.542947676706335), np.float64(-110.05112340322857), np.float64(-145.13669223160588), np.float64(-170.47469693608238), np.float64(-200.44326415895839), np.float64(-68.83848210236795), np.float64(26.21465379794703)], 'episode_lengths': [42, 50, 45, 44, 53, 45, 55, 106, 49, 50, 46, 84, 55, 53, 46, 45, 56, 50, 42, 40, 47, 40, 101, 49, 47, 89, 42, 49, 55, 51, 42, 42, 50, 49, 52, 39, 41, 43, 49, 39, 44, 49, 41, 30, 49, 43, 49, 54, 42, 49, 50, 50, 40, 42, 42, 51, 50, 42, 40, 41, 40, 41, 41, 50, 43, 42, 49, 52, 41, 49, 48, 49, 46, 28, 41, 44, 48, 40, 40, 51, 51, 50, 93, 41, 47, 44, 50, 52, 47, 43, 53, 45, 49, 53, 53, 45, 53, 64, 103, 58], 'policy_default_policy_reward': [np.float64(103.73441415768166), np.float64(111.71475269830137), np.float64(73.56444496310837), np.float64(3.383164563824323), np.float64(69.20745959662777), np.float64(3.000754432228819), np.float64(44.82389226103675), np.float64(-125.55560816087053), np.float64(76.17926912080338), np.float64(-100.70132831781513), np.float64(-144.21202385611946), np.float64(-49.60541126294402), np.float64(54.83441672644993), np.float64(55.308307845135026), np.float64(-142.00263595374958), np.float64(33.34093068569441), np.float64(93.26261409115446), np.float64(91.72600414500998), np.float64(64.77461027200084), np.float64(98.80895592012327), np.float64(-144.44013093585124), np.float64(55.41297773610765), np.float64(-312.1115839938078), np.float64(70.71486703966247), np.float64(-144.38714391352386), np.float64(6.572858512392374), np.float64(21.441153313874796), np.float64(47.33333279478658), np.float64(70.23336714976043), np.float64(30.466042818339957), np.float64(80.08769878608094), np.float64(15.534425229806487), np.float64(77.73216552652804), np.float64(-182.1265129981365), np.float64(107.95118976137115), np.float64(-131.46252493133665), np.float64(46.37764522233885), np.float64(88.61434388837273), np.float64(75.83081994620143), np.float64(67.14530995100134), np.float64(68.85941799108505), np.float64(31.988469179088163), np.float64(-160.0983409591538), np.float64(-159.1249383142461), np.float64(-99.07296780697688), np.float64(10.172449732476114), np.float64(-208.98658198622962), np.float64(39.4248187388471), np.float64(-99.285307165589), np.float64(105.14406553877495), np.float64(26.025458133872228), np.float64(-187.31608998789818), np.float64(-169.78014363865572), np.float64(36.651634548990806), np.float64(50.24986941109969), np.float64(-1.2474468708798077), np.float64(85.43032490563662), np.float64(15.45823780923405), np.float64(-101.14669028130794), np.float64(54.281229386312695), np.float64(79.27653931824605), np.float64(50.880493221696035), np.float64(82.89053411590668), np.float64(42.91946236498149), np.float64(67.70791929365754), np.float64(119.44549326981222), np.float64(11.069503698194064), np.float64(45.23271276959331), np.float64(59.86720197382249), np.float64(79.59781126617828), np.float64(65.55018301953284), np.float64(-159.6791237492031), np.float64(-98.50653373660666), np.float64(-159.41736123301058), np.float64(113.83591004794899), np.float64(-158.1985447213739), np.float64(72.96777120628977), np.float64(28.266088821067545), np.float64(109.97867610833457), np.float64(28.960295431020178), np.float64(-173.8196081717012), np.float64(55.88943628322926), np.float64(-34.6984015716776), np.float64(109.76143683828693), np.float64(-145.18191753615275), np.float64(77.39349427330758), np.float64(105.49139106063292), np.float64(71.58339373148034), np.float64(-93.90895068587871), np.float64(36.802004779175505), np.float64(-187.84183119815958), np.float64(35.7448855235751), np.float64(79.26592422151536), np.float64(-12.542947676706335), np.float64(-110.05112340322857), np.float64(-145.13669223160588), np.float64(-170.47469693608238), np.float64(-200.44326415895839), np.float64(-68.83848210236795), np.float64(26.21465379794703)]}, 'sampler_perf': {'mean_raw_obs_processing_ms': np.float64(1.137811215090497), 'mean_inference_ms': np.float64(2.5811616479576123), 'mean_action_processing_ms': np.float64(0.09995389950088503), 'mean_env_wait_ms': np.float64(4.808310822961137), 'mean_env_render_ms': np.float64(0.0)}, 'num_faulty_episodes': 0, 'connector_metrics': {'ObsPreprocessorConnector_ms': np.float64(0.036330223083496094), 'StateBufferConnector_ms': np.float64(0.0035886764526367188), 'ViewRequirementAgentConnector_ms': np.float64(0.11598920822143555)}, 'num_episodes': 1, 'episode_return_max': np.float64(119.44549326981222), 'episode_return_min': np.float64(-312.1115839938078), 'episode_return_mean': np.float64(-5.620115094811504), 'episodes_this_iter': 1}, 'num_healthy_workers': 1, 'actor_manager_num_outstanding_async_reqs': 0, 'num_remote_worker_restarts': 0, 'num_agent_steps_sampled': 18000, 'num_agent_steps_trained': 4224000, 'num_env_steps_sampled': 18000, 'num_env_steps_trained': 4224000, 'num_env_steps_sampled_this_iter': 100, 'num_env_steps_trained_this_iter': 25600, 'num_env_steps_sampled_throughput_per_sec': 7.475533615763499, 'num_env_steps_trained_throughput_per_sec': 1913.7366056354558, 'timesteps_total': 18000, 'num_env_steps_sampled_lifetime': 18000, 'num_agent_steps_sampled_lifetime': 18000, 'num_steps_trained_this_iter': 25600, 'agent_timesteps_total': 18000, 'timers': {'training_iteration_time_ms': 13527.947, 'restore_workers_time_ms': 0.007, 'training_step_time_ms': 133.413, 'sample_time_ms': 23.307, 'load_time_ms': 5.15, 'load_throughput': 49706.818, 'learn_time_ms': 27.349, 'learn_throughput': 9360.376, 'synch_weights_time_ms': 8.51}, 'counters': {'num_env_steps_sampled': 18000, 'num_env_steps_trained': 4224000, 'num_agent_steps_sampled': 18000, 'num_agent_steps_trained': 4224000, 'last_target_update_ts': 18000, 'num_target_updates': 16500}, 'done': False, 'training_iteration': 180, 'trial_id': 'default', 'date': '2026-04-24_14-48-52', 'timestamp': 1777016932, 'time_this_iter_s': 13.396371364593506, 'time_total_s': 2242.0922083854675, 'pid': 54804, 'hostname': 'supawich-B760M-Pro-RS-D4', 'node_ip': '192.168.110.31', 'config': {'exploration_config': {'type': 'StochasticSampling'}, 'extra_python_environs_for_driver': {}, 'extra_python_environs_for_worker': {}, 'placement_strategy': 'PACK', 'num_gpus': 1, '_fake_gpus': False, 'num_cpus_for_main_process': 1, 'eager_tracing': True, 'eager_max_retraces': 20, 'tf_session_args': {'intra_op_parallelism_threads': 2, 'inter_op_parallelism_threads': 2, 'gpu_options': {'allow_growth': True}, 'log_device_placement': False, 'device_count': {'CPU': 1}, 'allow_soft_placement': True}, 'local_tf_session_args': {'intra_op_parallelism_threads': 8, 'inter_op_parallelism_threads': 8}, 'torch_compile_learner': False, 'torch_compile_learner_what_to_compile': <TorchCompileWhatToCompile.FORWARD_TRAIN: 'forward_train'>, 'torch_compile_learner_dynamo_backend': 'inductor', 'torch_compile_learner_dynamo_mode': None, 'torch_compile_worker': False, 'torch_compile_worker_dynamo_backend': 'onnxrt', 'torch_compile_worker_dynamo_mode': None, 'torch_ddp_kwargs': {}, 'torch_skip_nan_gradients': False, 'env': 'carla_gt_env', 'env_config': {'host': 'localhost', 'port': 2000}, 'observation_space': None, 'action_space': None, 'clip_rewards': None, 'normalize_actions': True, 'clip_actions': False, '_is_atari': None, 'disable_env_checking': False, 'render_env': False, 'action_mask_key': 'action_mask', 'env_runner_cls': None, 'num_env_runners': 1, 'create_local_env_runner': True, 'num_envs_per_env_runner': 1, 'gym_env_vectorize_mode': 'sync', 'num_cpus_per_env_runner': 1, 'num_gpus_per_env_runner': 0, 'custom_resources_per_env_runner': {}, 'validate_env_runners_after_construction': True, 'episodes_to_numpy': True, 'max_requests_in_flight_per_env_runner': 1, 'sample_timeout_s': 60.0, '_env_to_module_connector': None, 'add_default_connectors_to_env_to_module_pipeline': True, '_module_to_env_connector': None, 'add_default_connectors_to_module_to_env_pipeline': True, 'merge_env_runner_states': 'training_only', 'broadcast_env_runner_states': True, 'episode_lookback_horizon': 1, 'rollout_fragment_length': 'auto', 'batch_mode': 'truncate_episodes', 'compress_observations': False, 'remote_worker_envs': False, 'remote_env_batch_wait_ms': 0, 'enable_tf1_exec_eagerly': False, 'sample_collector': <class 'ray.rllib.evaluation.collectors.simple_list_collector.SimpleListCollector'>, 'preprocessor_pref': 'deepmind', 'observation_filter': 'NoFilter', 'update_worker_filter_stats': True, 'use_worker_filter_stats': True, 'sampler_perf_stats_ema_coef': None, '_is_online': True, 'num_learners': 0, 'num_gpus_per_learner': 0, 'num_cpus_per_learner': 'auto', 'num_aggregator_actors_per_learner': 0, 'max_requests_in_flight_per_aggregator_actor': 3, 'local_gpu_idx': 0, 'max_requests_in_flight_per_learner': 3, 'gamma': 0.99, 'lr': None, 'grad_clip': None, 'grad_clip_by': 'global_norm', '_train_batch_size_per_learner': 256, 'train_batch_size': 256, 'num_epochs': 1, 'minibatch_size': None, 'shuffle_batch_per_epoch': False, 'model': {'fcnet_hiddens': [256, 256], 'fcnet_activation': 'tanh', 'fcnet_weights_initializer': None, 'fcnet_weights_initializer_config': None, 'fcnet_bias_initializer': None, 'fcnet_bias_initializer_config': None, 'conv_filters': None, 'conv_activation': 'relu', 'conv_kernel_initializer': None, 'conv_kernel_initializer_config': None, 'conv_bias_initializer': None, 'conv_bias_initializer_config': None, 'conv_transpose_kernel_initializer': None, 'conv_transpose_kernel_initializer_config': None, 'conv_transpose_bias_initializer': None, 'conv_transpose_bias_initializer_config': None, 'post_fcnet_hiddens': [], 'post_fcnet_activation': 'relu', 'post_fcnet_weights_initializer': None, 'post_fcnet_weights_initializer_config': None, 'post_fcnet_bias_initializer': None, 'post_fcnet_bias_initializer_config': None, 'free_log_std': False, 'log_std_clip_param': 20.0, 'no_final_linear': False, 'vf_share_layers': True, 'use_lstm': False, 'max_seq_len': 20, 'lstm_cell_size': 256, 'lstm_use_prev_action': False, 'lstm_use_prev_reward': False, 'lstm_weights_initializer': None, 'lstm_weights_initializer_config': None, 'lstm_bias_initializer': None, 'lstm_bias_initializer_config': None, '_time_major': False, 'use_attention': False, 'attention_num_transformer_units': 1, 'attention_dim': 64, 'attention_num_heads': 1, 'attention_head_dim': 32, 'attention_memory_inference': 50, 'attention_memory_training': 50, 'attention_position_wise_mlp_dim': 32, 'attention_init_gru_gate_bias': 2.0, 'attention_use_n_prev_actions': 0, 'attention_use_n_prev_rewards': 0, 'framestack': True, 'dim': 84, 'grayscale': False, 'zero_mean': True, 'custom_model': None, 'custom_model_config': {}, 'custom_action_dist': None, 'custom_preprocessor': None, 'encoder_latent_dim': None, 'always_check_shapes': False, 'lstm_use_prev_action_reward': -1, '_use_default_native_models': -1, '_disable_preprocessor_api': False, '_disable_action_flattening': False}, '_learner_connector': None, 'add_default_connectors_to_learner_pipeline': True, 'learner_config_dict': {}, 'optimizer': {}, '_learner_class': None, 'callbacks_on_algorithm_init': None, 'callbacks_on_env_runners_recreated': None, 'callbacks_on_offline_eval_runners_recreated': None, 'callbacks_on_checkpoint_loaded': None, 'callbacks_on_environment_created': None, 'callbacks_on_episode_created': None, 'callbacks_on_episode_start': None, 'callbacks_on_episode_step': None, 'callbacks_on_episode_end': None, 'callbacks_on_evaluate_start': None, 'callbacks_on_evaluate_end': None, 'callbacks_on_evaluate_offline_start': None, 'callbacks_on_evaluate_offline_end': None, 'callbacks_on_sample_end': None, 'callbacks_on_train_result': None, 'explore': True, 'enable_rl_module_and_learner': False, 'enable_env_runner_and_connector_v2': False, '_prior_exploration_config': None, 'count_steps_by': 'env_steps', 'policy_map_capacity': 100, 'policy_mapping_fn': <function AlgorithmConfig.DEFAULT_POLICY_MAPPING_FN at 0x7c3f0e248cc0>, 'policies_to_train': None, 'policy_states_are_swappable': False, 'observation_fn': None, 'offline_data_class': None, 'input_read_method': 'read_parquet', 'input_read_method_kwargs': {}, 'input_read_schema': {}, 'input_read_episodes': False, 'input_read_sample_batches': False, 'input_read_batch_size': None, 'input_filesystem': None, 'input_filesystem_kwargs': {}, 'input_compress_columns': ['obs', 'new_obs'], 'input_spaces_jsonable': True, 'materialize_data': False, 'materialize_mapped_data': True, 'map_batches_kwargs': {}, 'iter_batches_kwargs': {}, 'ignore_final_observation': False, 'prelearner_class': None, 'prelearner_buffer_class': None, 'prelearner_buffer_kwargs': {}, 'prelearner_module_synch_period': 10, 'prelearner_use_recorded_module_states': False, 'dataset_num_iters_per_learner': None, 'input_config': {}, 'actions_in_input_normalized': False, 'postprocess_inputs': False, 'shuffle_buffer_size': 0, 'output': None, 'output_config': {}, 'output_compress_columns': ['obs', 'new_obs'], 'output_max_file_size': 67108864, 'output_max_rows_per_file': None, 'output_write_remaining_data': False, 'output_write_method': 'write_parquet', 'output_write_method_kwargs': {}, 'output_filesystem': None, 'output_filesystem_kwargs': {}, 'output_write_episodes': True, 'offline_sampling': False, 'evaluation_interval': None, 'evaluation_duration': 10, 'evaluation_duration_unit': 'episodes', 'evaluation_sample_timeout_s': 120.0, 'evaluation_auto_duration_min_env_steps_per_sample': 100, 'evaluation_auto_duration_max_env_steps_per_sample': 2000, 'evaluation_parallel_to_training': False, 'evaluation_force_reset_envs_before_iteration': True, 'evaluation_config': None, 'off_policy_estimation_methods': {}, 'ope_split_batch_by_episode': True, 'evaluation_num_env_runners': 0, 'in_evaluation': False, 'sync_filters_on_rollout_workers_timeout_s': 10.0, 'offline_evaluation_interval': None, 'num_offline_eval_runners': 0, 'offline_evaluation_type': 'eval_loss', 'offline_eval_runner_class': None, 'offline_loss_for_module_fn': None, 'offline_evaluation_duration': 1, 'offline_evaluation_parallel_to_training': False, 'offline_evaluation_timeout_s': 120.0, 'num_cpus_per_offline_eval_runner': 1, 'num_gpus_per_offline_eval_runner': 0, 'custom_resources_per_offline_eval_runner': {}, 'restart_failed_offline_eval_runners': True, 'ignore_offline_eval_runner_failures': False, 'max_num_offline_eval_runner_restarts': 1000, 'offline_eval_runner_restore_timeout_s': 1800.0, 'max_requests_in_flight_per_offline_eval_runner': 1, 'validate_offline_eval_runners_after_construction': True, 'offline_eval_runner_health_probe_timeout_s': 30.0, 'offline_eval_rl_module_inference_only': False, 'broadcast_offline_eval_runner_states': False, 'offline_eval_batch_size_per_runner': 256, 'dataset_num_iters_per_eval_runner': 1, 'keep_per_episode_custom_metrics': False, 'metrics_episode_collection_timeout_s': 60.0, 'metrics_num_episodes_for_smoothing': 100, 'min_time_s_per_iteration': 1, 'min_train_timesteps_per_iteration': 0, 'min_sample_timesteps_per_iteration': 100, 'log_gradients': False, 'stats_cls_lookup': {'mean': <class 'ray.rllib.utils.metrics.stats.mean.MeanStats'>, 'ema': <class 'ray.rllib.utils.metrics.stats.ema.EmaStats'>, 'min': <class 'ray.rllib.utils.metrics.stats.min.MinStats'>, 'max': <class 'ray.rllib.utils.metrics.stats.max.MaxStats'>, 'sum': <class 'ray.rllib.utils.metrics.stats.sum.SumStats'>, 'lifetime_sum': <class 'ray.rllib.utils.metrics.stats.lifetime_sum.LifetimeSumStats'>, 'percentiles': <class 'ray.rllib.utils.metrics.stats.percentiles.PercentilesStats'>, 'item': <class 'ray.rllib.utils.metrics.stats.item.ItemStats'>, 'item_series': <class 'ray.rllib.utils.metrics.stats.item_series.ItemSeriesStats'>}, 'export_native_model_files': False, 'checkpoint_trainable_policies_only': False, 'logger_creator': None, 'logger_config': None, 'log_level': 'WARN', 'log_sys_usage': True, 'fake_sampler': False, 'seed': 42, 'restart_failed_env_runners': True, 'ignore_env_runner_failures': True, 'max_num_env_runner_restarts': 1000, 'delay_between_env_runner_restarts_s': 60.0, 'restart_failed_sub_environments': False, 'num_consecutive_env_runner_failures_tolerance': 100, 'env_runner_health_probe_timeout_s': 30.0, 'env_runner_restore_timeout_s': 1800.0, '_model_config': {}, '_rl_module_spec': None, 'algorithm_config_overrides_per_module': {}, '_per_module_overrides': {}, '_validate_config': True, '_use_msgpack_checkpoints': False, '_torch_grad_scaler_class': None, '_torch_lr_scheduler_classes': None, '_tf_policy_handles_more_than_one_loss': False, '_disable_preprocessor_api': False, '_disable_action_flattening': False, '_disable_initialize_loss_from_dummy_batch': False, '_dont_auto_sync_env_runner_states': False, 'env_task_fn': -1, 'enable_connectors': -1, 'simple_optimizer': False, 'policy_map_cache': -1, 'worker_cls': -1, 'synchronize_filters': -1, 'enable_async_evaluation': -1, 'custom_async_evaluation_function': -1, '_enable_rl_module_api': -1, 'auto_wrap_old_gym_envs': -1, 'always_attach_evaluation_results': -1, 'replay_sequence_length': None, '_disable_execution_plan_api': -1, 'twin_q': True, 'q_model_config': {'fcnet_hiddens': [256, 256], 'fcnet_activation': 'relu', 'post_fcnet_hiddens': [], 'post_fcnet_activation': None, 'custom_model': None, 'custom_model_config': {}}, 'policy_model_config': {'fcnet_hiddens': [256, 256], 'fcnet_activation': 'relu', 'post_fcnet_hiddens': [], 'post_fcnet_activation': None, 'custom_model': None, 'custom_model_config': {}}, 'tau': 0.005, 'initial_alpha': 1.0, 'target_entropy': 'auto', 'n_step': 1, 'replay_buffer_config': {'type': 'MultiAgentReplayBuffer', 'capacity': 25000}, 'store_buffer_in_checkpoints': False, 'training_intensity': None, 'optimization': {'actor_learning_rate': 0.0003, 'critic_learning_rate': 0.0003, 'entropy_learning_rate': 0.0003}, 'actor_lr': 0.0003, 'critic_lr': 0.0003, 'alpha_lr': 0.0003, 'target_network_update_freq': 0, 'num_steps_sampled_before_learning_starts': 1500, '_deterministic_loss': False, '_use_beta_distribution': False, 'use_state_preprocessor': -1, 'worker_side_prioritization': -1, 'class': <class 'ray.rllib.algorithms.sac.sac.SACConfig'>, 'input': 'sampler', 'policies': {'default_policy': (None, None, None, None)}, 'callbacks': <class 'ray.rllib.callbacks.callbacks.RLlibCallback'>, 'create_env_on_driver': False, 'custom_eval_function': None, 'framework': 'torch'}, 'time_since_restore': 2242.0922083854675, 'iterations_since_restore': 180, 'perf': {'cpu_util_percent': np.float64(24.00526315789474), 'ram_util_percent': np.float64(59.1578947368421)}})
[36m(RolloutWorker pid=55171)[0m [EpisodeRecorder] episode end (terminated=True truncated=False) frames_written=0
[36m(RolloutWorker pid=55171)[0m [CarlaEnv] Spawned ego id=435 at sp_idx=84 (52.8,69.8) (attempt 1)
[36m(RolloutWorker pid=55171)[0m [EpisodeRecorder] episode end (terminated=True truncated=False) frames_written=0
[36m(RolloutWorker pid=55171)[0m [CarlaEnv] Spawned ego id=437 at sp_idx=128 (32.3,130.5) (attempt 1)
[36m(RolloutWorker pid=55171)[0m [EpisodeRecorder] episode end (terminated=True truncated=False) frames_written=0
[36m(RolloutWorker pid=55171)[0m [CarlaEnv] Spawned ego id=439 at sp_idx=75 (-110.8,46.7) (attempt 1)
[36m(RolloutWorker pid=55171)[0m IMAGEIO FFMPEG_WRITER WARNING: input image is not divisible by macro_block_size=16, resizing from (1000, 360) to (1008, 368) to ensure video compatibility with most codecs and players. To prevent resizing, make your input image divisible by the macro_block_size or set the macro_block_size to 1 (risking incompatibility).
[36m(RolloutWorker pid=55171)[0m [EpisodeRecorder] recording episode 165 -> artifacts/episodes/ep_00165.mp4
iter=181 R=-7.9 len=50 eps=3 steps=18100
[36m(RolloutWorker pid=55171)[0m [EpisodeRecorder] episode end (terminated=True truncated=False) frames_written=55
[36m(RolloutWorker pid=55171)[0m [EpisodeRecorder] finalized artifacts/episodes/ep_00165.mp4 (2066731 bytes, 55 frames)
[36m(RolloutWorker pid=55171)[0m [CarlaEnv] Spawned ego id=442 at sp_idx=38 (73.6,66.4) (attempt 1)
[36m(RolloutWorker pid=55171)[0m [EpisodeRecorder] episode end (terminated=True truncated=False) frames_written=0
[36m(RolloutWorker pid=55171)[0m [CarlaEnv] Spawned ego id=444 at sp_idx=93 (-25.5,24.6) (attempt 1)
iter=182 R=-7.2 len=50 eps=2 steps=18200
[36m(RolloutWorker pid=55171)[0m [EpisodeRecorder] episode end (terminated=True truncated=False) frames_written=0
[36m(RolloutWorker pid=55171)[0m [CarlaEnv] Spawned ego id=446 at sp_idx=7 (-114.4,56.9) (attempt 1)
[36m(RolloutWorker pid=55171)[0m [EpisodeRecorder] episode end (terminated=True truncated=False) frames_written=0
[36m(RolloutWorker pid=55171)[0m [CarlaEnv] Spawned ego id=448 at sp_idx=75 (-110.8,46.7) (attempt 1)
iter=183 R=-6.7 len=50 eps=2 steps=18300
[36m(RolloutWorker pid=55171)[0m [EpisodeRecorder] episode end (terminated=True truncated=False) frames_written=0
[36m(RolloutWorker pid=55171)[0m [CarlaEnv] Spawned ego id=450 at sp_idx=121 (-64.6,-65.2) (attempt 1)
[36m(RolloutWorker pid=55171)[0m [EpisodeRecorder] recording episode 170 -> artifacts/episodes/ep_00170.mp4
[36m(RolloutWorker pid=55171)[0m [EpisodeRecorder] append failed: All images in a movie should have same size
[36m(RolloutWorker pid=55171)[0m [EpisodeRecorder] episode end (terminated=True truncated=False) frames_written=1
[36m(RolloutWorker pid=55171)[0m [EpisodeRecorder] finalized artifacts/episodes/ep_00170.mp4 (1968 bytes, 1 frames)
[36m(RolloutWorker pid=55171)[0m [CarlaEnv] Spawned ego id=453 at sp_idx=71 (-9.9,-57.6) (attempt 1)
iter=184 R=-4.8 len=49 eps=2 steps=18400
[36m(RolloutWorker pid=55171)[0m [EpisodeRecorder] episode end (terminated=True truncated=False) frames_written=0
[36m(RolloutWorker pid=55171)[0m [CarlaEnv] Spawned ego id=455 at sp_idx=137 (-45.1,55.7) (attempt 1)
iter=185 R=-3.5 len=49 eps=1 steps=18500
[36m(RolloutWorker pid=55171)[0m [EpisodeRecorder] episode end (terminated=True truncated=False) frames_written=0
[36m(RolloutWorker pid=55171)[0m [CarlaEnv] Spawned ego id=457 at sp_idx=58 (77.0,24.8) (attempt 1)
iter=186 R=-1.7 len=49 eps=1 steps=18600
[36m(RolloutWorker pid=55171)[0m [EpisodeRecorder] episode end (terminated=True truncated=False) frames_written=0
[36m(RolloutWorker pid=55171)[0m [CarlaEnv] Spawned ego id=459 at sp_idx=7 (-114.4,56.9) (attempt 1)
[36m(RolloutWorker pid=55171)[0m [EpisodeRecorder] episode end (terminated=True truncated=False) frames_written=0
[36m(RolloutWorker pid=55171)[0m [CarlaEnv] Spawned ego id=461 at sp_idx=82 (-27.8,-61.3) (attempt 1)
[36m(RolloutWorker pid=55171)[0m [EpisodeRecorder] recording episode 175 -> artifacts/episodes/ep_00175.mp4
[36m(RolloutWorker pid=55171)[0m [EpisodeRecorder] append failed: All images in a movie should have same size
iter=187 R=-2.7 len=49 eps=2 steps=18700
[36m(RolloutWorker pid=55171)[0m [EpisodeRecorder] episode end (terminated=True truncated=False) frames_written=1
[36m(RolloutWorker pid=55171)[0m [EpisodeRecorder] finalized artifacts/episodes/ep_00175.mp4 (1729 bytes, 1 frames)
[36m(RolloutWorker pid=55171)[0m [CarlaEnv] Spawned ego id=464 at sp_idx=122 (-48.6,85.6) (attempt 1)
[36m(RolloutWorker pid=55171)[0m [EpisodeRecorder] episode end (terminated=True truncated=False) frames_written=0
[36m(RolloutWorker pid=55171)[0m [CarlaEnv] Spawned ego id=466 at sp_idx=130 (-45.0,115.0) (attempt 1)
iter=188 R=-2.9 len=50 eps=2 steps=18800
[36m(RolloutWorker pid=55171)[0m [EpisodeRecorder] episode end (terminated=True truncated=False) frames_written=0
[36m(RolloutWorker pid=55171)[0m [CarlaEnv] Spawned ego id=468 at sp_idx=45 (65.2,13.4) (attempt 1)
[36m(RolloutWorker pid=55171)[0m [EpisodeRecorder] episode end (terminated=True truncated=False) frames_written=0
[36m(RolloutWorker pid=55171)[0m [CarlaEnv] Spawned ego id=470 at sp_idx=5 (-106.6,-17.1) (attempt 1)
iter=189 R=-3.0 len=50 eps=2 steps=18900
[36m(RolloutWorker pid=55171)[0m [EpisodeRecorder] episode end (terminated=True truncated=False) frames_written=0
[36m(RolloutWorker pid=55171)[0m [CarlaEnv] Spawned ego id=472 at sp_idx=92 (99.4,-19.7) (attempt 1)
[36m(RolloutWorker pid=55171)[0m [EpisodeRecorder] recording episode 180 -> artifacts/episodes/ep_00180.mp4
[36m(RolloutWorker pid=55171)[0m IMAGEIO FFMPEG_WRITER WARNING: input image is not divisible by macro_block_size=16, resizing from (1000, 360) to (1008, 368) to ensure video compatibility with most codecs and players. To prevent resizing, make your input image divisible by the macro_block_size or set the macro_block_size to 1 (risking incompatibility).
[36m(RolloutWorker pid=55171)[0m [EpisodeRecorder] episode end (terminated=True truncated=False) frames_written=48
[36m(RolloutWorker pid=55171)[0m [EpisodeRecorder] finalized artifacts/episodes/ep_00180.mp4 (1666311 bytes, 48 frames)
[36m(RolloutWorker pid=55171)[0m [CarlaEnv] Spawned ego id=475 at sp_idx=80 (-87.3,24.4) (attempt 1)
iter=190 R=-3.2 len=50 eps=2 steps=19000
  checkpoint saved: TrainingResult(checkpoint=Checkpoint(filesystem=local, path=./checkpoints/gt), metrics={'custom_metrics': {}, 'episode_media': {}, 'info': {'learner': {'default_policy': {'custom_metrics': {}, 'learner_stats': {'actor_loss': np.float64(54.737770080566406), 'critic_loss': np.float64(2.0871052742004395), 'alpha_loss': np.float64(-0.11730439215898514), 'alpha_value': np.float32(0.05378528), 'log_alpha_value': np.float32(-2.9227555), 'target_entropy': np.float32(-3.0), 'policy_t': np.float64(0.2296840399503708), 'mean_q': np.float64(-54.553253173828125), 'max_q': np.float64(0.9512587189674377), 'min_q': np.float64(-105.16222381591797)}, 'model': {}, 'num_grad_updates_lifetime': np.float64(17500.0), 'diff_num_grad_updates_vs_sampler_policy': np.float64(17499.0), 'td_error': array([7.78860092e-01, 3.46836090e-01, 1.23654366e+00, 1.34605408e-01,
       4.87846375e-01, 5.88297272e+00, 4.13623810e-01, 1.19876480e+00,
       3.96625481e+01, 5.83909988e-01, 5.36290359e+00, 1.27765989e+00,
       5.55844307e-01, 2.27350235e+00, 3.45172882e-01, 1.37442207e+00,
       1.25996017e+00, 1.96640015e+00, 4.85229492e-01, 8.86711121e-01,
       3.38485718e-01, 2.69927979e-01, 3.33240509e-01, 3.35369110e-01,
       3.16982269e-01, 1.38427639e+00, 2.75394440e-01, 3.67042542e-01,
       4.23606873e-01, 2.08261490e+00, 6.47313595e-01, 1.05803394e+00,
       1.44957161e+00, 5.57052612e-01, 8.79478455e-02, 4.62234497e-01,
       3.04585028e+00, 3.64631653e-01, 1.41529274e+00, 3.83825302e-01,
       3.52221298e+00, 5.86570358e+00, 2.80334473e-01, 3.59252930e-01,
       1.10908604e+00, 2.43504524e-01, 3.71662140e-01, 5.50159454e-01,
       1.94355011e-01, 3.10729980e-01, 1.10980988e+00, 4.15720463e-01,
       4.94647980e-01, 1.82609177e+00, 1.20048141e+00, 1.96719027e+00,
       2.73596764e-01, 3.26442719e-01, 2.36291885e+00, 1.95861816e-01,
       5.41149139e-01, 8.61886024e-01, 3.59706402e-01, 1.94931030e-01,
       9.62633371e-01, 4.18251038e-01, 2.86296844e-01, 5.00012398e-01,
       5.01332092e+00, 9.66446686e+01, 2.55902600e+00, 1.94936180e+00,
       2.23789215e-01, 4.34432983e-01, 3.46335793e+00, 1.20613098e-01,
       6.61258698e-01, 8.46400261e-01, 1.20734787e+00, 1.03627586e+00,
       1.81854630e+00, 3.64593506e-01, 3.12568665e-01, 2.11393547e+00,
       1.47671509e+00, 2.59742737e-01, 3.00975800e-01, 1.67320251e+00,
       1.23041344e+00, 1.05731983e+01, 1.77438354e+00, 1.84932709e-01,
       7.54434586e-01, 1.52833462e+00, 2.50961304e-01, 8.00292969e-01,
       5.62315702e+00, 1.43448830e+00, 1.44957161e+00, 4.10299301e-01,
       7.01618195e-01, 1.45988846e+00, 4.03446198e-01, 9.26421547e+00,
       4.04422522e+00, 2.38951111e+00, 3.64556313e+00, 4.56535339e-01,
       4.43856430e+00, 1.66352463e+00, 1.30104065e+00, 5.86780548e-01,
       1.69409180e+00, 4.33376312e-01, 5.52085876e-01, 4.53979492e-01,
       3.17806721e-01, 9.34341431e-01, 1.13712788e+00, 1.00672150e+00,
       2.24290848e+00, 2.78685760e+00, 2.49713898e-01, 1.10647178e+00,
       1.13693237e-01, 1.05243683e-01, 3.42913246e+00, 5.99899292e-01,
       4.78900909e-01, 5.44189453e-01, 1.00183487e-01, 1.68918610e-01,
       1.10510445e+00, 4.62249756e-01, 7.48492241e-01, 6.19884491e-01,
       8.18008423e-01, 1.75296783e-01, 2.59189606e-01, 3.11786652e-01,
       1.06376266e+00, 2.22867584e+00, 1.03400421e+00, 2.10491180e-01,
       2.38656998e+00, 2.80433702e+00, 4.01229858e-01, 1.49546814e+00,
       3.02505493e-01, 1.79402924e+00, 1.18586349e+00, 9.98281479e-01,
       2.52250671e-01, 2.32084465e+00, 4.01630402e-01, 3.77188110e+00,
       1.22514772e+00, 7.45977402e-01, 2.90885925e-01, 5.01945496e-01,
       7.89481163e-01, 1.09255219e+00, 1.84302521e+00, 7.73532867e-01,
       4.36767578e-01, 4.58259583e-01, 1.35651398e+00, 9.74028826e-01,
       2.17105675e+00, 4.06978607e-01, 1.18541718e-01, 1.55244064e+00,
       3.90594482e-01, 6.27386093e-01, 1.59584141e+00, 1.34004383e+01,
       1.03567600e+00, 2.83897328e+00, 1.07978106e+00, 6.68750763e-01,
       5.34031868e-01, 4.31832504e+00, 7.63130188e-01, 3.23593140e-01,
       2.29496002e-01, 1.02322769e+00, 9.59520340e-01, 5.96656799e-01,
       1.48300743e+00, 6.95848465e-01, 1.59378052e-01, 9.58404541e-01,
       1.76966476e+00, 3.93717766e-01, 1.67369437e+00, 1.66161346e+00,
       1.48479319e+00, 9.14270401e-01, 4.89379883e-01, 2.28488064e+00,
       1.52757645e+00, 1.18033691e+02, 8.36132050e-01, 4.10675049e-01,
       3.32828522e-01, 1.49041843e+00, 3.67618561e-01, 4.33425903e-01,
       1.28818607e+00, 2.13711548e+00, 6.76815033e-01, 1.49269104e-01,
       1.57271290e+00, 1.51130104e+00, 4.14623260e-01, 1.59423828e-01,
       2.55668640e-01, 1.11904144e-01, 4.60104942e-01, 4.91374969e-01,
       3.20144081e+00, 3.24323082e+00, 1.30423355e+00, 4.88891602e-01,
       3.16070557e-01, 1.36664200e+00, 1.02275696e+01, 3.40007782e-01,
       2.59803772e-01, 9.02222633e-01, 2.53055668e+00, 5.29907227e-01,
       7.99797058e-01, 3.39038849e-01, 6.29425430e+00, 3.84647369e-01,
       1.75374985e+00, 3.30131817e+00, 4.60136414e-01, 6.83528900e-01,
       2.64234447e+00, 2.62859344e-01, 7.60414124e-01, 3.39624405e-01,
       1.77468872e+00, 6.92579269e-01, 1.01143074e+00, 4.70244255e+01,
       5.18788242e+00, 2.44955444e+00, 1.04730797e+00, 2.89245605e-01,
       1.54608154e+00, 3.36673737e-01, 9.87944603e-01, 2.58609772e-01],
      dtype=float32), 'mean_td_error': np.float64(2.4639275074005127)}}, 'num_env_steps_sampled': 19000, 'num_env_steps_trained': 4480000, 'num_agent_steps_sampled': 19000, 'num_agent_steps_trained': 4480000, 'last_target_update_ts': 19000, 'num_target_updates': 17500}, 'env_runners': {'episode_reward_max': np.float64(119.44549326981222), 'episode_reward_min': np.float64(-312.1115839938078), 'episode_reward_mean': np.float64(-3.1921828422070915), 'episode_len_mean': np.float64(49.77), 'episode_media': {}, 'episodes_timesteps_total': 4977, 'policy_reward_min': {'default_policy': np.float64(-312.1115839938078)}, 'policy_reward_max': {'default_policy': np.float64(119.44549326981222)}, 'policy_reward_mean': {'default_policy': np.float64(-3.1921828422070915)}, 'custom_metrics': {}, 'hist_stats': {'episode_reward': [np.float64(98.80895592012327), np.float64(-144.44013093585124), np.float64(55.41297773610765), np.float64(-312.1115839938078), np.float64(70.71486703966247), np.float64(-144.38714391352386), np.float64(6.572858512392374), np.float64(21.441153313874796), np.float64(47.33333279478658), np.float64(70.23336714976043), np.float64(30.466042818339957), np.float64(80.08769878608094), np.float64(15.534425229806487), np.float64(77.73216552652804), np.float64(-182.1265129981365), np.float64(107.95118976137115), np.float64(-131.46252493133665), np.float64(46.37764522233885), np.float64(88.61434388837273), np.float64(75.83081994620143), np.float64(67.14530995100134), np.float64(68.85941799108505), np.float64(31.988469179088163), np.float64(-160.0983409591538), np.float64(-159.1249383142461), np.float64(-99.07296780697688), np.float64(10.172449732476114), np.float64(-208.98658198622962), np.float64(39.4248187388471), np.float64(-99.285307165589), np.float64(105.14406553877495), np.float64(26.025458133872228), np.float64(-187.31608998789818), np.float64(-169.78014363865572), np.float64(36.651634548990806), np.float64(50.24986941109969), np.float64(-1.2474468708798077), np.float64(85.43032490563662), np.float64(15.45823780923405), np.float64(-101.14669028130794), np.float64(54.281229386312695), np.float64(79.27653931824605), np.float64(50.880493221696035), np.float64(82.89053411590668), np.float64(42.91946236498149), np.float64(67.70791929365754), np.float64(119.44549326981222), np.float64(11.069503698194064), np.float64(45.23271276959331), np.float64(59.86720197382249), np.float64(79.59781126617828), np.float64(65.55018301953284), np.float64(-159.6791237492031), np.float64(-98.50653373660666), np.float64(-159.41736123301058), np.float64(113.83591004794899), np.float64(-158.1985447213739), np.float64(72.96777120628977), np.float64(28.266088821067545), np.float64(109.97867610833457), np.float64(28.960295431020178), np.float64(-173.8196081717012), np.float64(55.88943628322926), np.float64(-34.6984015716776), np.float64(109.76143683828693), np.float64(-145.18191753615275), np.float64(77.39349427330758), np.float64(105.49139106063292), np.float64(71.58339373148034), np.float64(-93.90895068587871), np.float64(36.802004779175505), np.float64(-187.84183119815958), np.float64(35.7448855235751), np.float64(79.26592422151536), np.float64(-12.542947676706335), np.float64(-110.05112340322857), np.float64(-145.13669223160588), np.float64(-170.47469693608238), np.float64(-200.44326415895839), np.float64(-68.83848210236795), np.float64(26.21465379794703), np.float64(98.88262103118836), np.float64(-144.6564914952062), np.float64(103.87412893735987), np.float64(81.72786304933013), np.float64(67.43165481712235), np.float64(-2.461631429050638), np.float64(97.57605849163951), np.float64(81.44285211284242), np.float64(58.22939043159495), np.float64(24.86906915158211), np.float64(35.40346792377887), np.float64(-183.55419199087075), np.float64(96.52028729540199), np.float64(-168.0070715729628), np.float64(57.9464095138393), np.float64(84.57986861073131), np.float64(35.17842239159409), np.float64(66.6487848569319), np.float64(67.93976114115273)], 'episode_lengths': [40, 47, 40, 101, 49, 47, 89, 42, 49, 55, 51, 42, 42, 50, 49, 52, 39, 41, 43, 49, 39, 44, 49, 41, 30, 49, 43, 49, 54, 42, 49, 50, 50, 40, 42, 42, 51, 50, 42, 40, 41, 40, 41, 41, 50, 43, 42, 49, 52, 41, 49, 48, 49, 46, 28, 41, 44, 48, 40, 40, 51, 51, 50, 93, 41, 47, 44, 50, 52, 47, 43, 53, 45, 49, 53, 53, 45, 53, 64, 103, 58, 55, 46, 42, 55, 44, 55, 42, 58, 50, 49, 55, 125, 45, 56, 58, 57, 45, 61, 48], 'policy_default_policy_reward': [np.float64(98.80895592012327), np.float64(-144.44013093585124), np.float64(55.41297773610765), np.float64(-312.1115839938078), np.float64(70.71486703966247), np.float64(-144.38714391352386), np.float64(6.572858512392374), np.float64(21.441153313874796), np.float64(47.33333279478658), np.float64(70.23336714976043), np.float64(30.466042818339957), np.float64(80.08769878608094), np.float64(15.534425229806487), np.float64(77.73216552652804), np.float64(-182.1265129981365), np.float64(107.95118976137115), np.float64(-131.46252493133665), np.float64(46.37764522233885), np.float64(88.61434388837273), np.float64(75.83081994620143), np.float64(67.14530995100134), np.float64(68.85941799108505), np.float64(31.988469179088163), np.float64(-160.0983409591538), np.float64(-159.1249383142461), np.float64(-99.07296780697688), np.float64(10.172449732476114), np.float64(-208.98658198622962), np.float64(39.4248187388471), np.float64(-99.285307165589), np.float64(105.14406553877495), np.float64(26.025458133872228), np.float64(-187.31608998789818), np.float64(-169.78014363865572), np.float64(36.651634548990806), np.float64(50.24986941109969), np.float64(-1.2474468708798077), np.float64(85.43032490563662), np.float64(15.45823780923405), np.float64(-101.14669028130794), np.float64(54.281229386312695), np.float64(79.27653931824605), np.float64(50.880493221696035), np.float64(82.89053411590668), np.float64(42.91946236498149), np.float64(67.70791929365754), np.float64(119.44549326981222), np.float64(11.069503698194064), np.float64(45.23271276959331), np.float64(59.86720197382249), np.float64(79.59781126617828), np.float64(65.55018301953284), np.float64(-159.6791237492031), np.float64(-98.50653373660666), np.float64(-159.41736123301058), np.float64(113.83591004794899), np.float64(-158.1985447213739), np.float64(72.96777120628977), np.float64(28.266088821067545), np.float64(109.97867610833457), np.float64(28.960295431020178), np.float64(-173.8196081717012), np.float64(55.88943628322926), np.float64(-34.6984015716776), np.float64(109.76143683828693), np.float64(-145.18191753615275), np.float64(77.39349427330758), np.float64(105.49139106063292), np.float64(71.58339373148034), np.float64(-93.90895068587871), np.float64(36.802004779175505), np.float64(-187.84183119815958), np.float64(35.7448855235751), np.float64(79.26592422151536), np.float64(-12.542947676706335), np.float64(-110.05112340322857), np.float64(-145.13669223160588), np.float64(-170.47469693608238), np.float64(-200.44326415895839), np.float64(-68.83848210236795), np.float64(26.21465379794703), np.float64(98.88262103118836), np.float64(-144.6564914952062), np.float64(103.87412893735987), np.float64(81.72786304933013), np.float64(67.43165481712235), np.float64(-2.461631429050638), np.float64(97.57605849163951), np.float64(81.44285211284242), np.float64(58.22939043159495), np.float64(24.86906915158211), np.float64(35.40346792377887), np.float64(-183.55419199087075), np.float64(96.52028729540199), np.float64(-168.0070715729628), np.float64(57.9464095138393), np.float64(84.57986861073131), np.float64(35.17842239159409), np.float64(66.6487848569319), np.float64(67.93976114115273)]}, 'sampler_perf': {'mean_raw_obs_processing_ms': np.float64(1.1923714244340318), 'mean_inference_ms': np.float64(2.573927541844451), 'mean_action_processing_ms': np.float64(0.09974442258291197), 'mean_env_wait_ms': np.float64(4.7371440432923935), 'mean_env_render_ms': np.float64(0.0)}, 'num_faulty_episodes': 0, 'connector_metrics': {'ObsPreprocessorConnector_ms': np.float64(0.03590869903564453), 'StateBufferConnector_ms': np.float64(0.0035729408264160156), 'ViewRequirementAgentConnector_ms': np.float64(0.11628341674804688)}, 'num_episodes': 2, 'episode_return_max': np.float64(119.44549326981222), 'episode_return_min': np.float64(-312.1115839938078), 'episode_return_mean': np.float64(-3.1921828422070915), 'episodes_this_iter': 2}, 'num_healthy_workers': 1, 'actor_manager_num_outstanding_async_reqs': 0, 'num_remote_worker_restarts': 0, 'num_agent_steps_sampled': 19000, 'num_agent_steps_trained': 4480000, 'num_env_steps_sampled': 19000, 'num_env_steps_trained': 4480000, 'num_env_steps_sampled_this_iter': 100, 'num_env_steps_trained_this_iter': 25600, 'num_env_steps_sampled_throughput_per_sec': 6.974393956788098, 'num_env_steps_trained_throughput_per_sec': 1785.444852937753, 'timesteps_total': 19000, 'num_env_steps_sampled_lifetime': 19000, 'num_agent_steps_sampled_lifetime': 19000, 'num_steps_trained_this_iter': 25600, 'agent_timesteps_total': 19000, 'timers': {'training_iteration_time_ms': 13715.109, 'restore_workers_time_ms': 0.007, 'training_step_time_ms': 182.526, 'sample_time_ms': 67.417, 'load_time_ms': 5.32, 'load_throughput': 48115.982, 'learn_time_ms': 27.319, 'learn_throughput': 9370.824, 'synch_weights_time_ms': 8.731}, 'counters': {'num_env_steps_sampled': 19000, 'num_env_steps_trained': 4480000, 'num_agent_steps_sampled': 19000, 'num_agent_steps_trained': 4480000, 'last_target_update_ts': 19000, 'num_target_updates': 17500}, 'done': False, 'training_iteration': 190, 'trial_id': 'default', 'date': '2026-04-24_14-51-10', 'timestamp': 1777017070, 'time_this_iter_s': 14.354462623596191, 'time_total_s': 2379.409763813019, 'pid': 54804, 'hostname': 'supawich-B760M-Pro-RS-D4', 'node_ip': '192.168.110.31', 'config': {'exploration_config': {'type': 'StochasticSampling'}, 'extra_python_environs_for_driver': {}, 'extra_python_environs_for_worker': {}, 'placement_strategy': 'PACK', 'num_gpus': 1, '_fake_gpus': False, 'num_cpus_for_main_process': 1, 'eager_tracing': True, 'eager_max_retraces': 20, 'tf_session_args': {'intra_op_parallelism_threads': 2, 'inter_op_parallelism_threads': 2, 'gpu_options': {'allow_growth': True}, 'log_device_placement': False, 'device_count': {'CPU': 1}, 'allow_soft_placement': True}, 'local_tf_session_args': {'intra_op_parallelism_threads': 8, 'inter_op_parallelism_threads': 8}, 'torch_compile_learner': False, 'torch_compile_learner_what_to_compile': <TorchCompileWhatToCompile.FORWARD_TRAIN: 'forward_train'>, 'torch_compile_learner_dynamo_backend': 'inductor', 'torch_compile_learner_dynamo_mode': None, 'torch_compile_worker': False, 'torch_compile_worker_dynamo_backend': 'onnxrt', 'torch_compile_worker_dynamo_mode': None, 'torch_ddp_kwargs': {}, 'torch_skip_nan_gradients': False, 'env': 'carla_gt_env', 'env_config': {'host': 'localhost', 'port': 2000}, 'observation_space': None, 'action_space': None, 'clip_rewards': None, 'normalize_actions': True, 'clip_actions': False, '_is_atari': None, 'disable_env_checking': False, 'render_env': False, 'action_mask_key': 'action_mask', 'env_runner_cls': None, 'num_env_runners': 1, 'create_local_env_runner': True, 'num_envs_per_env_runner': 1, 'gym_env_vectorize_mode': 'sync', 'num_cpus_per_env_runner': 1, 'num_gpus_per_env_runner': 0, 'custom_resources_per_env_runner': {}, 'validate_env_runners_after_construction': True, 'episodes_to_numpy': True, 'max_requests_in_flight_per_env_runner': 1, 'sample_timeout_s': 60.0, '_env_to_module_connector': None, 'add_default_connectors_to_env_to_module_pipeline': True, '_module_to_env_connector': None, 'add_default_connectors_to_module_to_env_pipeline': True, 'merge_env_runner_states': 'training_only', 'broadcast_env_runner_states': True, 'episode_lookback_horizon': 1, 'rollout_fragment_length': 'auto', 'batch_mode': 'truncate_episodes', 'compress_observations': False, 'remote_worker_envs': False, 'remote_env_batch_wait_ms': 0, 'enable_tf1_exec_eagerly': False, 'sample_collector': <class 'ray.rllib.evaluation.collectors.simple_list_collector.SimpleListCollector'>, 'preprocessor_pref': 'deepmind', 'observation_filter': 'NoFilter', 'update_worker_filter_stats': True, 'use_worker_filter_stats': True, 'sampler_perf_stats_ema_coef': None, '_is_online': True, 'num_learners': 0, 'num_gpus_per_learner': 0, 'num_cpus_per_learner': 'auto', 'num_aggregator_actors_per_learner': 0, 'max_requests_in_flight_per_aggregator_actor': 3, 'local_gpu_idx': 0, 'max_requests_in_flight_per_learner': 3, 'gamma': 0.99, 'lr': None, 'grad_clip': None, 'grad_clip_by': 'global_norm', '_train_batch_size_per_learner': 256, 'train_batch_size': 256, 'num_epochs': 1, 'minibatch_size': None, 'shuffle_batch_per_epoch': False, 'model': {'fcnet_hiddens': [256, 256], 'fcnet_activation': 'tanh', 'fcnet_weights_initializer': None, 'fcnet_weights_initializer_config': None, 'fcnet_bias_initializer': None, 'fcnet_bias_initializer_config': None, 'conv_filters': None, 'conv_activation': 'relu', 'conv_kernel_initializer': None, 'conv_kernel_initializer_config': None, 'conv_bias_initializer': None, 'conv_bias_initializer_config': None, 'conv_transpose_kernel_initializer': None, 'conv_transpose_kernel_initializer_config': None, 'conv_transpose_bias_initializer': None, 'conv_transpose_bias_initializer_config': None, 'post_fcnet_hiddens': [], 'post_fcnet_activation': 'relu', 'post_fcnet_weights_initializer': None, 'post_fcnet_weights_initializer_config': None, 'post_fcnet_bias_initializer': None, 'post_fcnet_bias_initializer_config': None, 'free_log_std': False, 'log_std_clip_param': 20.0, 'no_final_linear': False, 'vf_share_layers': True, 'use_lstm': False, 'max_seq_len': 20, 'lstm_cell_size': 256, 'lstm_use_prev_action': False, 'lstm_use_prev_reward': False, 'lstm_weights_initializer': None, 'lstm_weights_initializer_config': None, 'lstm_bias_initializer': None, 'lstm_bias_initializer_config': None, '_time_major': False, 'use_attention': False, 'attention_num_transformer_units': 1, 'attention_dim': 64, 'attention_num_heads': 1, 'attention_head_dim': 32, 'attention_memory_inference': 50, 'attention_memory_training': 50, 'attention_position_wise_mlp_dim': 32, 'attention_init_gru_gate_bias': 2.0, 'attention_use_n_prev_actions': 0, 'attention_use_n_prev_rewards': 0, 'framestack': True, 'dim': 84, 'grayscale': False, 'zero_mean': True, 'custom_model': None, 'custom_model_config': {}, 'custom_action_dist': None, 'custom_preprocessor': None, 'encoder_latent_dim': None, 'always_check_shapes': False, 'lstm_use_prev_action_reward': -1, '_use_default_native_models': -1, '_disable_preprocessor_api': False, '_disable_action_flattening': False}, '_learner_connector': None, 'add_default_connectors_to_learner_pipeline': True, 'learner_config_dict': {}, 'optimizer': {}, '_learner_class': None, 'callbacks_on_algorithm_init': None, 'callbacks_on_env_runners_recreated': None, 'callbacks_on_offline_eval_runners_recreated': None, 'callbacks_on_checkpoint_loaded': None, 'callbacks_on_environment_created': None, 'callbacks_on_episode_created': None, 'callbacks_on_episode_start': None, 'callbacks_on_episode_step': None, 'callbacks_on_episode_end': None, 'callbacks_on_evaluate_start': None, 'callbacks_on_evaluate_end': None, 'callbacks_on_evaluate_offline_start': None, 'callbacks_on_evaluate_offline_end': None, 'callbacks_on_sample_end': None, 'callbacks_on_train_result': None, 'explore': True, 'enable_rl_module_and_learner': False, 'enable_env_runner_and_connector_v2': False, '_prior_exploration_config': None, 'count_steps_by': 'env_steps', 'policy_map_capacity': 100, 'policy_mapping_fn': <function AlgorithmConfig.DEFAULT_POLICY_MAPPING_FN at 0x7c3f0e248cc0>, 'policies_to_train': None, 'policy_states_are_swappable': False, 'observation_fn': None, 'offline_data_class': None, 'input_read_method': 'read_parquet', 'input_read_method_kwargs': {}, 'input_read_schema': {}, 'input_read_episodes': False, 'input_read_sample_batches': False, 'input_read_batch_size': None, 'input_filesystem': None, 'input_filesystem_kwargs': {}, 'input_compress_columns': ['obs', 'new_obs'], 'input_spaces_jsonable': True, 'materialize_data': False, 'materialize_mapped_data': True, 'map_batches_kwargs': {}, 'iter_batches_kwargs': {}, 'ignore_final_observation': False, 'prelearner_class': None, 'prelearner_buffer_class': None, 'prelearner_buffer_kwargs': {}, 'prelearner_module_synch_period': 10, 'prelearner_use_recorded_module_states': False, 'dataset_num_iters_per_learner': None, 'input_config': {}, 'actions_in_input_normalized': False, 'postprocess_inputs': False, 'shuffle_buffer_size': 0, 'output': None, 'output_config': {}, 'output_compress_columns': ['obs', 'new_obs'], 'output_max_file_size': 67108864, 'output_max_rows_per_file': None, 'output_write_remaining_data': False, 'output_write_method': 'write_parquet', 'output_write_method_kwargs': {}, 'output_filesystem': None, 'output_filesystem_kwargs': {}, 'output_write_episodes': True, 'offline_sampling': False, 'evaluation_interval': None, 'evaluation_duration': 10, 'evaluation_duration_unit': 'episodes', 'evaluation_sample_timeout_s': 120.0, 'evaluation_auto_duration_min_env_steps_per_sample': 100, 'evaluation_auto_duration_max_env_steps_per_sample': 2000, 'evaluation_parallel_to_training': False, 'evaluation_force_reset_envs_before_iteration': True, 'evaluation_config': None, 'off_policy_estimation_methods': {}, 'ope_split_batch_by_episode': True, 'evaluation_num_env_runners': 0, 'in_evaluation': False, 'sync_filters_on_rollout_workers_timeout_s': 10.0, 'offline_evaluation_interval': None, 'num_offline_eval_runners': 0, 'offline_evaluation_type': 'eval_loss', 'offline_eval_runner_class': None, 'offline_loss_for_module_fn': None, 'offline_evaluation_duration': 1, 'offline_evaluation_parallel_to_training': False, 'offline_evaluation_timeout_s': 120.0, 'num_cpus_per_offline_eval_runner': 1, 'num_gpus_per_offline_eval_runner': 0, 'custom_resources_per_offline_eval_runner': {}, 'restart_failed_offline_eval_runners': True, 'ignore_offline_eval_runner_failures': False, 'max_num_offline_eval_runner_restarts': 1000, 'offline_eval_runner_restore_timeout_s': 1800.0, 'max_requests_in_flight_per_offline_eval_runner': 1, 'validate_offline_eval_runners_after_construction': True, 'offline_eval_runner_health_probe_timeout_s': 30.0, 'offline_eval_rl_module_inference_only': False, 'broadcast_offline_eval_runner_states': False, 'offline_eval_batch_size_per_runner': 256, 'dataset_num_iters_per_eval_runner': 1, 'keep_per_episode_custom_metrics': False, 'metrics_episode_collection_timeout_s': 60.0, 'metrics_num_episodes_for_smoothing': 100, 'min_time_s_per_iteration': 1, 'min_train_timesteps_per_iteration': 0, 'min_sample_timesteps_per_iteration': 100, 'log_gradients': False, 'stats_cls_lookup': {'mean': <class 'ray.rllib.utils.metrics.stats.mean.MeanStats'>, 'ema': <class 'ray.rllib.utils.metrics.stats.ema.EmaStats'>, 'min': <class 'ray.rllib.utils.metrics.stats.min.MinStats'>, 'max': <class 'ray.rllib.utils.metrics.stats.max.MaxStats'>, 'sum': <class 'ray.rllib.utils.metrics.stats.sum.SumStats'>, 'lifetime_sum': <class 'ray.rllib.utils.metrics.stats.lifetime_sum.LifetimeSumStats'>, 'percentiles': <class 'ray.rllib.utils.metrics.stats.percentiles.PercentilesStats'>, 'item': <class 'ray.rllib.utils.metrics.stats.item.ItemStats'>, 'item_series': <class 'ray.rllib.utils.metrics.stats.item_series.ItemSeriesStats'>}, 'export_native_model_files': False, 'checkpoint_trainable_policies_only': False, 'logger_creator': None, 'logger_config': None, 'log_level': 'WARN', 'log_sys_usage': True, 'fake_sampler': False, 'seed': 42, 'restart_failed_env_runners': True, 'ignore_env_runner_failures': True, 'max_num_env_runner_restarts': 1000, 'delay_between_env_runner_restarts_s': 60.0, 'restart_failed_sub_environments': False, 'num_consecutive_env_runner_failures_tolerance': 100, 'env_runner_health_probe_timeout_s': 30.0, 'env_runner_restore_timeout_s': 1800.0, '_model_config': {}, '_rl_module_spec': None, 'algorithm_config_overrides_per_module': {}, '_per_module_overrides': {}, '_validate_config': True, '_use_msgpack_checkpoints': False, '_torch_grad_scaler_class': None, '_torch_lr_scheduler_classes': None, '_tf_policy_handles_more_than_one_loss': False, '_disable_preprocessor_api': False, '_disable_action_flattening': False, '_disable_initialize_loss_from_dummy_batch': False, '_dont_auto_sync_env_runner_states': False, 'env_task_fn': -1, 'enable_connectors': -1, 'simple_optimizer': False, 'policy_map_cache': -1, 'worker_cls': -1, 'synchronize_filters': -1, 'enable_async_evaluation': -1, 'custom_async_evaluation_function': -1, '_enable_rl_module_api': -1, 'auto_wrap_old_gym_envs': -1, 'always_attach_evaluation_results': -1, 'replay_sequence_length': None, '_disable_execution_plan_api': -1, 'twin_q': True, 'q_model_config': {'fcnet_hiddens': [256, 256], 'fcnet_activation': 'relu', 'post_fcnet_hiddens': [], 'post_fcnet_activation': None, 'custom_model': None, 'custom_model_config': {}}, 'policy_model_config': {'fcnet_hiddens': [256, 256], 'fcnet_activation': 'relu', 'post_fcnet_hiddens': [], 'post_fcnet_activation': None, 'custom_model': None, 'custom_model_config': {}}, 'tau': 0.005, 'initial_alpha': 1.0, 'target_entropy': 'auto', 'n_step': 1, 'replay_buffer_config': {'type': 'MultiAgentReplayBuffer', 'capacity': 25000}, 'store_buffer_in_checkpoints': False, 'training_intensity': None, 'optimization': {'actor_learning_rate': 0.0003, 'critic_learning_rate': 0.0003, 'entropy_learning_rate': 0.0003}, 'actor_lr': 0.0003, 'critic_lr': 0.0003, 'alpha_lr': 0.0003, 'target_network_update_freq': 0, 'num_steps_sampled_before_learning_starts': 1500, '_deterministic_loss': False, '_use_beta_distribution': False, 'use_state_preprocessor': -1, 'worker_side_prioritization': -1, 'class': <class 'ray.rllib.algorithms.sac.sac.SACConfig'>, 'input': 'sampler', 'policies': {'default_policy': (None, None, None, None)}, 'callbacks': <class 'ray.rllib.callbacks.callbacks.RLlibCallback'>, 'create_env_on_driver': False, 'custom_eval_function': None, 'framework': 'torch'}, 'time_since_restore': 2379.409763813019, 'iterations_since_restore': 190, 'perf': {'cpu_util_percent': np.float64(24.46), 'ram_util_percent': np.float64(59.88000000000001)}})
[36m(RolloutWorker pid=55171)[0m [EpisodeRecorder] episode end (terminated=True truncated=False) frames_written=0
[36m(RolloutWorker pid=55171)[0m [CarlaEnv] Spawned ego id=477 at sp_idx=102 (-48.8,-4.8) (attempt 1)
iter=191 R=-3.7 len=50 eps=1 steps=19100
[36m(RolloutWorker pid=55171)[0m [EpisodeRecorder] episode end (terminated=True truncated=False) frames_written=0
[36m(RolloutWorker pid=55171)[0m [CarlaEnv] Spawned ego id=479 at sp_idx=116 (-48.7,47.0) (attempt 1)
[36m(RolloutWorker pid=55171)[0m [EpisodeRecorder] episode end (terminated=True truncated=False) frames_written=0
[36m(RolloutWorker pid=55171)[0m [CarlaEnv] Spawned ego id=481 at sp_idx=73 (-15.4,133.7) (attempt 1)
iter=192 R=-4.5 len=50 eps=2 steps=19200
iter=193 R=-4.5 len=50 eps=0 steps=19300
[36m(RolloutWorker pid=55171)[0m [EpisodeRecorder] episode end (terminated=True truncated=False) frames_written=0
[36m(RolloutWorker pid=55171)[0m [CarlaEnv] Spawned ego id=483 at sp_idx=20 (48.5,141.0) (attempt 1)
[36m(RolloutWorker pid=55171)[0m [EpisodeRecorder] recording episode 185 -> artifacts/episodes/ep_00185.mp4
[36m(RolloutWorker pid=55171)[0m [EpisodeRecorder] append failed: All images in a movie should have same size
[36m(RolloutWorker pid=55171)[0m [EpisodeRecorder] episode end (terminated=True truncated=False) frames_written=1
[36m(RolloutWorker pid=55171)[0m [EpisodeRecorder] finalized artifacts/episodes/ep_00185.mp4 (1759 bytes, 1 frames)
[36m(RolloutWorker pid=55171)[0m [CarlaEnv] Spawned ego id=486 at sp_idx=93 (-25.5,24.6) (attempt 1)
iter=194 R=-2.3 len=51 eps=2 steps=19400
[36m(RolloutWorker pid=55171)[0m [EpisodeRecorder] episode end (terminated=True truncated=False) frames_written=0
[36m(RolloutWorker pid=55171)[0m [CarlaEnv] Spawned ego id=488 at sp_idx=92 (99.4,-19.7) (attempt 1)
[36m(RolloutWorker pid=55171)[0m [EpisodeRecorder] episode end (terminated=True truncated=False) frames_written=0
[36m(RolloutWorker pid=55171)[0m [CarlaEnv] Spawned ego id=490 at sp_idx=5 (-106.6,-17.1) (attempt 1)
iter=195 R=-0.3 len=50 eps=2 steps=19500
[36m(RolloutWorker pid=55171)[0m [EpisodeRecorder] episode end (terminated=True truncated=False) frames_written=0
[36m(RolloutWorker pid=55171)[0m [CarlaEnv] Spawned ego id=492 at sp_idx=115 (-41.8,-16.6) (attempt 1)
[36m(RolloutWorker pid=55171)[0m [EpisodeRecorder] episode end (terminated=True truncated=False) frames_written=0
[36m(RolloutWorker pid=55171)[0m [CarlaEnv] Spawned ego id=494 at sp_idx=55 (-4.0,28.1) (attempt 1)
[36m(RolloutWorker pid=55171)[0m [EpisodeRecorder] recording episode 190 -> artifacts/episodes/ep_00190.mp4
[36m(RolloutWorker pid=55171)[0m [EpisodeRecorder] append failed: All images in a movie should have same size
iter=196 R=-0.2 len=50 eps=2 steps=19600
[36m(RolloutWorker pid=55171)[0m [EpisodeRecorder] episode end (terminated=True truncated=False) frames_written=1
[36m(RolloutWorker pid=55171)[0m [EpisodeRecorder] finalized artifacts/episodes/ep_00190.mp4 (1715 bytes, 1 frames)
[36m(RolloutWorker pid=55171)[0m [CarlaEnv] Spawned ego id=497 at sp_idx=130 (-45.0,115.0) (attempt 1)
[36m(RolloutWorker pid=55171)[0m [EpisodeRecorder] episode end (terminated=True truncated=False) frames_written=0
[36m(RolloutWorker pid=55171)[0m [CarlaEnv] Spawned ego id=499 at sp_idx=117 (80.3,16.9) (attempt 1)
iter=197 R=-0.4 len=50 eps=2 steps=19700
[36m(RolloutWorker pid=55171)[0m [EpisodeRecorder] episode end (terminated=True truncated=False) frames_written=0
[36m(RolloutWorker pid=55171)[0m [CarlaEnv] Spawned ego id=501 at sp_idx=96 (-75.3,16.5) (attempt 1)
[36m(RolloutWorker pid=55171)[0m [EpisodeRecorder] episode end (terminated=True truncated=False) frames_written=0
[36m(RolloutWorker pid=55171)[0m [CarlaEnv] Spawned ego id=503 at sp_idx=34 (6.0,66.3) (attempt 1)
iter=198 R=-0.5 len=51 eps=2 steps=19800
[36m(RolloutWorker pid=55171)[0m [EpisodeRecorder] episode end (terminated=True truncated=False) frames_written=0
[36m(RolloutWorker pid=55171)[0m [CarlaEnv] Spawned ego id=505 at sp_idx=77 (-78.0,13.0) (attempt 1)
[36m(RolloutWorker pid=55171)[0m [EpisodeRecorder] recording episode 195 -> artifacts/episodes/ep_00195.mp4
[36m(RolloutWorker pid=55171)[0m [EpisodeRecorder] append failed: All images in a movie should have same size
[36m(RolloutWorker pid=55171)[0m [EpisodeRecorder] episode end (terminated=True truncated=False) frames_written=1
[36m(RolloutWorker pid=55171)[0m [EpisodeRecorder] finalized artifacts/episodes/ep_00195.mp4 (1848 bytes, 1 frames)
[36m(RolloutWorker pid=55171)[0m [CarlaEnv] Spawned ego id=508 at sp_idx=100 (-106.7,-4.8) (attempt 1)
iter=199 R=+1.4 len=51 eps=2 steps=19900
[36m(RolloutWorker pid=55171)[0m [EpisodeRecorder] episode end (terminated=True truncated=False) frames_written=0
[36m(RolloutWorker pid=55171)[0m [CarlaEnv] Spawned ego id=510 at sp_idx=56 (19.6,24.6) (attempt 1)
iter=200 R=+1.0 len=51 eps=1 steps=20000
  checkpoint saved: TrainingResult(checkpoint=Checkpoint(filesystem=local, path=./checkpoints/gt), metrics={'custom_metrics': {}, 'episode_media': {}, 'info': {'learner': {'default_policy': {'custom_metrics': {}, 'learner_stats': {'actor_loss': np.float64(52.37782287597656), 'critic_loss': np.float64(2.920304298400879), 'alpha_loss': np.float64(-0.170624777674675), 'alpha_value': np.float32(0.044955283), 'log_alpha_value': np.float32(-3.102087), 'target_entropy': np.float32(-3.0), 'policy_t': np.float64(0.23676049709320068), 'mean_q': np.float64(-51.92281723022461), 'max_q': np.float64(0.722264289855957), 'min_q': np.float64(-210.4879913330078)}, 'model': {}, 'num_grad_updates_lifetime': np.float64(18500.0), 'diff_num_grad_updates_vs_sampler_policy': np.float64(18499.0), 'td_error': array([1.06395721e-01, 6.45126343e-01, 7.86338806e-01, 1.39336467e+00,
       2.34050941e+00, 1.13475800e-01, 1.22718811e-01, 1.65421677e+00,
       7.31981277e-01, 2.16921616e+00, 7.97325134e-01, 5.17647743e-01,
       1.19662094e+00, 3.23464584e+00, 1.62888336e+00, 6.32974625e-01,
       2.89027882e+00, 1.71035194e+00, 1.64749050e+00, 2.97481537e-01,
       1.10415339e+00, 1.65151501e+00, 6.95236206e-01, 1.03731441e+00,
       1.18352318e+00, 6.12361908e-01, 6.53200150e-01, 4.51868534e-01,
       2.19753075e+00, 1.40461349e+00, 1.06045628e+00, 5.13774872e-01,
       4.13742065e-01, 1.91985321e+00, 5.75351715e-02, 2.00683594e-01,
       1.58701110e+00, 1.77694988e+00, 9.80186462e+00, 5.32769203e-01,
       2.71401024e+00, 1.80488586e-01, 4.36635494e-01, 2.53027344e+00,
       1.25229263e+00, 1.03466034e-01, 5.05861378e+00, 6.08934879e-01,
       2.57888794e-01, 7.91694403e-01, 2.82487059e+00, 7.76615143e-01,
       1.01905060e+00, 1.17317200e-01, 4.86396790e-01, 3.29506063e+00,
       1.62745804e+02, 6.21528625e-02, 4.32876587e-01, 2.12885571e+00,
       8.02549362e-01, 1.06126404e+00, 9.97036934e-01, 3.89112473e-01,
       5.76944351e-01, 6.59536362e-01, 1.10885239e+00, 1.34067464e+00,
       4.97119904e-01, 6.62845612e-01, 2.46738434e-01, 1.20363426e+00,
       1.32466125e+00, 7.53005981e-01, 2.78123856e+00, 1.90738678e-01,
       2.01591492e-01, 2.12260246e-01, 8.50355053e+00, 7.05230713e-01,
       2.91671753e-01, 9.91071701e-01, 9.57677841e-01, 4.83398438e-01,
       9.56046104e-01, 1.59534454e-01, 1.83978653e+00, 2.02304840e-01,
       5.37681580e-01, 6.69528961e-01, 1.54747200e+00, 2.17866135e+00,
       4.54730988e-01, 5.43266487e+00, 8.24882507e-01, 1.43402100e-01,
       2.14170456e-01, 1.35252619e+00, 1.18535233e+00, 3.48636627e-01,
       7.22515106e-01, 8.65013123e-01, 2.73847961e+00, 7.85747528e-01,
       6.35718727e+00, 1.90757370e+00, 1.09733582e+00, 1.74672127e+00,
       5.50396919e-01, 2.35073471e+00, 1.55801773e-02, 7.48872757e-01,
       4.45259094e-01, 1.20212173e+00, 2.38899231e-01, 7.46555328e-01,
       7.32777252e+01, 9.19785500e-01, 6.67789459e-01, 9.24564362e-01,
       1.16296005e+00, 2.52540588e-01, 1.10730743e+00, 3.04000854e-01,
       1.27286148e+00, 2.33750463e-01, 1.07278442e+00, 7.72369385e-01,
       3.01012993e-01, 1.11235237e+00, 4.76856232e-01, 1.00077118e+02,
       3.68831635e-01, 6.38648033e-01, 1.78928566e+00, 1.30796528e+00,
       2.29288292e+00, 2.97536755e+00, 9.93213654e-01, 4.99675751e+00,
       9.40198898e-01, 9.75818634e-01, 8.79617691e-01, 8.85349274e-01,
       6.49047852e-01, 1.48979187e-01, 6.32586575e+00, 3.03003311e-01,
       1.49880695e+00, 1.03811169e+00, 3.64078712e+00, 3.71921539e-01,
       1.05881071e+00, 3.32550049e+00, 7.82974243e-01, 1.58502674e+00,
       1.08755970e+00, 4.94112968e-01, 1.30069160e+00, 3.83193970e-01,
       2.02811527e+00, 1.76756287e+00, 2.16745377e+00, 2.28601818e+01,
       2.49237823e+00, 5.48665524e-01, 1.36511898e+00, 5.51516533e-01,
       2.31220245e-01, 1.55363083e-01, 1.88843155e+00, 1.35310364e+00,
       6.25632858e+00, 9.34673309e-01, 9.26658440e+00, 1.72266579e+00,
       1.32591248e-01, 2.30922699e-01, 5.47592163e-01, 4.15621758e-01,
       7.19974518e-01, 7.50808716e-02, 2.96756744e-01, 3.40688610e+00,
       7.70418167e-01, 2.32798290e+00, 5.76038361e-01, 7.55245209e-01,
       2.90944099e-01, 2.55092621e-01, 3.74102592e-01, 1.30262375e+00,
       9.83375549e-01, 5.77318382e+00, 5.47500229e+00, 2.66841888e-01,
       1.51508331e+00, 6.92782402e-01, 1.05519485e+00, 3.86634827e-01,
       2.64255524e-01, 1.16837788e+00, 3.53351593e-01, 2.21768856e+00,
       1.15000725e+00, 6.32599640e+00, 1.51178551e+00, 7.76462555e-01,
       6.38137817e-01, 4.89540100e-01, 4.49268341e-01, 1.23152161e+00,
       4.11905289e-01, 3.93166771e+01, 2.38632202e-01, 1.54876685e+00,
       6.86083794e-01, 3.96160126e-01, 3.28079414e+00, 3.60408783e-01,
       4.43271637e-01, 4.75317955e-01, 2.68604088e+00, 5.70751667e+00,
       6.31031990e-01, 8.23360443e+00, 8.51108551e-01, 7.40531921e-01,
       1.14085197e+00, 2.26268768e-01, 5.85174561e-02, 1.89868164e+00,
       2.01192093e+00, 3.44799042e-01, 4.73088264e-01, 7.54053116e-01,
       1.47878265e+00, 7.49658585e-01, 6.14251137e-01, 4.63161469e-01,
       2.90138245e+00, 2.86605835e-01, 1.19694679e+02, 4.72869873e-01,
       6.16516113e-01, 1.01254654e+00, 2.99995422e-01, 4.82730865e-01,
       2.93807983e+00, 4.32750702e-01, 4.30999756e-01, 4.46678162e-01,
       1.25917244e+00, 5.65269470e-01, 2.81065631e+00, 2.22971916e-01],
      dtype=float32), 'mean_td_error': np.float64(3.3111982345581055)}}, 'num_env_steps_sampled': 20000, 'num_env_steps_trained': 4736000, 'num_agent_steps_sampled': 20000, 'num_agent_steps_trained': 4736000, 'last_target_update_ts': 20000, 'num_target_updates': 18500}, 'env_runners': {'episode_reward_max': np.float64(119.44549326981222), 'episode_reward_min': np.float64(-208.98658198622962), 'episode_reward_mean': np.float64(0.9751222861439252), 'episode_len_mean': np.float64(50.71), 'episode_media': {}, 'episodes_timesteps_total': 5071, 'policy_reward_min': {'default_policy': np.float64(-208.98658198622962)}, 'policy_reward_max': {'default_policy': np.float64(119.44549326981222)}, 'policy_reward_mean': {'default_policy': np.float64(0.9751222861439252)}, 'custom_metrics': {}, 'hist_stats': {'episode_reward': [np.float64(-131.46252493133665), np.float64(46.37764522233885), np.float64(88.61434388837273), np.float64(75.83081994620143), np.float64(67.14530995100134), np.float64(68.85941799108505), np.float64(31.988469179088163), np.float64(-160.0983409591538), np.float64(-159.1249383142461), np.float64(-99.07296780697688), np.float64(10.172449732476114), np.float64(-208.98658198622962), np.float64(39.4248187388471), np.float64(-99.285307165589), np.float64(105.14406553877495), np.float64(26.025458133872228), np.float64(-187.31608998789818), np.float64(-169.78014363865572), np.float64(36.651634548990806), np.float64(50.24986941109969), np.float64(-1.2474468708798077), np.float64(85.43032490563662), np.float64(15.45823780923405), np.float64(-101.14669028130794), np.float64(54.281229386312695), np.float64(79.27653931824605), np.float64(50.880493221696035), np.float64(82.89053411590668), np.float64(42.91946236498149), np.float64(67.70791929365754), np.float64(119.44549326981222), np.float64(11.069503698194064), np.float64(45.23271276959331), np.float64(59.86720197382249), np.float64(79.59781126617828), np.float64(65.55018301953284), np.float64(-159.6791237492031), np.float64(-98.50653373660666), np.float64(-159.41736123301058), np.float64(113.83591004794899), np.float64(-158.1985447213739), np.float64(72.96777120628977), np.float64(28.266088821067545), np.float64(109.97867610833457), np.float64(28.960295431020178), np.float64(-173.8196081717012), np.float64(55.88943628322926), np.float64(-34.6984015716776), np.float64(109.76143683828693), np.float64(-145.18191753615275), np.float64(77.39349427330758), np.float64(105.49139106063292), np.float64(71.58339373148034), np.float64(-93.90895068587871), np.float64(36.802004779175505), np.float64(-187.84183119815958), np.float64(35.7448855235751), np.float64(79.26592422151536), np.float64(-12.542947676706335), np.float64(-110.05112340322857), np.float64(-145.13669223160588), np.float64(-170.47469693608238), np.float64(-200.44326415895839), np.float64(-68.83848210236795), np.float64(26.21465379794703), np.float64(98.88262103118836), np.float64(-144.6564914952062), np.float64(103.87412893735987), np.float64(81.72786304933013), np.float64(67.43165481712235), np.float64(-2.461631429050638), np.float64(97.57605849163951), np.float64(81.44285211284242), np.float64(58.22939043159495), np.float64(24.86906915158211), np.float64(35.40346792377887), np.float64(-183.55419199087075), np.float64(96.52028729540199), np.float64(-168.0070715729628), np.float64(57.9464095138393), np.float64(84.57986861073131), np.float64(35.17842239159409), np.float64(66.6487848569319), np.float64(67.93976114115273), np.float64(52.339149435747444), np.float64(-201.46060497005877), np.float64(28.256497531378074), np.float64(-142.1050413901847), np.float64(117.89665854810802), np.float64(-3.9192793479813695), np.float64(72.00904290852249), np.float64(63.24703212948984), np.float64(16.41362102671365), np.float64(-5.289430277576618), np.float64(85.82687430085575), np.float64(42.8196395572884), np.float64(38.920190404627554), np.float64(36.077188276169146), np.float64(46.15700918584961), np.float64(68.76562826366785)], 'episode_lengths': [39, 41, 43, 49, 39, 44, 49, 41, 30, 49, 43, 49, 54, 42, 49, 50, 50, 40, 42, 42, 51, 50, 42, 40, 41, 40, 41, 41, 50, 43, 42, 49, 52, 41, 49, 48, 49, 46, 28, 41, 44, 48, 40, 40, 51, 51, 50, 93, 41, 47, 44, 50, 52, 47, 43, 53, 45, 49, 53, 53, 45, 53, 64, 103, 58, 55, 46, 42, 55, 44, 55, 42, 58, 50, 49, 55, 125, 45, 56, 58, 57, 45, 61, 48, 56, 66, 60, 134, 47, 57, 44, 63, 44, 46, 56, 57, 57, 45, 49, 58], 'policy_default_policy_reward': [np.float64(-131.46252493133665), np.float64(46.37764522233885), np.float64(88.61434388837273), np.float64(75.83081994620143), np.float64(67.14530995100134), np.float64(68.85941799108505), np.float64(31.988469179088163), np.float64(-160.0983409591538), np.float64(-159.1249383142461), np.float64(-99.07296780697688), np.float64(10.172449732476114), np.float64(-208.98658198622962), np.float64(39.4248187388471), np.float64(-99.285307165589), np.float64(105.14406553877495), np.float64(26.025458133872228), np.float64(-187.31608998789818), np.float64(-169.78014363865572), np.float64(36.651634548990806), np.float64(50.24986941109969), np.float64(-1.2474468708798077), np.float64(85.43032490563662), np.float64(15.45823780923405), np.float64(-101.14669028130794), np.float64(54.281229386312695), np.float64(79.27653931824605), np.float64(50.880493221696035), np.float64(82.89053411590668), np.float64(42.91946236498149), np.float64(67.70791929365754), np.float64(119.44549326981222), np.float64(11.069503698194064), np.float64(45.23271276959331), np.float64(59.86720197382249), np.float64(79.59781126617828), np.float64(65.55018301953284), np.float64(-159.6791237492031), np.float64(-98.50653373660666), np.float64(-159.41736123301058), np.float64(113.83591004794899), np.float64(-158.1985447213739), np.float64(72.96777120628977), np.float64(28.266088821067545), np.float64(109.97867610833457), np.float64(28.960295431020178), np.float64(-173.8196081717012), np.float64(55.88943628322926), np.float64(-34.6984015716776), np.float64(109.76143683828693), np.float64(-145.18191753615275), np.float64(77.39349427330758), np.float64(105.49139106063292), np.float64(71.58339373148034), np.float64(-93.90895068587871), np.float64(36.802004779175505), np.float64(-187.84183119815958), np.float64(35.7448855235751), np.float64(79.26592422151536), np.float64(-12.542947676706335), np.float64(-110.05112340322857), np.float64(-145.13669223160588), np.float64(-170.47469693608238), np.float64(-200.44326415895839), np.float64(-68.83848210236795), np.float64(26.21465379794703), np.float64(98.88262103118836), np.float64(-144.6564914952062), np.float64(103.87412893735987), np.float64(81.72786304933013), np.float64(67.43165481712235), np.float64(-2.461631429050638), np.float64(97.57605849163951), np.float64(81.44285211284242), np.float64(58.22939043159495), np.float64(24.86906915158211), np.float64(35.40346792377887), np.float64(-183.55419199087075), np.float64(96.52028729540199), np.float64(-168.0070715729628), np.float64(57.9464095138393), np.float64(84.57986861073131), np.float64(35.17842239159409), np.float64(66.6487848569319), np.float64(67.93976114115273), np.float64(52.339149435747444), np.float64(-201.46060497005877), np.float64(28.256497531378074), np.float64(-142.1050413901847), np.float64(117.89665854810802), np.float64(-3.9192793479813695), np.float64(72.00904290852249), np.float64(63.24703212948984), np.float64(16.41362102671365), np.float64(-5.289430277576618), np.float64(85.82687430085575), np.float64(42.8196395572884), np.float64(38.920190404627554), np.float64(36.077188276169146), np.float64(46.15700918584961), np.float64(68.76562826366785)]}, 'sampler_perf': {'mean_raw_obs_processing_ms': np.float64(1.233944150939075), 'mean_inference_ms': np.float64(2.5685004188953324), 'mean_action_processing_ms': np.float64(0.09958496582133945), 'mean_env_wait_ms': np.float64(4.6842687994469205), 'mean_env_render_ms': np.float64(0.0)}, 'num_faulty_episodes': 0, 'connector_metrics': {'ObsPreprocessorConnector_ms': np.float64(0.03622603416442871), 'StateBufferConnector_ms': np.float64(0.003565073013305664), 'ViewRequirementAgentConnector_ms': np.float64(0.11638140678405762)}, 'num_episodes': 1, 'episode_return_max': np.float64(119.44549326981222), 'episode_return_min': np.float64(-208.98658198622962), 'episode_return_mean': np.float64(0.9751222861439252), 'episodes_this_iter': 1}, 'num_healthy_workers': 1, 'actor_manager_num_outstanding_async_reqs': 0, 'num_remote_worker_restarts': 0, 'num_agent_steps_sampled': 20000, 'num_agent_steps_trained': 4736000, 'num_env_steps_sampled': 20000, 'num_env_steps_trained': 4736000, 'num_env_steps_sampled_this_iter': 100, 'num_env_steps_trained_this_iter': 25600, 'num_env_steps_sampled_throughput_per_sec': 6.473691583335376, 'num_env_steps_trained_throughput_per_sec': 1657.2650453338563, 'timesteps_total': 20000, 'num_env_steps_sampled_lifetime': 20000, 'num_agent_steps_sampled_lifetime': 20000, 'num_steps_trained_this_iter': 25600, 'agent_timesteps_total': 20000, 'timers': {'training_iteration_time_ms': 14264.867, 'restore_workers_time_ms': 0.007, 'training_step_time_ms': 154.316, 'sample_time_ms': 25.606, 'load_time_ms': 5.078, 'load_throughput': 50417.279, 'learn_time_ms': 27.215, 'learn_throughput': 9406.716, 'synch_weights_time_ms': 8.615}, 'counters': {'num_env_steps_sampled': 20000, 'num_env_steps_trained': 4736000, 'num_agent_steps_sampled': 20000, 'num_agent_steps_trained': 4736000, 'last_target_update_ts': 20000, 'num_target_updates': 18500}, 'done': False, 'training_iteration': 200, 'trial_id': 'default', 'date': '2026-04-24_14-53-33', 'timestamp': 1777017213, 'time_this_iter_s': 15.466262340545654, 'time_total_s': 2522.2285103797913, 'pid': 54804, 'hostname': 'supawich-B760M-Pro-RS-D4', 'node_ip': '192.168.110.31', 'config': {'exploration_config': {'type': 'StochasticSampling'}, 'extra_python_environs_for_driver': {}, 'extra_python_environs_for_worker': {}, 'placement_strategy': 'PACK', 'num_gpus': 1, '_fake_gpus': False, 'num_cpus_for_main_process': 1, 'eager_tracing': True, 'eager_max_retraces': 20, 'tf_session_args': {'intra_op_parallelism_threads': 2, 'inter_op_parallelism_threads': 2, 'gpu_options': {'allow_growth': True}, 'log_device_placement': False, 'device_count': {'CPU': 1}, 'allow_soft_placement': True}, 'local_tf_session_args': {'intra_op_parallelism_threads': 8, 'inter_op_parallelism_threads': 8}, 'torch_compile_learner': False, 'torch_compile_learner_what_to_compile': <TorchCompileWhatToCompile.FORWARD_TRAIN: 'forward_train'>, 'torch_compile_learner_dynamo_backend': 'inductor', 'torch_compile_learner_dynamo_mode': None, 'torch_compile_worker': False, 'torch_compile_worker_dynamo_backend': 'onnxrt', 'torch_compile_worker_dynamo_mode': None, 'torch_ddp_kwargs': {}, 'torch_skip_nan_gradients': False, 'env': 'carla_gt_env', 'env_config': {'host': 'localhost', 'port': 2000}, 'observation_space': None, 'action_space': None, 'clip_rewards': None, 'normalize_actions': True, 'clip_actions': False, '_is_atari': None, 'disable_env_checking': False, 'render_env': False, 'action_mask_key': 'action_mask', 'env_runner_cls': None, 'num_env_runners': 1, 'create_local_env_runner': True, 'num_envs_per_env_runner': 1, 'gym_env_vectorize_mode': 'sync', 'num_cpus_per_env_runner': 1, 'num_gpus_per_env_runner': 0, 'custom_resources_per_env_runner': {}, 'validate_env_runners_after_construction': True, 'episodes_to_numpy': True, 'max_requests_in_flight_per_env_runner': 1, 'sample_timeout_s': 60.0, '_env_to_module_connector': None, 'add_default_connectors_to_env_to_module_pipeline': True, '_module_to_env_connector': None, 'add_default_connectors_to_module_to_env_pipeline': True, 'merge_env_runner_states': 'training_only', 'broadcast_env_runner_states': True, 'episode_lookback_horizon': 1, 'rollout_fragment_length': 'auto', 'batch_mode': 'truncate_episodes', 'compress_observations': False, 'remote_worker_envs': False, 'remote_env_batch_wait_ms': 0, 'enable_tf1_exec_eagerly': False, 'sample_collector': <class 'ray.rllib.evaluation.collectors.simple_list_collector.SimpleListCollector'>, 'preprocessor_pref': 'deepmind', 'observation_filter': 'NoFilter', 'update_worker_filter_stats': True, 'use_worker_filter_stats': True, 'sampler_perf_stats_ema_coef': None, '_is_online': True, 'num_learners': 0, 'num_gpus_per_learner': 0, 'num_cpus_per_learner': 'auto', 'num_aggregator_actors_per_learner': 0, 'max_requests_in_flight_per_aggregator_actor': 3, 'local_gpu_idx': 0, 'max_requests_in_flight_per_learner': 3, 'gamma': 0.99, 'lr': None, 'grad_clip': None, 'grad_clip_by': 'global_norm', '_train_batch_size_per_learner': 256, 'train_batch_size': 256, 'num_epochs': 1, 'minibatch_size': None, 'shuffle_batch_per_epoch': False, 'model': {'fcnet_hiddens': [256, 256], 'fcnet_activation': 'tanh', 'fcnet_weights_initializer': None, 'fcnet_weights_initializer_config': None, 'fcnet_bias_initializer': None, 'fcnet_bias_initializer_config': None, 'conv_filters': None, 'conv_activation': 'relu', 'conv_kernel_initializer': None, 'conv_kernel_initializer_config': None, 'conv_bias_initializer': None, 'conv_bias_initializer_config': None, 'conv_transpose_kernel_initializer': None, 'conv_transpose_kernel_initializer_config': None, 'conv_transpose_bias_initializer': None, 'conv_transpose_bias_initializer_config': None, 'post_fcnet_hiddens': [], 'post_fcnet_activation': 'relu', 'post_fcnet_weights_initializer': None, 'post_fcnet_weights_initializer_config': None, 'post_fcnet_bias_initializer': None, 'post_fcnet_bias_initializer_config': None, 'free_log_std': False, 'log_std_clip_param': 20.0, 'no_final_linear': False, 'vf_share_layers': True, 'use_lstm': False, 'max_seq_len': 20, 'lstm_cell_size': 256, 'lstm_use_prev_action': False, 'lstm_use_prev_reward': False, 'lstm_weights_initializer': None, 'lstm_weights_initializer_config': None, 'lstm_bias_initializer': None, 'lstm_bias_initializer_config': None, '_time_major': False, 'use_attention': False, 'attention_num_transformer_units': 1, 'attention_dim': 64, 'attention_num_heads': 1, 'attention_head_dim': 32, 'attention_memory_inference': 50, 'attention_memory_training': 50, 'attention_position_wise_mlp_dim': 32, 'attention_init_gru_gate_bias': 2.0, 'attention_use_n_prev_actions': 0, 'attention_use_n_prev_rewards': 0, 'framestack': True, 'dim': 84, 'grayscale': False, 'zero_mean': True, 'custom_model': None, 'custom_model_config': {}, 'custom_action_dist': None, 'custom_preprocessor': None, 'encoder_latent_dim': None, 'always_check_shapes': False, 'lstm_use_prev_action_reward': -1, '_use_default_native_models': -1, '_disable_preprocessor_api': False, '_disable_action_flattening': False}, '_learner_connector': None, 'add_default_connectors_to_learner_pipeline': True, 'learner_config_dict': {}, 'optimizer': {}, '_learner_class': None, 'callbacks_on_algorithm_init': None, 'callbacks_on_env_runners_recreated': None, 'callbacks_on_offline_eval_runners_recreated': None, 'callbacks_on_checkpoint_loaded': None, 'callbacks_on_environment_created': None, 'callbacks_on_episode_created': None, 'callbacks_on_episode_start': None, 'callbacks_on_episode_step': None, 'callbacks_on_episode_end': None, 'callbacks_on_evaluate_start': None, 'callbacks_on_evaluate_end': None, 'callbacks_on_evaluate_offline_start': None, 'callbacks_on_evaluate_offline_end': None, 'callbacks_on_sample_end': None, 'callbacks_on_train_result': None, 'explore': True, 'enable_rl_module_and_learner': False, 'enable_env_runner_and_connector_v2': False, '_prior_exploration_config': None, 'count_steps_by': 'env_steps', 'policy_map_capacity': 100, 'policy_mapping_fn': <function AlgorithmConfig.DEFAULT_POLICY_MAPPING_FN at 0x7c3f0e248cc0>, 'policies_to_train': None, 'policy_states_are_swappable': False, 'observation_fn': None, 'offline_data_class': None, 'input_read_method': 'read_parquet', 'input_read_method_kwargs': {}, 'input_read_schema': {}, 'input_read_episodes': False, 'input_read_sample_batches': False, 'input_read_batch_size': None, 'input_filesystem': None, 'input_filesystem_kwargs': {}, 'input_compress_columns': ['obs', 'new_obs'], 'input_spaces_jsonable': True, 'materialize_data': False, 'materialize_mapped_data': True, 'map_batches_kwargs': {}, 'iter_batches_kwargs': {}, 'ignore_final_observation': False, 'prelearner_class': None, 'prelearner_buffer_class': None, 'prelearner_buffer_kwargs': {}, 'prelearner_module_synch_period': 10, 'prelearner_use_recorded_module_states': False, 'dataset_num_iters_per_learner': None, 'input_config': {}, 'actions_in_input_normalized': False, 'postprocess_inputs': False, 'shuffle_buffer_size': 0, 'output': None, 'output_config': {}, 'output_compress_columns': ['obs', 'new_obs'], 'output_max_file_size': 67108864, 'output_max_rows_per_file': None, 'output_write_remaining_data': False, 'output_write_method': 'write_parquet', 'output_write_method_kwargs': {}, 'output_filesystem': None, 'output_filesystem_kwargs': {}, 'output_write_episodes': True, 'offline_sampling': False, 'evaluation_interval': None, 'evaluation_duration': 10, 'evaluation_duration_unit': 'episodes', 'evaluation_sample_timeout_s': 120.0, 'evaluation_auto_duration_min_env_steps_per_sample': 100, 'evaluation_auto_duration_max_env_steps_per_sample': 2000, 'evaluation_parallel_to_training': False, 'evaluation_force_reset_envs_before_iteration': True, 'evaluation_config': None, 'off_policy_estimation_methods': {}, 'ope_split_batch_by_episode': True, 'evaluation_num_env_runners': 0, 'in_evaluation': False, 'sync_filters_on_rollout_workers_timeout_s': 10.0, 'offline_evaluation_interval': None, 'num_offline_eval_runners': 0, 'offline_evaluation_type': 'eval_loss', 'offline_eval_runner_class': None, 'offline_loss_for_module_fn': None, 'offline_evaluation_duration': 1, 'offline_evaluation_parallel_to_training': False, 'offline_evaluation_timeout_s': 120.0, 'num_cpus_per_offline_eval_runner': 1, 'num_gpus_per_offline_eval_runner': 0, 'custom_resources_per_offline_eval_runner': {}, 'restart_failed_offline_eval_runners': True, 'ignore_offline_eval_runner_failures': False, 'max_num_offline_eval_runner_restarts': 1000, 'offline_eval_runner_restore_timeout_s': 1800.0, 'max_requests_in_flight_per_offline_eval_runner': 1, 'validate_offline_eval_runners_after_construction': True, 'offline_eval_runner_health_probe_timeout_s': 30.0, 'offline_eval_rl_module_inference_only': False, 'broadcast_offline_eval_runner_states': False, 'offline_eval_batch_size_per_runner': 256, 'dataset_num_iters_per_eval_runner': 1, 'keep_per_episode_custom_metrics': False, 'metrics_episode_collection_timeout_s': 60.0, 'metrics_num_episodes_for_smoothing': 100, 'min_time_s_per_iteration': 1, 'min_train_timesteps_per_iteration': 0, 'min_sample_timesteps_per_iteration': 100, 'log_gradients': False, 'stats_cls_lookup': {'mean': <class 'ray.rllib.utils.metrics.stats.mean.MeanStats'>, 'ema': <class 'ray.rllib.utils.metrics.stats.ema.EmaStats'>, 'min': <class 'ray.rllib.utils.metrics.stats.min.MinStats'>, 'max': <class 'ray.rllib.utils.metrics.stats.max.MaxStats'>, 'sum': <class 'ray.rllib.utils.metrics.stats.sum.SumStats'>, 'lifetime_sum': <class 'ray.rllib.utils.metrics.stats.lifetime_sum.LifetimeSumStats'>, 'percentiles': <class 'ray.rllib.utils.metrics.stats.percentiles.PercentilesStats'>, 'item': <class 'ray.rllib.utils.metrics.stats.item.ItemStats'>, 'item_series': <class 'ray.rllib.utils.metrics.stats.item_series.ItemSeriesStats'>}, 'export_native_model_files': False, 'checkpoint_trainable_policies_only': False, 'logger_creator': None, 'logger_config': None, 'log_level': 'WARN', 'log_sys_usage': True, 'fake_sampler': False, 'seed': 42, 'restart_failed_env_runners': True, 'ignore_env_runner_failures': True, 'max_num_env_runner_restarts': 1000, 'delay_between_env_runner_restarts_s': 60.0, 'restart_failed_sub_environments': False, 'num_consecutive_env_runner_failures_tolerance': 100, 'env_runner_health_probe_timeout_s': 30.0, 'env_runner_restore_timeout_s': 1800.0, '_model_config': {}, '_rl_module_spec': None, 'algorithm_config_overrides_per_module': {}, '_per_module_overrides': {}, '_validate_config': True, '_use_msgpack_checkpoints': False, '_torch_grad_scaler_class': None, '_torch_lr_scheduler_classes': None, '_tf_policy_handles_more_than_one_loss': False, '_disable_preprocessor_api': False, '_disable_action_flattening': False, '_disable_initialize_loss_from_dummy_batch': False, '_dont_auto_sync_env_runner_states': False, 'env_task_fn': -1, 'enable_connectors': -1, 'simple_optimizer': False, 'policy_map_cache': -1, 'worker_cls': -1, 'synchronize_filters': -1, 'enable_async_evaluation': -1, 'custom_async_evaluation_function': -1, '_enable_rl_module_api': -1, 'auto_wrap_old_gym_envs': -1, 'always_attach_evaluation_results': -1, 'replay_sequence_length': None, '_disable_execution_plan_api': -1, 'twin_q': True, 'q_model_config': {'fcnet_hiddens': [256, 256], 'fcnet_activation': 'relu', 'post_fcnet_hiddens': [], 'post_fcnet_activation': None, 'custom_model': None, 'custom_model_config': {}}, 'policy_model_config': {'fcnet_hiddens': [256, 256], 'fcnet_activation': 'relu', 'post_fcnet_hiddens': [], 'post_fcnet_activation': None, 'custom_model': None, 'custom_model_config': {}}, 'tau': 0.005, 'initial_alpha': 1.0, 'target_entropy': 'auto', 'n_step': 1, 'replay_buffer_config': {'type': 'MultiAgentReplayBuffer', 'capacity': 25000}, 'store_buffer_in_checkpoints': False, 'training_intensity': None, 'optimization': {'actor_learning_rate': 0.0003, 'critic_learning_rate': 0.0003, 'entropy_learning_rate': 0.0003}, 'actor_lr': 0.0003, 'critic_lr': 0.0003, 'alpha_lr': 0.0003, 'target_network_update_freq': 0, 'num_steps_sampled_before_learning_starts': 1500, '_deterministic_loss': False, '_use_beta_distribution': False, 'use_state_preprocessor': -1, 'worker_side_prioritization': -1, 'class': <class 'ray.rllib.algorithms.sac.sac.SACConfig'>, 'input': 'sampler', 'policies': {'default_policy': (None, None, None, None)}, 'callbacks': <class 'ray.rllib.callbacks.callbacks.RLlibCallback'>, 'create_env_on_driver': False, 'custom_eval_function': None, 'framework': 'torch'}, 'time_since_restore': 2522.2285103797913, 'iterations_since_restore': 200, 'perf': {'cpu_util_percent': np.float64(23.37272727272727), 'ram_util_percent': np.float64(62.099999999999994)}})
final checkpoint: TrainingResult(checkpoint=Checkpoint(filesystem=local, path=./checkpoints/gt/final), metrics={'custom_metrics': {}, 'episode_media': {}, 'info': {'learner': {'default_policy': {'custom_metrics': {}, 'learner_stats': {'actor_loss': np.float64(52.37782287597656), 'critic_loss': np.float64(2.920304298400879), 'alpha_loss': np.float64(-0.170624777674675), 'alpha_value': np.float32(0.044955283), 'log_alpha_value': np.float32(-3.102087), 'target_entropy': np.float32(-3.0), 'policy_t': np.float64(0.23676049709320068), 'mean_q': np.float64(-51.92281723022461), 'max_q': np.float64(0.722264289855957), 'min_q': np.float64(-210.4879913330078)}, 'model': {}, 'num_grad_updates_lifetime': np.float64(18500.0), 'diff_num_grad_updates_vs_sampler_policy': np.float64(18499.0), 'td_error': array([1.06395721e-01, 6.45126343e-01, 7.86338806e-01, 1.39336467e+00,
       2.34050941e+00, 1.13475800e-01, 1.22718811e-01, 1.65421677e+00,
       7.31981277e-01, 2.16921616e+00, 7.97325134e-01, 5.17647743e-01,
       1.19662094e+00, 3.23464584e+00, 1.62888336e+00, 6.32974625e-01,
       2.89027882e+00, 1.71035194e+00, 1.64749050e+00, 2.97481537e-01,
       1.10415339e+00, 1.65151501e+00, 6.95236206e-01, 1.03731441e+00,
       1.18352318e+00, 6.12361908e-01, 6.53200150e-01, 4.51868534e-01,
       2.19753075e+00, 1.40461349e+00, 1.06045628e+00, 5.13774872e-01,
       4.13742065e-01, 1.91985321e+00, 5.75351715e-02, 2.00683594e-01,
       1.58701110e+00, 1.77694988e+00, 9.80186462e+00, 5.32769203e-01,
       2.71401024e+00, 1.80488586e-01, 4.36635494e-01, 2.53027344e+00,
       1.25229263e+00, 1.03466034e-01, 5.05861378e+00, 6.08934879e-01,
       2.57888794e-01, 7.91694403e-01, 2.82487059e+00, 7.76615143e-01,
       1.01905060e+00, 1.17317200e-01, 4.86396790e-01, 3.29506063e+00,
       1.62745804e+02, 6.21528625e-02, 4.32876587e-01, 2.12885571e+00,
       8.02549362e-01, 1.06126404e+00, 9.97036934e-01, 3.89112473e-01,
       5.76944351e-01, 6.59536362e-01, 1.10885239e+00, 1.34067464e+00,
       4.97119904e-01, 6.62845612e-01, 2.46738434e-01, 1.20363426e+00,
       1.32466125e+00, 7.53005981e-01, 2.78123856e+00, 1.90738678e-01,
       2.01591492e-01, 2.12260246e-01, 8.50355053e+00, 7.05230713e-01,
       2.91671753e-01, 9.91071701e-01, 9.57677841e-01, 4.83398438e-01,
       9.56046104e-01, 1.59534454e-01, 1.83978653e+00, 2.02304840e-01,
       5.37681580e-01, 6.69528961e-01, 1.54747200e+00, 2.17866135e+00,
       4.54730988e-01, 5.43266487e+00, 8.24882507e-01, 1.43402100e-01,
       2.14170456e-01, 1.35252619e+00, 1.18535233e+00, 3.48636627e-01,
       7.22515106e-01, 8.65013123e-01, 2.73847961e+00, 7.85747528e-01,
       6.35718727e+00, 1.90757370e+00, 1.09733582e+00, 1.74672127e+00,
       5.50396919e-01, 2.35073471e+00, 1.55801773e-02, 7.48872757e-01,
       4.45259094e-01, 1.20212173e+00, 2.38899231e-01, 7.46555328e-01,
       7.32777252e+01, 9.19785500e-01, 6.67789459e-01, 9.24564362e-01,
       1.16296005e+00, 2.52540588e-01, 1.10730743e+00, 3.04000854e-01,
       1.27286148e+00, 2.33750463e-01, 1.07278442e+00, 7.72369385e-01,
       3.01012993e-01, 1.11235237e+00, 4.76856232e-01, 1.00077118e+02,
       3.68831635e-01, 6.38648033e-01, 1.78928566e+00, 1.30796528e+00,
       2.29288292e+00, 2.97536755e+00, 9.93213654e-01, 4.99675751e+00,
       9.40198898e-01, 9.75818634e-01, 8.79617691e-01, 8.85349274e-01,
       6.49047852e-01, 1.48979187e-01, 6.32586575e+00, 3.03003311e-01,
       1.49880695e+00, 1.03811169e+00, 3.64078712e+00, 3.71921539e-01,
       1.05881071e+00, 3.32550049e+00, 7.82974243e-01, 1.58502674e+00,
       1.08755970e+00, 4.94112968e-01, 1.30069160e+00, 3.83193970e-01,
       2.02811527e+00, 1.76756287e+00, 2.16745377e+00, 2.28601818e+01,
       2.49237823e+00, 5.48665524e-01, 1.36511898e+00, 5.51516533e-01,
       2.31220245e-01, 1.55363083e-01, 1.88843155e+00, 1.35310364e+00,
       6.25632858e+00, 9.34673309e-01, 9.26658440e+00, 1.72266579e+00,
       1.32591248e-01, 2.30922699e-01, 5.47592163e-01, 4.15621758e-01,
       7.19974518e-01, 7.50808716e-02, 2.96756744e-01, 3.40688610e+00,
       7.70418167e-01, 2.32798290e+00, 5.76038361e-01, 7.55245209e-01,
       2.90944099e-01, 2.55092621e-01, 3.74102592e-01, 1.30262375e+00,
       9.83375549e-01, 5.77318382e+00, 5.47500229e+00, 2.66841888e-01,
       1.51508331e+00, 6.92782402e-01, 1.05519485e+00, 3.86634827e-01,
       2.64255524e-01, 1.16837788e+00, 3.53351593e-01, 2.21768856e+00,
       1.15000725e+00, 6.32599640e+00, 1.51178551e+00, 7.76462555e-01,
       6.38137817e-01, 4.89540100e-01, 4.49268341e-01, 1.23152161e+00,
       4.11905289e-01, 3.93166771e+01, 2.38632202e-01, 1.54876685e+00,
       6.86083794e-01, 3.96160126e-01, 3.28079414e+00, 3.60408783e-01,
       4.43271637e-01, 4.75317955e-01, 2.68604088e+00, 5.70751667e+00,
       6.31031990e-01, 8.23360443e+00, 8.51108551e-01, 7.40531921e-01,
       1.14085197e+00, 2.26268768e-01, 5.85174561e-02, 1.89868164e+00,
       2.01192093e+00, 3.44799042e-01, 4.73088264e-01, 7.54053116e-01,
       1.47878265e+00, 7.49658585e-01, 6.14251137e-01, 4.63161469e-01,
       2.90138245e+00, 2.86605835e-01, 1.19694679e+02, 4.72869873e-01,
       6.16516113e-01, 1.01254654e+00, 2.99995422e-01, 4.82730865e-01,
       2.93807983e+00, 4.32750702e-01, 4.30999756e-01, 4.46678162e-01,
       1.25917244e+00, 5.65269470e-01, 2.81065631e+00, 2.22971916e-01],
      dtype=float32), 'mean_td_error': np.float64(3.3111982345581055)}}, 'num_env_steps_sampled': 20000, 'num_env_steps_trained': 4736000, 'num_agent_steps_sampled': 20000, 'num_agent_steps_trained': 4736000, 'last_target_update_ts': 20000, 'num_target_updates': 18500}, 'env_runners': {'episode_reward_max': np.float64(119.44549326981222), 'episode_reward_min': np.float64(-208.98658198622962), 'episode_reward_mean': np.float64(0.9751222861439252), 'episode_len_mean': np.float64(50.71), 'episode_media': {}, 'episodes_timesteps_total': 5071, 'policy_reward_min': {'default_policy': np.float64(-208.98658198622962)}, 'policy_reward_max': {'default_policy': np.float64(119.44549326981222)}, 'policy_reward_mean': {'default_policy': np.float64(0.9751222861439252)}, 'custom_metrics': {}, 'hist_stats': {'episode_reward': [np.float64(-131.46252493133665), np.float64(46.37764522233885), np.float64(88.61434388837273), np.float64(75.83081994620143), np.float64(67.14530995100134), np.float64(68.85941799108505), np.float64(31.988469179088163), np.float64(-160.0983409591538), np.float64(-159.1249383142461), np.float64(-99.07296780697688), np.float64(10.172449732476114), np.float64(-208.98658198622962), np.float64(39.4248187388471), np.float64(-99.285307165589), np.float64(105.14406553877495), np.float64(26.025458133872228), np.float64(-187.31608998789818), np.float64(-169.78014363865572), np.float64(36.651634548990806), np.float64(50.24986941109969), np.float64(-1.2474468708798077), np.float64(85.43032490563662), np.float64(15.45823780923405), np.float64(-101.14669028130794), np.float64(54.281229386312695), np.float64(79.27653931824605), np.float64(50.880493221696035), np.float64(82.89053411590668), np.float64(42.91946236498149), np.float64(67.70791929365754), np.float64(119.44549326981222), np.float64(11.069503698194064), np.float64(45.23271276959331), np.float64(59.86720197382249), np.float64(79.59781126617828), np.float64(65.55018301953284), np.float64(-159.6791237492031), np.float64(-98.50653373660666), np.float64(-159.41736123301058), np.float64(113.83591004794899), np.float64(-158.1985447213739), np.float64(72.96777120628977), np.float64(28.266088821067545), np.float64(109.97867610833457), np.float64(28.960295431020178), np.float64(-173.8196081717012), np.float64(55.88943628322926), np.float64(-34.6984015716776), np.float64(109.76143683828693), np.float64(-145.18191753615275), np.float64(77.39349427330758), np.float64(105.49139106063292), np.float64(71.58339373148034), np.float64(-93.90895068587871), np.float64(36.802004779175505), np.float64(-187.84183119815958), np.float64(35.7448855235751), np.float64(79.26592422151536), np.float64(-12.542947676706335), np.float64(-110.05112340322857), np.float64(-145.13669223160588), np.float64(-170.47469693608238), np.float64(-200.44326415895839), np.float64(-68.83848210236795), np.float64(26.21465379794703), np.float64(98.88262103118836), np.float64(-144.6564914952062), np.float64(103.87412893735987), np.float64(81.72786304933013), np.float64(67.43165481712235), np.float64(-2.461631429050638), np.float64(97.57605849163951), np.float64(81.44285211284242), np.float64(58.22939043159495), np.float64(24.86906915158211), np.float64(35.40346792377887), np.float64(-183.55419199087075), np.float64(96.52028729540199), np.float64(-168.0070715729628), np.float64(57.9464095138393), np.float64(84.57986861073131), np.float64(35.17842239159409), np.float64(66.6487848569319), np.float64(67.93976114115273), np.float64(52.339149435747444), np.float64(-201.46060497005877), np.float64(28.256497531378074), np.float64(-142.1050413901847), np.float64(117.89665854810802), np.float64(-3.9192793479813695), np.float64(72.00904290852249), np.float64(63.24703212948984), np.float64(16.41362102671365), np.float64(-5.289430277576618), np.float64(85.82687430085575), np.float64(42.8196395572884), np.float64(38.920190404627554), np.float64(36.077188276169146), np.float64(46.15700918584961), np.float64(68.76562826366785)], 'episode_lengths': [39, 41, 43, 49, 39, 44, 49, 41, 30, 49, 43, 49, 54, 42, 49, 50, 50, 40, 42, 42, 51, 50, 42, 40, 41, 40, 41, 41, 50, 43, 42, 49, 52, 41, 49, 48, 49, 46, 28, 41, 44, 48, 40, 40, 51, 51, 50, 93, 41, 47, 44, 50, 52, 47, 43, 53, 45, 49, 53, 53, 45, 53, 64, 103, 58, 55, 46, 42, 55, 44, 55, 42, 58, 50, 49, 55, 125, 45, 56, 58, 57, 45, 61, 48, 56, 66, 60, 134, 47, 57, 44, 63, 44, 46, 56, 57, 57, 45, 49, 58], 'policy_default_policy_reward': [np.float64(-131.46252493133665), np.float64(46.37764522233885), np.float64(88.61434388837273), np.float64(75.83081994620143), np.float64(67.14530995100134), np.float64(68.85941799108505), np.float64(31.988469179088163), np.float64(-160.0983409591538), np.float64(-159.1249383142461), np.float64(-99.07296780697688), np.float64(10.172449732476114), np.float64(-208.98658198622962), np.float64(39.4248187388471), np.float64(-99.285307165589), np.float64(105.14406553877495), np.float64(26.025458133872228), np.float64(-187.31608998789818), np.float64(-169.78014363865572), np.float64(36.651634548990806), np.float64(50.24986941109969), np.float64(-1.2474468708798077), np.float64(85.43032490563662), np.float64(15.45823780923405), np.float64(-101.14669028130794), np.float64(54.281229386312695), np.float64(79.27653931824605), np.float64(50.880493221696035), np.float64(82.89053411590668), np.float64(42.91946236498149), np.float64(67.70791929365754), np.float64(119.44549326981222), np.float64(11.069503698194064), np.float64(45.23271276959331), np.float64(59.86720197382249), np.float64(79.59781126617828), np.float64(65.55018301953284), np.float64(-159.6791237492031), np.float64(-98.50653373660666), np.float64(-159.41736123301058), np.float64(113.83591004794899), np.float64(-158.1985447213739), np.float64(72.96777120628977), np.float64(28.266088821067545), np.float64(109.97867610833457), np.float64(28.960295431020178), np.float64(-173.8196081717012), np.float64(55.88943628322926), np.float64(-34.6984015716776), np.float64(109.76143683828693), np.float64(-145.18191753615275), np.float64(77.39349427330758), np.float64(105.49139106063292), np.float64(71.58339373148034), np.float64(-93.90895068587871), np.float64(36.802004779175505), np.float64(-187.84183119815958), np.float64(35.7448855235751), np.float64(79.26592422151536), np.float64(-12.542947676706335), np.float64(-110.05112340322857), np.float64(-145.13669223160588), np.float64(-170.47469693608238), np.float64(-200.44326415895839), np.float64(-68.83848210236795), np.float64(26.21465379794703), np.float64(98.88262103118836), np.float64(-144.6564914952062), np.float64(103.87412893735987), np.float64(81.72786304933013), np.float64(67.43165481712235), np.float64(-2.461631429050638), np.float64(97.57605849163951), np.float64(81.44285211284242), np.float64(58.22939043159495), np.float64(24.86906915158211), np.float64(35.40346792377887), np.float64(-183.55419199087075), np.float64(96.52028729540199), np.float64(-168.0070715729628), np.float64(57.9464095138393), np.float64(84.57986861073131), np.float64(35.17842239159409), np.float64(66.6487848569319), np.float64(67.93976114115273), np.float64(52.339149435747444), np.float64(-201.46060497005877), np.float64(28.256497531378074), np.float64(-142.1050413901847), np.float64(117.89665854810802), np.float64(-3.9192793479813695), np.float64(72.00904290852249), np.float64(63.24703212948984), np.float64(16.41362102671365), np.float64(-5.289430277576618), np.float64(85.82687430085575), np.float64(42.8196395572884), np.float64(38.920190404627554), np.float64(36.077188276169146), np.float64(46.15700918584961), np.float64(68.76562826366785)]}, 'sampler_perf': {'mean_raw_obs_processing_ms': np.float64(1.233944150939075), 'mean_inference_ms': np.float64(2.5685004188953324), 'mean_action_processing_ms': np.float64(0.09958496582133945), 'mean_env_wait_ms': np.float64(4.6842687994469205), 'mean_env_render_ms': np.float64(0.0)}, 'num_faulty_episodes': 0, 'connector_metrics': {'ObsPreprocessorConnector_ms': np.float64(0.03622603416442871), 'StateBufferConnector_ms': np.float64(0.003565073013305664), 'ViewRequirementAgentConnector_ms': np.float64(0.11638140678405762)}, 'num_episodes': 1, 'episode_return_max': np.float64(119.44549326981222), 'episode_return_min': np.float64(-208.98658198622962), 'episode_return_mean': np.float64(0.9751222861439252), 'episodes_this_iter': 1}, 'num_healthy_workers': 1, 'actor_manager_num_outstanding_async_reqs': 0, 'num_remote_worker_restarts': 0, 'num_agent_steps_sampled': 20000, 'num_agent_steps_trained': 4736000, 'num_env_steps_sampled': 20000, 'num_env_steps_trained': 4736000, 'num_env_steps_sampled_this_iter': 100, 'num_env_steps_trained_this_iter': 25600, 'num_env_steps_sampled_throughput_per_sec': 6.473691583335376, 'num_env_steps_trained_throughput_per_sec': 1657.2650453338563, 'timesteps_total': 20000, 'num_env_steps_sampled_lifetime': 20000, 'num_agent_steps_sampled_lifetime': 20000, 'num_steps_trained_this_iter': 25600, 'agent_timesteps_total': 20000, 'timers': {'training_iteration_time_ms': 14264.867, 'restore_workers_time_ms': 0.007, 'training_step_time_ms': 154.316, 'sample_time_ms': 25.606, 'load_time_ms': 5.078, 'load_throughput': 50417.279, 'learn_time_ms': 27.215, 'learn_throughput': 9406.716, 'synch_weights_time_ms': 8.615}, 'counters': {'num_env_steps_sampled': 20000, 'num_env_steps_trained': 4736000, 'num_agent_steps_sampled': 20000, 'num_agent_steps_trained': 4736000, 'last_target_update_ts': 20000, 'num_target_updates': 18500}, 'done': False, 'training_iteration': 200, 'trial_id': 'default', 'date': '2026-04-24_14-53-33', 'timestamp': 1777017213, 'time_this_iter_s': 15.466262340545654, 'time_total_s': 2522.2285103797913, 'pid': 54804, 'hostname': 'supawich-B760M-Pro-RS-D4', 'node_ip': '192.168.110.31', 'config': {'exploration_config': {'type': 'StochasticSampling'}, 'extra_python_environs_for_driver': {}, 'extra_python_environs_for_worker': {}, 'placement_strategy': 'PACK', 'num_gpus': 1, '_fake_gpus': False, 'num_cpus_for_main_process': 1, 'eager_tracing': True, 'eager_max_retraces': 20, 'tf_session_args': {'intra_op_parallelism_threads': 2, 'inter_op_parallelism_threads': 2, 'gpu_options': {'allow_growth': True}, 'log_device_placement': False, 'device_count': {'CPU': 1}, 'allow_soft_placement': True}, 'local_tf_session_args': {'intra_op_parallelism_threads': 8, 'inter_op_parallelism_threads': 8}, 'torch_compile_learner': False, 'torch_compile_learner_what_to_compile': <TorchCompileWhatToCompile.FORWARD_TRAIN: 'forward_train'>, 'torch_compile_learner_dynamo_backend': 'inductor', 'torch_compile_learner_dynamo_mode': None, 'torch_compile_worker': False, 'torch_compile_worker_dynamo_backend': 'onnxrt', 'torch_compile_worker_dynamo_mode': None, 'torch_ddp_kwargs': {}, 'torch_skip_nan_gradients': False, 'env': 'carla_gt_env', 'env_config': {'host': 'localhost', 'port': 2000}, 'observation_space': None, 'action_space': None, 'clip_rewards': None, 'normalize_actions': True, 'clip_actions': False, '_is_atari': None, 'disable_env_checking': False, 'render_env': False, 'action_mask_key': 'action_mask', 'env_runner_cls': None, 'num_env_runners': 1, 'create_local_env_runner': True, 'num_envs_per_env_runner': 1, 'gym_env_vectorize_mode': 'sync', 'num_cpus_per_env_runner': 1, 'num_gpus_per_env_runner': 0, 'custom_resources_per_env_runner': {}, 'validate_env_runners_after_construction': True, 'episodes_to_numpy': True, 'max_requests_in_flight_per_env_runner': 1, 'sample_timeout_s': 60.0, '_env_to_module_connector': None, 'add_default_connectors_to_env_to_module_pipeline': True, '_module_to_env_connector': None, 'add_default_connectors_to_module_to_env_pipeline': True, 'merge_env_runner_states': 'training_only', 'broadcast_env_runner_states': True, 'episode_lookback_horizon': 1, 'rollout_fragment_length': 'auto', 'batch_mode': 'truncate_episodes', 'compress_observations': False, 'remote_worker_envs': False, 'remote_env_batch_wait_ms': 0, 'enable_tf1_exec_eagerly': False, 'sample_collector': <class 'ray.rllib.evaluation.collectors.simple_list_collector.SimpleListCollector'>, 'preprocessor_pref': 'deepmind', 'observation_filter': 'NoFilter', 'update_worker_filter_stats': True, 'use_worker_filter_stats': True, 'sampler_perf_stats_ema_coef': None, '_is_online': True, 'num_learners': 0, 'num_gpus_per_learner': 0, 'num_cpus_per_learner': 'auto', 'num_aggregator_actors_per_learner': 0, 'max_requests_in_flight_per_aggregator_actor': 3, 'local_gpu_idx': 0, 'max_requests_in_flight_per_learner': 3, 'gamma': 0.99, 'lr': None, 'grad_clip': None, 'grad_clip_by': 'global_norm', '_train_batch_size_per_learner': 256, 'train_batch_size': 256, 'num_epochs': 1, 'minibatch_size': None, 'shuffle_batch_per_epoch': False, 'model': {'fcnet_hiddens': [256, 256], 'fcnet_activation': 'tanh', 'fcnet_weights_initializer': None, 'fcnet_weights_initializer_config': None, 'fcnet_bias_initializer': None, 'fcnet_bias_initializer_config': None, 'conv_filters': None, 'conv_activation': 'relu', 'conv_kernel_initializer': None, 'conv_kernel_initializer_config': None, 'conv_bias_initializer': None, 'conv_bias_initializer_config': None, 'conv_transpose_kernel_initializer': None, 'conv_transpose_kernel_initializer_config': None, 'conv_transpose_bias_initializer': None, 'conv_transpose_bias_initializer_config': None, 'post_fcnet_hiddens': [], 'post_fcnet_activation': 'relu', 'post_fcnet_weights_initializer': None, 'post_fcnet_weights_initializer_config': None, 'post_fcnet_bias_initializer': None, 'post_fcnet_bias_initializer_config': None, 'free_log_std': False, 'log_std_clip_param': 20.0, 'no_final_linear': False, 'vf_share_layers': True, 'use_lstm': False, 'max_seq_len': 20, 'lstm_cell_size': 256, 'lstm_use_prev_action': False, 'lstm_use_prev_reward': False, 'lstm_weights_initializer': None, 'lstm_weights_initializer_config': None, 'lstm_bias_initializer': None, 'lstm_bias_initializer_config': None, '_time_major': False, 'use_attention': False, 'attention_num_transformer_units': 1, 'attention_dim': 64, 'attention_num_heads': 1, 'attention_head_dim': 32, 'attention_memory_inference': 50, 'attention_memory_training': 50, 'attention_position_wise_mlp_dim': 32, 'attention_init_gru_gate_bias': 2.0, 'attention_use_n_prev_actions': 0, 'attention_use_n_prev_rewards': 0, 'framestack': True, 'dim': 84, 'grayscale': False, 'zero_mean': True, 'custom_model': None, 'custom_model_config': {}, 'custom_action_dist': None, 'custom_preprocessor': None, 'encoder_latent_dim': None, 'always_check_shapes': False, 'lstm_use_prev_action_reward': -1, '_use_default_native_models': -1, '_disable_preprocessor_api': False, '_disable_action_flattening': False}, '_learner_connector': None, 'add_default_connectors_to_learner_pipeline': True, 'learner_config_dict': {}, 'optimizer': {}, '_learner_class': None, 'callbacks_on_algorithm_init': None, 'callbacks_on_env_runners_recreated': None, 'callbacks_on_offline_eval_runners_recreated': None, 'callbacks_on_checkpoint_loaded': None, 'callbacks_on_environment_created': None, 'callbacks_on_episode_created': None, 'callbacks_on_episode_start': None, 'callbacks_on_episode_step': None, 'callbacks_on_episode_end': None, 'callbacks_on_evaluate_start': None, 'callbacks_on_evaluate_end': None, 'callbacks_on_evaluate_offline_start': None, 'callbacks_on_evaluate_offline_end': None, 'callbacks_on_sample_end': None, 'callbacks_on_train_result': None, 'explore': True, 'enable_rl_module_and_learner': False, 'enable_env_runner_and_connector_v2': False, '_prior_exploration_config': None, 'count_steps_by': 'env_steps', 'policy_map_capacity': 100, 'policy_mapping_fn': <function AlgorithmConfig.DEFAULT_POLICY_MAPPING_FN at 0x7c3f0e248cc0>, 'policies_to_train': None, 'policy_states_are_swappable': False, 'observation_fn': None, 'offline_data_class': None, 'input_read_method': 'read_parquet', 'input_read_method_kwargs': {}, 'input_read_schema': {}, 'input_read_episodes': False, 'input_read_sample_batches': False, 'input_read_batch_size': None, 'input_filesystem': None, 'input_filesystem_kwargs': {}, 'input_compress_columns': ['obs', 'new_obs'], 'input_spaces_jsonable': True, 'materialize_data': False, 'materialize_mapped_data': True, 'map_batches_kwargs': {}, 'iter_batches_kwargs': {}, 'ignore_final_observation': False, 'prelearner_class': None, 'prelearner_buffer_class': None, 'prelearner_buffer_kwargs': {}, 'prelearner_module_synch_period': 10, 'prelearner_use_recorded_module_states': False, 'dataset_num_iters_per_learner': None, 'input_config': {}, 'actions_in_input_normalized': False, 'postprocess_inputs': False, 'shuffle_buffer_size': 0, 'output': None, 'output_config': {}, 'output_compress_columns': ['obs', 'new_obs'], 'output_max_file_size': 67108864, 'output_max_rows_per_file': None, 'output_write_remaining_data': False, 'output_write_method': 'write_parquet', 'output_write_method_kwargs': {}, 'output_filesystem': None, 'output_filesystem_kwargs': {}, 'output_write_episodes': True, 'offline_sampling': False, 'evaluation_interval': None, 'evaluation_duration': 10, 'evaluation_duration_unit': 'episodes', 'evaluation_sample_timeout_s': 120.0, 'evaluation_auto_duration_min_env_steps_per_sample': 100, 'evaluation_auto_duration_max_env_steps_per_sample': 2000, 'evaluation_parallel_to_training': False, 'evaluation_force_reset_envs_before_iteration': True, 'evaluation_config': None, 'off_policy_estimation_methods': {}, 'ope_split_batch_by_episode': True, 'evaluation_num_env_runners': 0, 'in_evaluation': False, 'sync_filters_on_rollout_workers_timeout_s': 10.0, 'offline_evaluation_interval': None, 'num_offline_eval_runners': 0, 'offline_evaluation_type': 'eval_loss', 'offline_eval_runner_class': None, 'offline_loss_for_module_fn': None, 'offline_evaluation_duration': 1, 'offline_evaluation_parallel_to_training': False, 'offline_evaluation_timeout_s': 120.0, 'num_cpus_per_offline_eval_runner': 1, 'num_gpus_per_offline_eval_runner': 0, 'custom_resources_per_offline_eval_runner': {}, 'restart_failed_offline_eval_runners': True, 'ignore_offline_eval_runner_failures': False, 'max_num_offline_eval_runner_restarts': 1000, 'offline_eval_runner_restore_timeout_s': 1800.0, 'max_requests_in_flight_per_offline_eval_runner': 1, 'validate_offline_eval_runners_after_construction': True, 'offline_eval_runner_health_probe_timeout_s': 30.0, 'offline_eval_rl_module_inference_only': False, 'broadcast_offline_eval_runner_states': False, 'offline_eval_batch_size_per_runner': 256, 'dataset_num_iters_per_eval_runner': 1, 'keep_per_episode_custom_metrics': False, 'metrics_episode_collection_timeout_s': 60.0, 'metrics_num_episodes_for_smoothing': 100, 'min_time_s_per_iteration': 1, 'min_train_timesteps_per_iteration': 0, 'min_sample_timesteps_per_iteration': 100, 'log_gradients': False, 'stats_cls_lookup': {'mean': <class 'ray.rllib.utils.metrics.stats.mean.MeanStats'>, 'ema': <class 'ray.rllib.utils.metrics.stats.ema.EmaStats'>, 'min': <class 'ray.rllib.utils.metrics.stats.min.MinStats'>, 'max': <class 'ray.rllib.utils.metrics.stats.max.MaxStats'>, 'sum': <class 'ray.rllib.utils.metrics.stats.sum.SumStats'>, 'lifetime_sum': <class 'ray.rllib.utils.metrics.stats.lifetime_sum.LifetimeSumStats'>, 'percentiles': <class 'ray.rllib.utils.metrics.stats.percentiles.PercentilesStats'>, 'item': <class 'ray.rllib.utils.metrics.stats.item.ItemStats'>, 'item_series': <class 'ray.rllib.utils.metrics.stats.item_series.ItemSeriesStats'>}, 'export_native_model_files': False, 'checkpoint_trainable_policies_only': False, 'logger_creator': None, 'logger_config': None, 'log_level': 'WARN', 'log_sys_usage': True, 'fake_sampler': False, 'seed': 42, 'restart_failed_env_runners': True, 'ignore_env_runner_failures': True, 'max_num_env_runner_restarts': 1000, 'delay_between_env_runner_restarts_s': 60.0, 'restart_failed_sub_environments': False, 'num_consecutive_env_runner_failures_tolerance': 100, 'env_runner_health_probe_timeout_s': 30.0, 'env_runner_restore_timeout_s': 1800.0, '_model_config': {}, '_rl_module_spec': None, 'algorithm_config_overrides_per_module': {}, '_per_module_overrides': {}, '_validate_config': True, '_use_msgpack_checkpoints': False, '_torch_grad_scaler_class': None, '_torch_lr_scheduler_classes': None, '_tf_policy_handles_more_than_one_loss': False, '_disable_preprocessor_api': False, '_disable_action_flattening': False, '_disable_initialize_loss_from_dummy_batch': False, '_dont_auto_sync_env_runner_states': False, 'env_task_fn': -1, 'enable_connectors': -1, 'simple_optimizer': False, 'policy_map_cache': -1, 'worker_cls': -1, 'synchronize_filters': -1, 'enable_async_evaluation': -1, 'custom_async_evaluation_function': -1, '_enable_rl_module_api': -1, 'auto_wrap_old_gym_envs': -1, 'always_attach_evaluation_results': -1, 'replay_sequence_length': None, '_disable_execution_plan_api': -1, 'twin_q': True, 'q_model_config': {'fcnet_hiddens': [256, 256], 'fcnet_activation': 'relu', 'post_fcnet_hiddens': [], 'post_fcnet_activation': None, 'custom_model': None, 'custom_model_config': {}}, 'policy_model_config': {'fcnet_hiddens': [256, 256], 'fcnet_activation': 'relu', 'post_fcnet_hiddens': [], 'post_fcnet_activation': None, 'custom_model': None, 'custom_model_config': {}}, 'tau': 0.005, 'initial_alpha': 1.0, 'target_entropy': 'auto', 'n_step': 1, 'replay_buffer_config': {'type': 'MultiAgentReplayBuffer', 'capacity': 25000}, 'store_buffer_in_checkpoints': False, 'training_intensity': None, 'optimization': {'actor_learning_rate': 0.0003, 'critic_learning_rate': 0.0003, 'entropy_learning_rate': 0.0003}, 'actor_lr': 0.0003, 'critic_lr': 0.0003, 'alpha_lr': 0.0003, 'target_network_update_freq': 0, 'num_steps_sampled_before_learning_starts': 1500, '_deterministic_loss': False, '_use_beta_distribution': False, 'use_state_preprocessor': -1, 'worker_side_prioritization': -1, 'class': <class 'ray.rllib.algorithms.sac.sac.SACConfig'>, 'input': 'sampler', 'policies': {'default_policy': (None, None, None, None)}, 'callbacks': <class 'ray.rllib.callbacks.callbacks.RLlibCallback'>, 'create_env_on_driver': False, 'custom_eval_function': None, 'framework': 'torch'}, 'time_since_restore': 2522.2285103797913, 'iterations_since_restore': 200, 'perf': {'cpu_util_percent': np.float64(23.37272727272727), 'ram_util_percent': np.float64(62.099999999999994)}})
[EpisodeRecorder] finalized artifacts/episodes/ep_00000.mp4 (11502121 bytes, 0 frames)
Environment closed
✅ MLflow run ended
